count,co2_level,temp,humidity,ldr_diff,fan_speed,light_intensity
26,1668,20.8,51.5,3115,1,4
9,846,48.4,52.8,-905,2,0
17,1359,37.7,50.7,-1106,2,1
4,689,37.0,65.1,2154,2,1
17,1469,49.8,65.0,2885,4,3
7,1011,41.0,76.6,1820,2,1
4,998,48.8,80.7,0,3,0
29,2038,15.0,76.7,1225,2,3
8,939,54.7,69.7,139,3,0
3,956,26.5,60.1,2023,1,1
14,1378,29.4,70.0,-763,2,1
3,320,27.6,59.7,494,1,0
9,872,43.1,56.7,154,2,0
27,1865,44.0,70.4,3298,4,4
13,1148,51.3,52.6,-130,2,1
27,2015,35.6,76.4,3229,3,4
14,1141,47.5,56.7,-1710,3,1
21,1399,38.0,70.0,159,3,1
0,200,48.5,55.3,-534,0,0
11,754,35.0,51.7,380,1,0
18,1446,51.6,85.0,1212,4,2
26,1799,30.1,57.9,-166,2,1
28,1925,38.5,74.5,-626,4,2
17,1195,24.7,63.3,-1074,1,1
4,455,24.6,60.3,100,1,0
11,1067,37.4,45.0,-413,1,0
28,2015,36.5,59.2,931,3,2
24,1821,32.6,55.8,-1608,2,2
2,200,41.4,71.6,-791,2,0
28,2001,15.8,57.7,93,1,2
6,808,25.1,73.0,3554,1,2
15,1038,45.1,60.2,-1341,2,1
15,998,19.3,76.4,-1051,2,1
23,2149,45.2,71.5,-1312,4,1
24,1628,21.1,67.9,167,2,1
29,1562,45.3,71.8,45,4,2
12,1071,24.7,60.9,-491,1,0
14,937,33.8,75.8,-380,3,1
9,694,39.4,85.0,-660,3,0
27,2053,42.0,47.8,1819,2,3
7,722,17.8,54.3,2995,0,2
11,843,44.0,75.4,3185,3,3
20,1436,20.9,68.6,-1433,2,1
12,1232,36.3,65.5,-1846,2,1
4,589,48.6,61.1,-481,2,0
6,536,23.9,66.9,-2341,1,0
20,1401,55.0,66.1,-146,4,1
9,779,48.0,67.4,3090,3,2
28,1704,55.0,80.5,145,4,2
14,1116,34.5,75.8,201,2,1
15,1359,36.0,66.3,-1102,1,1
25,1225,37.2,56.3,1127,2,2
30,2181,32.5,60.9,1912,3,4
24,1606,35.9,54.9,2808,2,4
14,1099,25.1,52.6,535,1,1
14,1360,29.3,60.8,1283,2,1
10,851,23.3,65.6,-66,1,1
10,1146,33.1,68.7,-1264,2,0
20,1435,48.5,73.2,27,4,1
6,649,33.4,85.0,1465,2,1
2,447,41.9,64.4,-230,2,0
23,1787,43.9,49.6,1982,3,3
2,362,37.3,76.3,-870,2,0
24,1500,32.0,65.4,520,3,2
27,1813,30.5,67.7,1499,3,3
12,1136,27.3,73.3,256,2,2
17,1224,44.8,85.0,139,4,1
6,716,26.2,59.6,-78,1,0
12,1017,39.9,52.5,327,2,1
25,1731,44.7,65.1,-2398,3,1
9,946,40.5,51.3,297,2,1
21,1407,31.6,64.6,176,2,1
9,1140,27.4,60.1,-853,1,0
27,2072,47.3,54.1,1508,3,3
6,745,45.5,71.5,352,2,0
17,1472,42.1,56.3,873,2,1
2,377,30.0,66.1,2560,1,2
15,1220,45.7,65.2,-1074,3,0
23,1468,36.8,70.9,0,3,1
23,1723,43.9,67.5,280,3,2
16,1555,19.8,65.4,-1954,1,1
3,656,25.6,59.1,902,1,0
27,2007,16.5,70.9,-51,2,1
15,1243,23.0,66.9,2847,1,3
21,1844,38.3,77.2,575,3,1
29,2082,28.3,64.2,2626,3,4
2,597,24.1,62.1,710,1,0
24,1365,31.9,73.1,-2214,3,1
1,953,38.9,69.5,1118,2,1
0,419,35.3,61.6,1228,0,0
29,1836,44.3,69.4,1082,4,3
24,1730,32.0,73.5,418,3,2
17,1560,33.1,54.6,485,2,1
2,569,46.4,57.6,0,2,0
4,730,15.1,70.1,261,0,0
11,1190,41.3,75.0,2690,3,2
8,903,36.0,45.9,420,1,1
6,512,48.9,62.8,500,3,0
26,1834,46.5,64.9,813,4,2
10,1086,23.1,58.9,1734,1,2
4,748,30.0,64.3,-796,1,0
11,929,15.0,73.0,961,1,1
16,1270,46.2,67.8,193,3,1
3,274,44.8,62.7,1645,2,1
7,726,44.6,67.8,-953,2,0
26,2104,20.2,75.8,-727,2,2
6,1122,23.6,71.9,1876,1,1
0,593,36.4,51.6,1408,0,0
7,1022,32.2,62.4,2230,2,2
14,1289,54.7,78.6,2069,4,2
13,1155,28.4,65.7,1537,2,2
12,1355,30.9,72.4,2245,2,2
9,872,32.7,57.6,129,1,0
17,1431,42.6,80.5,159,3,1
27,1895,34.5,59.1,-168,2,2
11,1067,30.6,45.0,1347,1,1
19,1466,45.9,69.7,912,3,1
21,1224,38.6,80.4,72,4,1
25,1479,22.4,68.2,592,2,2
1,802,25.5,45.0,99,0,0
2,744,27.6,66.5,-2186,1,0
8,855,38.7,66.9,-2034,2,0
10,1163,52.6,45.6,53,2,1
1,489,30.3,53.0,595,1,0
27,1822,34.5,78.1,-369,3,2
3,750,44.5,61.6,-890,2,0
1,356,30.6,82.5,43,2,0
10,869,30.0,85.0,2930,2,2
1,200,38.3,53.3,2880,1,2
4,691,26.9,65.6,92,1,0
23,1647,25.6,67.5,-260,2,1
16,1460,33.1,60.8,-1060,2,1
17,1436,45.9,62.1,240,3,1
16,983,25.6,61.3,-954,2,1
29,2127,40.8,54.7,-327,3,2
21,1193,35.1,63.4,1374,2,2
4,544,35.3,82.5,163,2,0
10,857,37.9,49.9,864,1,1
24,1839,33.0,65.1,-2291,3,2
25,1844,52.2,71.5,2559,4,4
20,1593,51.8,59.3,2069,3,3
0,451,43.9,75.7,39,0,0
28,2125,37.3,75.5,-1326,4,2
16,1350,33.3,59.8,2532,2,3
16,1594,45.0,74.3,1801,3,2
8,276,25.2,51.9,1238,1,1
29,1898,31.1,59.3,94,3,2
13,951,30.3,76.2,-613,2,0
16,1161,41.3,75.2,206,3,1
19,1707,44.4,66.9,90,3,1
17,1415,32.0,68.0,-1711,2,1
2,200,25.3,85.0,-1091,2,0
19,1500,33.1,69.6,-340,2,1
22,1259,39.4,59.2,1649,3,2
1,777,42.2,63.2,-1498,2,0
14,1441,39.6,54.3,1463,2,2
3,860,35.1,46.3,-1271,1,0
26,1816,27.8,56.1,-808,2,1
15,1347,26.8,64.4,-778,2,0
24,1934,47.4,73.7,3268,4,4
9,1458,24.8,74.5,768,2,1
1,405,40.2,54.0,-1259,1,0
23,1618,37.6,68.6,-1190,3,1
28,1794,31.6,75.7,3106,3,4
26,1708,15.0,60.9,1184,1,2
8,731,36.6,66.2,1285,2,2
5,849,48.8,61.6,-237,2,0
13,1163,31.4,64.8,-873,2,0
28,2065,43.1,59.4,1899,3,3
5,599,24.8,50.4,43,0,0
1,530,32.0,72.6,1750,2,1
29,2140,26.1,64.0,-2424,2,2
27,2094,33.5,72.4,586,3,2
27,1761,42.9,76.4,-194,3,2
16,1044,29.1,64.7,-646,2,1
4,1064,28.9,63.2,558,1,1
19,1900,42.0,66.4,1178,3,2
20,1850,29.2,62.2,-256,2,1
29,1979,25.6,50.0,-1480,2,2
18,1439,22.2,52.9,1488,1,2
4,617,42.3,62.9,2083,2,1
30,2333,36.8,54.0,2235,3,4
16,1201,22.4,74.3,0,2,1
17,1366,40.2,61.0,1364,2,2
27,1648,27.5,69.3,643,3,2
30,2312,31.1,66.6,391,3,2
29,1988,41.5,75.4,-384,3,2
24,1581,24.6,52.7,193,1,1
19,1414,45.7,45.0,2056,2,2
21,1473,34.7,55.1,71,2,1
27,1930,32.8,74.3,-426,3,2
22,1508,38.3,58.5,-967,3,1
30,2021,22.8,60.6,-429,2,2
29,1879,25.7,73.0,-814,3,2
8,650,34.3,72.9,-241,2,0
13,884,50.2,66.1,1500,3,2
26,1683,32.2,81.6,2094,3,4
2,480,29.2,53.7,309,1,0
1,578,30.7,73.5,-1155,2,0
21,1424,44.8,64.1,-885,3,1
18,1545,51.1,51.7,-429,3,1
22,1718,40.5,76.3,-347,4,1
11,657,29.1,55.9,-456,1,1
0,596,39.8,63.8,315,0,0
6,442,38.2,70.5,1438,2,1
20,1605,36.3,52.0,3237,2,4
5,433,35.0,74.8,406,2,0
10,814,45.8,85.0,30,4,0
23,1593,35.4,66.1,-775,3,1
0,754,22.5,79.1,1118,0,0
29,2190,38.3,68.2,-2260,3,2
26,1656,27.9,66.1,949,2,2
8,941,31.7,57.2,-481,1,0
8,891,24.3,68.6,-820,1,0
1,288,49.6,76.1,2008,3,1
0,591,35.1,74.7,1231,0,0
14,1358,33.2,71.1,-526,2,1
17,1125,21.1,47.7,-1054,1,1
13,1347,42.8,67.3,1403,3,2
20,1403,54.2,70.2,1846,4,2
12,1410,42.3,70.2,153,3,2
23,2164,55.0,75.5,-388,4,1
4,431,34.8,47.7,858,1,1
24,1693,31.5,65.8,1652,2,3
3,882,45.0,61.5,-1716,2,0
11,1174,21.5,62.7,-1133,1,0
8,771,39.0,76.4,0,3,0
27,1847,35.9,49.8,0,3,1
28,1876,48.9,61.9,-1331,4,2
9,712,28.2,57.1,173,1,0
14,1372,40.2,62.3,123,2,1
11,1513,29.4,60.6,190,2,1
17,1427,33.8,63.2,-1272,2,1
13,1121,41.9,66.4,3045,2,3
5,664,38.0,48.9,1640,1,1
12,1065,18.8,56.3,1819,1,2
11,1108,43.9,70.5,-1182,3,0
18,1474,37.3,48.2,-262,2,1
17,1240,28.9,76.1,-1788,2,1
24,1387,38.9,59.6,1640,3,3
28,2066,41.0,67.6,1655,3,3
0,215,43.2,51.8,717,0,0
18,1309,32.6,63.6,17,2,1
5,571,32.1,66.0,1315,1,1
29,2150,48.6,76.2,1950,4,3
5,869,35.3,69.0,2820,2,2
23,1702,42.2,59.7,121,3,1
3,682,49.8,61.2,-1170,2,0
14,1065,25.8,83.6,1905,2,2
9,976,35.9,53.4,23,2,0
12,611,35.7,45.3,-1450,1,0
21,1436,39.4,60.1,224,3,1
11,1023,19.3,48.3,-1181,0,1
25,1976,43.6,81.5,3021,4,4
1,734,31.8,56.8,196,1,0
5,638,15.8,75.5,1440,1,1
9,685,39.5,73.9,1539,2,1
16,1477,38.3,65.5,1192,3,2
2,384,22.4,72.3,316,1,0
18,1280,15.0,69.5,32,2,1
12,1284,27.1,68.7,-1002,2,1
19,1592,18.6,73.5,-1414,2,1
7,750,46.9,70.7,-988,3,0
15,1150,37.9,57.9,3244,2,3
16,1286,26.3,64.1,198,2,1
24,1757,15.0,50.5,-1764,1,1
6,635,31.3,49.9,-663,1,0
8,935,15.8,57.5,220,0,1
21,1417,33.8,71.1,425,3,2
13,1255,30.7,64.4,1618,2,2
17,1294,29.7,85.0,71,3,1
5,616,55.0,48.6,1283,2,1
21,1495,31.5,85.0,-641,3,1
28,1823,44.7,85.0,-1924,4,2
5,643,15.0,55.8,506,0,0
8,694,44.5,63.9,2680,2,2
14,1169,39.2,66.6,-1999,2,1
18,1589,20.2,70.8,1637,2,2
26,1712,27.1,54.2,-1716,2,2
16,1189,44.4,67.9,399,3,1
8,848,40.1,72.8,1754,2,2
7,808,24.2,45.0,3227,0,2
9,917,18.7,76.0,403,1,0
5,347,30.3,60.6,1839,1,1
1,512,37.0,82.9,-1301,2,0
2,504,37.8,71.9,270,2,0
2,799,33.7,73.8,140,2,0
16,1218,46.8,62.2,1526,3,2
17,1289,34.6,82.4,840,3,1
28,1576,21.8,63.4,750,2,2
25,1734,38.6,64.3,224,3,2
7,920,39.7,73.1,-1071,2,0
3,676,42.2,68.7,-233,2,0
28,1741,40.0,85.0,-1034,4,1
22,1296,37.6,62.0,144,2,1
13,992,33.8,55.9,893,2,1
9,868,33.2,85.0,-1840,3,0
12,1180,27.5,68.1,1851,2,2
10,743,23.4,72.3,-788,1,0
11,696,28.0,70.9,-2496,2,0
28,2082,42.1,84.4,2222,4,4
6,660,32.8,66.0,1421,2,1
1,285,43.4,56.8,-2206,2,0
27,2274,30.9,85.0,2019,3,4
13,995,53.3,63.0,3520,3,3
22,1896,34.6,55.5,46,2,1
1,530,25.8,69.3,-1492,1,0
4,666,47.0,66.0,167,2,0
30,1832,27.9,65.4,1441,2,3
28,1840,28.2,60.5,28,2,2
0,200,46.0,62.0,-1357,0,0
18,1440,36.4,75.8,2740,3,3
13,1209,50.8,53.2,632,3,1
22,1330,31.5,82.1,-2382,3,1
12,1112,23.6,54.1,1875,1,2
29,1662,26.3,50.7,3074,2,4
29,1931,35.7,67.9,-1369,3,2
29,1968,55.0,64.6,-717,4,3
8,941,30.7,72.5,-600,2,0
21,1398,37.3,54.1,-64,2,1
16,1280,20.1,79.3,2191,2,2
7,941,24.3,58.8,1891,1,2
11,921,33.4,67.5,1793,2,1
9,927,19.5,73.1,1542,1,1
11,1507,27.7,78.1,1679,2,2
19,1455,45.1,64.9,0,3,1
20,1243,36.1,66.7,-730,2,1
10,1030,38.9,83.8,-1157,3,0
6,728,42.1,81.9,392,3,0
17,1535,40.9,76.8,-35,3,1
27,2116,28.8,64.1,2300,3,4
2,449,46.8,62.8,1745,2,1
28,1827,31.5,63.0,0,2,2
1,689,30.0,54.9,1373,1,1
5,662,22.3,59.4,-332,1,0
6,760,37.7,49.7,-1903,1,0
19,1651,25.4,45.5,94,1,1
10,807,46.4,74.8,-606,3,0
4,1048,28.6,67.2,731,2,1
18,981,45.0,63.6,67,3,1
0,585,35.0,45.6,296,0,0
14,1253,33.4,65.0,154,2,1
21,1642,20.6,73.7,1334,2,2
3,396,28.7,70.7,269,1,0
29,2277,34.1,59.4,1567,3,3
11,1089,30.9,84.7,1831,1,1
20,1475,45.7,57.3,940,3,2
22,1900,44.7,50.9,1205,3,2
20,1539,48.1,72.9,286,4,1
19,1417,35.2,62.1,1793,2,2
20,1407,34.3,78.5,-2172,3,1
9,792,48.0,74.2,914,3,1
16,1260,42.6,68.2,2214,3,2
8,502,29.2,53.5,179,1,0
19,975,17.9,81.5,2155,2,2
24,1494,44.7,80.5,0,4,1
25,1670,43.0,53.2,32,3,2
16,1088,15.0,64.4,96,1,1
0,320,34.5,66.4,-1272,0,0
3,416,35.8,64.8,116,2,0
26,1381,45.7,69.2,1235,4,2
19,1557,34.1,49.7,-980,2,1
20,1077,41.9,62.8,2761,3,3
27,1977,37.6,73.3,-416,3,2
11,924,30.2,61.9,324,2,1
2,391,23.9,71.3,-2265,1,0
16,1199,44.5,63.5,1090,3,1
22,1837,27.5,62.5,-165,2,1
16,1355,47.3,59.3,-1254,3,1
10,749,26.9,76.8,383,2,1
29,1992,43.4,77.0,-1261,4,2
26,1591,20.0,45.0,-665,1,1
18,1510,33.1,62.6,-780,2,1
24,1278,32.4,60.1,1309,3,2
25,1885,36.4,64.2,424,3,2
1,649,44.1,64.8,-2134,2,0
5,456,44.2,81.0,359,3,0
12,903,29.9,45.0,276,1,1
18,1213,30.2,67.3,7,2,1
29,1838,25.7,65.2,-1522,3,2
1,478,34.5,73.1,2136,2,1
29,2002,45.3,62.3,-732,3,2
10,991,32.4,67.0,257,2,1
24,1522,30.6,58.6,307,2,2
0,373,51.5,74.7,599,0,0
7,942,55.0,74.1,-252,3,0
18,1113,35.9,58.6,2376,2,2
15,1275,39.0,77.9,1856,3,2
20,1427,36.0,64.8,390,3,1
24,1915,38.3,62.2,168,3,2
9,540,38.8,64.0,1248,2,1
14,1439,55.0,67.7,-1305,3,1
23,1543,45.7,77.4,1539,4,2
20,1511,15.0,71.4,1593,2,2
1,310,34.6,73.6,105,2,0
21,1090,53.5,54.4,-2320,3,1
14,858,43.4,58.2,-1058,2,1
6,861,28.7,71.0,-1505,2,0
25,1691,22.8,70.6,2571,2,4
25,1704,25.0,64.1,214,2,2
19,1113,33.6,68.1,2276,3,2
26,1920,54.9,69.8,-1361,4,2
29,1856,22.1,73.5,604,2,2
6,740,18.4,67.2,3296,1,2
5,829,46.0,57.1,-1744,2,0
15,1366,39.0,70.9,699,3,1
30,2229,37.0,51.5,105,3,2
19,1448,32.8,70.4,-375,2,1
18,1072,36.6,64.9,351,3,1
21,1639,40.2,69.5,210,3,1
16,941,52.2,72.6,-336,3,0
8,979,33.6,45.0,1659,1,1
9,1083,41.1,63.9,-406,1,0
23,1449,41.4,67.1,68,3,1
19,1733,27.7,85.0,-1754,3,1
16,1279,28.2,71.9,387,2,1
16,1290,34.8,71.7,1739,2,2
7,657,29.2,74.5,70,2,0
29,1849,34.3,64.8,-2374,3,2
27,1545,22.5,59.6,3532,2,4
6,806,55.0,74.6,-896,3,0
7,735,34.0,63.9,3344,2,3
22,1516,38.7,63.8,403,3,2
24,1696,15.0,74.4,193,2,2
29,2117,24.3,58.2,1235,2,3
16,1368,31.4,64.0,305,2,1
2,232,49.7,64.0,-1932,2,0
23,1851,17.7,62.3,-884,2,1
4,871,39.5,68.9,-2348,2,0
3,466,40.3,60.7,-400,2,0
16,1039,28.4,71.7,791,2,1
3,857,36.2,85.0,2063,3,1
14,1267,37.3,64.9,0,2,1
27,2046,32.9,83.4,943,4,2
24,1849,53.3,58.3,-1644,4,1
30,2238,41.4,54.3,-1514,3,2
28,1897,35.1,73.8,2377,3,4
13,1002,19.6,48.0,-1892,1,0
5,480,22.8,80.0,757,2,0
13,1354,38.3,59.2,-395,2,1
20,1616,32.0,59.7,756,2,1
25,1450,34.5,45.0,-1828,2,1
19,1253,18.0,53.3,205,1,1
11,769,32.3,74.8,1401,2,1
30,1872,43.1,77.7,2756,4,4
21,1790,37.6,69.9,-1884,3,1
21,1523,25.5,47.8,327,1,1
14,1161,30.3,62.5,158,2,1
23,1997,26.7,80.0,1408,3,2
19,1472,45.7,65.0,1218,3,2
23,1491,22.2,78.9,341,3,2
28,2132,31.9,78.8,0,4,2
28,1930,43.8,81.4,264,4,2
27,2069,26.9,53.8,46,2,2
15,921,31.7,61.0,982,2,2
7,895,38.5,55.5,274,2,0
17,1126,43.2,67.1,547,3,1
6,942,40.4,61.2,-633,2,0
10,865,53.4,61.4,10,3,1
8,911,18.8,62.2,302,1,0
4,572,34.4,65.2,-762,2,0
7,1070,49.7,57.0,-452,2,0
16,1075,34.2,70.0,765,3,1
29,1979,27.7,47.4,1643,2,3
28,2109,43.3,48.3,1907,3,3
28,2021,35.7,52.8,798,2,2
14,1119,29.4,66.2,249,2,1
5,508,30.8,69.0,3191,2,2
13,1287,29.4,85.0,300,3,1
19,1492,32.2,45.0,1384,2,2
26,2041,26.8,85.0,417,3,2
20,1640,35.9,60.3,-320,2,1
8,694,36.3,66.1,133,2,1
17,1093,40.1,69.7,624,3,1
13,1047,37.1,56.3,1092,2,1
9,1068,27.7,68.0,649,2,1
9,824,43.6,77.4,337,3,1
1,435,27.3,67.6,3876,1,2
22,1854,35.9,73.2,-1556,3,1
14,1296,24.8,58.6,210,1,1
28,1972,26.3,71.0,-1824,3,1
10,1018,19.0,58.5,-72,1,0
28,2012,33.1,60.7,1101,3,2
0,407,37.5,80.1,686,0,0
7,768,26.8,54.1,428,0,1
5,734,30.2,55.4,-1385,1,0
29,2320,51.7,64.7,-1914,4,2
1,606,39.2,46.5,2433,1,2
26,1774,26.1,67.3,-958,2,2
0,200,41.6,78.0,-1181,0,0
0,351,25.9,58.2,-2444,0,0
30,2143,35.3,68.2,1771,3,3
0,200,27.3,62.8,1647,0,0
17,1478,36.8,61.0,-192,2,1
30,2061,27.5,51.0,156,2,2
28,1869,48.1,83.9,111,4,2
1,528,29.8,73.5,1473,1,1
18,1376,22.2,63.5,-1432,2,1
2,395,38.1,51.7,1260,1,1
9,637,35.5,58.2,-381,2,0
10,933,24.2,54.9,271,1,1
12,1186,23.9,74.1,341,2,0
9,1049,55.0,80.5,-2293,4,0
19,1566,37.7,59.2,0,2,1
18,1450,45.7,62.2,930,3,1
24,1664,46.6,65.4,442,4,2
29,1978,26.7,80.7,-1376,3,2
26,1780,33.6,64.5,1066,2,2
13,873,39.4,67.6,789,3,1
23,1625,38.3,73.5,1878,3,3
25,1781,34.1,59.3,-132,3,2
9,730,51.0,53.5,200,2,0
8,911,46.1,59.4,-53,2,0
27,1878,52.0,53.8,335,4,2
14,1039,32.9,80.6,268,3,1
14,1322,38.9,61.1,1588,2,2
21,1380,22.2,75.8,-769,2,1
10,1016,37.9,69.9,893,2,1
15,1570,34.4,69.6,-1563,2,1
25,1668,22.8,56.2,-2281,1,1
8,926,40.9,69.2,-247,2,0
27,1990,32.1,84.2,-899,4,2
18,1543,32.4,66.9,2102,2,3
10,1176,26.1,73.5,207,2,0
10,1192,33.2,74.5,210,2,1
7,691,39.0,64.0,2441,2,2
29,2090,25.3,76.4,129,3,2
0,487,47.6,50.1,2015,0,0
5,1004,24.1,67.1,147,1,0
10,1035,37.2,72.0,1487,2,1
20,1302,31.2,69.9,-664,2,1
17,1265,22.9,67.8,469,2,1
8,1072,24.8,68.1,1841,1,2
27,2143,50.7,53.3,314,3,2
21,1391,48.4,56.7,1351,3,2
6,608,44.1,61.0,1525,2,1
28,2032,41.5,72.8,2764,3,4
6,1158,52.4,60.3,-2154,2,0
7,558,21.0,57.4,520,1,1
20,1361,46.9,80.8,1192,4,2
22,1402,51.7,71.8,1324,4,2
7,631,31.4,70.6,1105,2,1
1,600,39.6,76.3,-1429,2,0
13,1179,49.4,54.0,1234,3,1
9,1033,38.9,59.6,130,2,0
5,581,37.7,63.4,-1070,2,0
5,595,15.5,61.8,-427,0,0
27,1836,32.5,61.8,-557,3,2
12,1044,43.9,68.2,369,3,1
4,581,34.2,52.6,272,1,0
20,1628,34.8,69.6,1591,3,2
12,973,16.2,69.4,2557,1,2
19,1199,41.2,69.6,-692,3,1
0,296,55.0,76.6,138,0,0
16,1508,38.3,72.2,2047,3,2
5,576,15.0,62.9,1254,1,1
24,1732,35.9,65.3,240,3,1
16,1188,31.0,56.4,-1372,2,0
1,435,30.0,60.8,-516,1,0
20,1626,39.1,55.4,-168,2,1
2,459,37.3,74.6,-975,2,0
15,1155,41.7,53.5,258,2,1
14,1292,46.9,57.1,3018,2,3
2,405,43.1,55.4,-518,1,0
27,1889,29.6,64.4,-324,2,2
21,1386,36.3,77.5,886,3,2
10,639,31.8,67.1,60,2,0
2,429,18.2,72.0,196,1,0
3,431,41.6,60.7,1363,2,1
8,446,22.7,50.3,1366,1,1
25,1731,25.6,71.6,-1232,2,1
27,1900,27.9,77.2,-510,3,2
5,872,24.0,78.3,-393,2,0
30,1888,45.8,65.5,-722,4,2
12,1294,41.4,61.9,2545,2,2
22,1152,31.7,60.9,1014,2,2
22,1744,25.5,65.9,3121,2,4
14,1043,39.0,70.1,-1702,3,1
3,509,32.2,78.0,166,2,0
20,1519,39.6,80.4,600,3,1
21,1523,38.3,80.4,1601,4,2
17,1330,28.6,61.7,265,2,1
22,1618,28.9,62.5,1396,2,2
28,2079,38.9,64.2,207,3,2
4,617,37.3,66.0,-255,2,0
2,276,23.8,62.7,-1167,1,0
1,536,33.4,75.9,375,2,0
13,1264,55.0,62.7,-709,3,1
4,1011,49.9,65.9,80,3,0
22,1654,17.5,66.7,876,1,2
3,358,39.3,53.2,475,1,0
20,1808,39.6,81.8,289,4,1
26,2192,32.2,68.8,184,3,3
12,1133,48.1,62.0,209,2,1
8,1126,34.4,56.2,137,1,0
16,1489,35.3,55.3,195,2,1
19,1612,38.4,47.2,-318,2,1
10,1294,40.1,67.8,-339,2,1
7,988,50.8,71.1,219,3,0
22,1645,55.0,55.8,325,3,2
28,2091,41.3,69.4,2078,4,4
2,582,50.1,63.3,1875,2,1
18,1073,37.5,65.1,479,2,1
30,1991,30.1,76.6,3476,3,4
22,1275,41.2,53.7,1937,3,2
2,319,31.6,74.1,448,2,0
19,1225,23.9,60.5,1344,1,2
17,957,30.9,85.0,2339,3,3
20,1521,21.5,84.8,3248,2,4
4,567,53.1,72.1,-609,3,0
29,2014,20.7,60.4,-2431,2,2
21,1503,23.9,78.0,-497,2,1
0,401,32.9,58.1,1814,0,0
23,1578,52.5,67.6,2269,4,3
11,695,26.4,51.9,1247,1,1
16,1087,38.3,63.4,-1032,3,1
8,965,45.6,59.1,-683,2,0
5,891,41.0,60.7,1864,2,2
19,1264,36.3,72.5,-2185,3,1
4,360,39.5,69.5,186,2,0
18,1506,21.2,66.5,-2381,2,1
30,1978,25.3,69.8,114,2,2
10,737,23.9,60.2,151,1,0
3,830,45.4,76.8,-2265,2,0
20,1669,33.6,63.7,1283,2,2
21,1469,32.7,55.1,366,2,2
9,888,16.4,58.2,-1226,0,0
30,2171,32.3,73.4,-1682,3,2
12,1348,39.3,81.7,233,3,1
14,1449,31.3,62.8,538,2,1
23,1632,25.3,69.0,52,2,1
27,1765,55.0,57.0,-1525,4,1
30,2144,31.6,64.2,-2019,3,2
29,1899,34.8,68.9,-1422,3,2
9,941,22.5,50.5,79,1,0
17,1768,28.3,82.3,-226,3,1
13,927,43.0,45.8,-1008,2,1
23,1440,30.8,45.0,-345,1,1
17,1544,52.1,71.8,144,4,1
13,920,26.5,57.2,1052,1,1
10,842,29.4,70.2,2128,2,2
7,1184,46.6,85.0,282,3,0
17,1188,17.6,54.4,-714,1,1
5,646,42.5,47.0,2230,1,1
19,1429,41.8,70.7,440,3,1
26,2157,40.1,67.2,1635,3,3
20,1205,51.3,60.5,3208,3,3
21,1370,31.8,63.9,888,2,2
28,1747,37.7,59.7,-984,3,2
18,1261,38.0,84.5,255,4,2
21,1399,26.3,64.6,1642,2,3
15,600,28.4,62.9,394,2,1
6,651,15.0,46.3,-2175,0,0
12,1259,33.2,76.8,618,2,1
21,1345,23.9,79.4,-1500,2,1
11,1079,18.4,55.3,-668,1,0
5,564,39.1,52.3,2079,2,1
12,1275,46.0,63.0,277,2,1
30,1893,25.7,78.2,-650,3,2
21,1277,55.0,72.8,-2061,4,1
12,830,46.7,58.0,-123,2,0
21,1652,27.5,79.8,3579,3,4
19,1578,18.7,45.0,-1753,1,1
21,1729,15.0,62.4,-1198,1,1
20,1447,25.3,54.3,0,1,1
29,2030,55.0,58.8,2780,4,4
25,1627,26.6,45.0,2143,1,3
30,1852,40.5,64.8,-1219,3,2
1,445,28.1,74.4,-590,1,0
6,554,43.6,62.7,248,2,0
2,732,29.2,72.6,159,1,0
23,1697,25.9,51.6,-2269,2,1
4,303,45.5,85.0,714,3,0
8,871,34.5,66.1,-2143,2,0
1,573,41.9,58.2,-938,2,0
13,1346,38.4,60.7,-1285,2,1
28,2129,46.1,72.7,1610,4,3
23,1596,45.1,70.5,-102,3,1
10,921,52.4,63.6,1258,3,1
24,1865,31.8,85.0,1300,3,2
29,2176,33.1,45.0,-1447,2,2
12,1107,26.6,50.3,3553,1,3
8,787,43.8,78.4,3913,3,3
21,1655,35.0,66.7,-459,3,1
0,419,26.8,65.3,-1005,0,0
9,521,31.5,60.9,-360,1,0
14,1183,36.6,52.4,24,2,1
21,1517,19.5,76.2,-1853,2,0
20,1663,36.5,66.8,-993,2,1
22,1758,46.9,59.4,352,3,1
20,1491,27.9,57.6,-828,2,1
20,1507,49.6,66.9,-1057,4,1
26,1766,33.1,64.2,3102,3,4
6,605,44.4,61.0,0,2,0
12,945,24.5,63.1,-160,2,1
11,1168,42.6,71.3,0,3,0
2,476,44.0,61.5,837,2,0
20,1737,37.8,55.1,700,2,1
14,1319,50.6,72.9,210,3,1
14,1251,41.9,70.1,-52,3,1
10,982,31.0,57.9,126,1,0
16,1146,45.2,59.3,289,3,1
25,1726,36.8,67.9,-283,3,2
26,1952,31.6,72.0,2619,3,3
17,1498,46.4,60.0,-77,3,1
22,1676,31.4,76.1,-142,3,1
27,2048,28.2,63.8,1873,2,3
15,1048,25.2,85.0,653,2,1
12,806,28.0,74.8,1498,2,1
4,769,37.8,75.6,908,2,1
4,655,47.0,62.1,1893,2,2
12,1183,29.0,71.0,-1463,2,1
23,1886,43.9,59.5,3740,3,4
22,1616,29.3,46.2,274,2,1
17,1142,41.8,74.0,-263,3,1
23,2013,34.9,60.7,107,2,1
0,396,37.3,65.3,346,0,0
3,898,41.3,66.4,-1850,2,0
1,200,27.8,53.1,3265,0,2
25,2079,50.1,63.9,1546,4,3
13,1233,28.9,82.7,1507,2,1
3,501,35.3,58.5,-2176,1,0
25,1976,32.2,55.8,2570,2,4
13,1066,21.5,62.0,253,1,1
3,929,30.8,62.7,46,1,0
7,759,42.0,81.7,-776,3,0
21,1746,50.9,65.5,1752,4,2
29,1948,50.5,65.0,-2487,4,2
13,1384,38.1,52.7,2802,2,2
21,2052,32.8,74.3,128,2,1
23,1530,40.2,45.0,3556,2,4
26,1851,37.1,85.0,-102,4,2
3,561,35.4,54.7,1341,1,1
4,423,35.6,76.2,-948,2,0
1,200,24.7,58.2,130,1,0
7,855,25.2,53.8,335,1,1
13,955,46.0,60.4,2279,3,2
21,1639,42.8,85.0,-195,4,1
18,967,36.0,63.2,-113,2,1
24,1612,46.7,67.4,1037,4,2
18,1376,41.1,70.9,-2036,3,1
7,434,34.0,78.0,0,2,0
23,1658,55.0,69.4,-1176,4,1
21,1441,46.6,71.0,2466,4,3
12,701,42.1,65.6,-964,3,0
3,475,33.3,67.1,-1678,2,0
25,1925,31.3,60.4,-820,2,2
30,2240,35.0,57.5,-832,3,2
19,1862,34.5,50.8,-2190,2,1
10,1274,43.2,50.1,233,2,1
20,1560,24.1,55.3,469,1,2
30,2010,25.6,57.9,141,2,2
25,1606,37.6,72.4,2613,3,3
17,1297,31.4,72.4,-977,3,1
0,537,39.4,66.1,3038,0,0
13,1090,33.8,57.2,-2137,2,0
30,1957,19.3,67.5,1845,2,3
21,1680,29.3,57.1,-1176,2,1
24,1778,52.1,52.5,-813,4,2
30,2154,38.6,58.9,320,3,2
16,1287,21.3,64.8,-368,2,1
3,416,23.8,67.8,98,1,0
25,1882,32.6,77.1,194,3,2
26,1790,43.0,82.9,1638,4,3
5,908,15.0,62.5,-2,1,0
18,1539,29.6,51.9,347,2,2
26,1857,35.0,53.0,320,2,2
28,1780,34.6,53.5,1018,2,2
29,1941,19.4,62.7,327,2,2
6,512,28.7,73.3,-2232,2,0
29,1944,42.1,66.2,-942,3,2
21,1468,45.6,65.3,-1549,3,1
13,1203,47.1,66.2,336,3,1
22,1536,27.2,77.9,185,2,2
14,1205,55.0,74.2,251,4,1
5,357,23.5,60.4,1845,1,1
19,1203,15.0,54.0,946,1,2
11,1001,33.3,80.0,2362,2,2
4,703,32.9,71.1,3501,2,3
2,209,51.4,61.1,268,2,0
25,1540,44.3,64.3,-1755,3,2
12,1091,39.7,70.1,90,3,1
6,672,38.5,65.9,-825,1,0
30,2043,36.9,76.5,1454,4,3
1,576,51.5,53.0,1682,2,1
6,982,39.2,57.6,-484,2,0
18,1573,52.7,63.5,1743,3,2
16,1253,17.3,65.9,-665,1,1
28,1916,40.4,68.8,2173,4,3
19,1264,15.0,68.6,1286,1,2
0,200,19.7,59.6,1679,0,0
13,1037,38.1,66.9,648,2,1
26,1798,24.5,61.4,407,2,2
7,351,29.3,61.6,0,1,0
26,1972,34.9,73.9,1495,3,3
26,1912,28.2,75.3,-1161,3,2
25,1567,20.2,45.0,212,1,2
30,1733,20.3,56.5,3099,2,4
29,1863,31.0,57.7,-2152,3,2
21,1534,33.5,58.4,-1251,2,1
1,640,21.6,54.0,61,0,0
27,1696,40.0,65.5,3498,3,4
24,1865,38.6,79.3,1886,3,3
16,1365,39.8,53.1,-1385,2,1
1,538,35.6,75.9,242,2,0
10,785,39.6,80.3,-2309,3,0
17,1487,38.8,71.5,2094,3,2
26,1843,27.2,60.9,221,2,2
2,812,38.7,69.9,27,2,0
7,890,42.4,62.9,-569,2,0
30,2074,37.4,56.0,85,3,2
14,1413,28.6,55.3,0,1,1
28,2116,34.2,63.0,3761,2,4
23,1515,35.2,56.8,2504,2,3
29,2240,43.8,45.0,-1259,2,2
20,1594,28.4,55.4,-1246,2,1
16,1002,30.7,60.5,-325,2,1
18,1366,33.2,59.9,-60,2,1
22,1774,26.1,85.0,-246,3,1
12,918,29.7,62.5,-1462,2,0
18,1643,30.8,82.6,2294,3,3
17,1296,30.9,70.4,172,2,1
12,1257,40.3,60.0,1567,2,2
8,856,36.4,62.2,2158,2,2
22,1443,40.1,62.8,1057,3,2
0,218,30.5,63.8,2704,0,0
29,2001,34.0,73.6,141,3,2
3,739,52.2,74.6,598,3,0
18,1401,17.2,61.9,510,1,1
30,1903,26.8,63.2,-2240,2,2
10,834,31.2,62.7,-1348,2,0
0,200,38.1,70.8,3306,0,0
4,200,36.7,64.3,1138,2,1
21,1558,42.1,56.2,108,3,2
19,1598,36.9,79.9,18,3,1
15,1253,37.3,73.1,-1929,3,1
3,312,55.0,74.9,-235,3,0
7,793,27.3,83.9,-744,2,0
19,1226,23.1,59.0,1184,1,2
27,1895,55.0,70.4,3744,4,4
1,497,20.0,76.9,650,1,0
12,1181,25.1,57.3,307,1,0
29,1785,55.0,61.5,123,4,2
26,1585,38.4,54.5,962,3,2
9,856,29.4,70.2,-1749,2,0
27,1596,18.4,74.2,2160,2,3
5,818,23.0,66.1,1315,1,1
15,1430,24.0,67.6,0,2,1
3,603,52.9,82.9,1963,3,1
11,776,15.0,71.7,-694,1,0
22,1375,37.7,52.0,1851,2,2
15,1133,22.0,73.5,-111,2,1
28,2176,23.3,70.2,-930,2,2
17,1732,44.2,45.6,420,2,1
3,864,34.3,72.5,-1215,2,0
26,1736,18.4,80.3,-1161,2,2
24,1540,41.5,75.2,1465,4,2
8,739,22.2,65.1,1521,1,1
6,908,42.6,66.6,57,2,0
11,1311,45.0,73.2,-775,3,0
12,1131,36.0,57.9,1060,1,1
13,949,15.0,70.6,-338,1,1
18,1523,38.6,78.0,943,3,2
23,1511,35.8,56.4,2882,2,3
16,1296,45.0,69.7,210,3,1
24,1740,31.5,56.7,-749,2,1
3,430,45.8,74.5,195,3,0
16,1189,43.2,85.0,902,4,2
7,775,30.9,74.8,-33,2,0
24,1644,30.1,57.5,1557,2,3
6,588,45.9,64.6,324,2,1
20,1530,33.0,51.0,180,2,1
27,2156,41.6,63.4,1792,3,3
9,834,32.9,84.0,-282,2,0
5,959,52.7,50.7,387,2,0
12,636,23.0,55.2,2828,1,2
23,1524,40.0,75.8,1739,3,3
11,999,34.2,69.6,363,2,1
7,735,30.8,62.7,1152,1,1
8,832,41.1,77.8,1599,3,1
28,1942,47.2,70.2,24,4,2
15,1657,26.6,67.8,-953,2,1
22,1948,32.5,59.0,2114,2,3
28,1806,33.2,58.2,-2246,2,2
26,1854,35.1,65.5,-933,3,2
10,857,41.8,57.1,376,2,1
29,1675,37.6,66.3,1303,3,3
11,1125,30.5,70.9,1972,2,2
18,1629,33.0,70.3,1477,2,2
2,475,20.5,66.3,323,1,0
14,1150,38.9,66.0,-1831,2,1
22,1749,31.9,70.2,-1587,3,0
14,1335,37.6,60.0,65,2,1
3,585,22.9,64.0,-1022,1,0
13,689,41.6,56.7,-1517,2,0
3,464,28.6,55.7,1931,1,1
11,1016,37.3,45.0,60,1,0
2,468,30.0,54.8,590,1,0
21,1635,33.7,65.9,-1467,3,1
28,2233,46.4,45.0,-1598,3,2
13,1065,43.4,45.0,2165,2,2
12,983,15.0,66.0,392,1,1
1,272,42.9,77.8,32,2,0
26,1886,35.3,62.2,297,3,2
25,2128,42.6,47.4,1678,3,3
1,260,33.7,71.8,225,1,0
14,1080,39.0,73.1,1398,3,2
15,1319,33.9,47.3,134,1,1
5,569,27.7,85.0,174,2,0
3,798,43.6,69.5,-938,2,0
29,1984,51.2,78.9,290,4,2
28,1749,31.3,74.9,-509,3,2
6,562,25.4,62.0,677,1,0
26,1925,47.2,52.5,-429,3,1
11,783,38.0,58.7,780,2,1
7,791,32.7,48.6,194,1,0
19,1180,30.9,60.5,243,2,1
28,1746,28.3,64.6,-370,3,1
7,449,43.1,77.3,-1411,2,0
7,671,34.9,46.5,2624,1,2
3,700,21.9,66.6,-851,1,0
4,670,34.4,81.0,-876,2,0
9,990,54.3,71.2,814,3,1
30,2028,28.9,64.4,301,2,2
9,854,31.1,58.8,224,1,0
20,1340,30.4,62.2,-400,2,1
3,482,30.3,76.7,336,2,0
0,294,29.2,45.0,2334,0,0
12,744,41.7,74.5,2905,3,3
14,1248,55.0,63.2,-1106,3,1
13,957,42.9,63.0,330,3,1
3,382,55.0,69.6,-669,3,0
22,1492,36.6,70.2,-484,3,1
11,1057,41.4,71.7,2442,2,2
21,1440,18.1,67.1,1283,2,2
18,1473,35.0,63.6,-50,2,1
25,1864,34.0,54.3,3284,2,4
3,472,34.2,68.1,-60,2,0
24,1552,44.1,85.0,-374,4,1
25,1709,29.1,63.9,-607,2,2
13,1105,26.8,79.6,3790,2,3
20,1408,36.9,53.9,-552,2,1
18,1432,25.0,60.9,1445,2,2
3,844,19.7,66.8,-2065,1,0
25,1828,34.0,69.7,-40,3,2
0,451,43.7,71.9,-716,0,0
7,751,24.2,75.7,2007,2,2
23,1707,55.0,85.0,-655,4,1
10,935,15.1,62.7,1063,1,1
18,1377,36.7,65.7,2183,2,3
29,2140,29.5,73.3,0,3,2
6,693,30.1,64.7,0,2,0
9,938,34.4,64.9,1334,2,1
23,1798,33.3,63.5,-665,3,1
9,830,42.3,67.8,790,2,1
29,2153,48.1,63.4,344,4,2
27,1885,31.7,59.1,-1610,3,2
11,1207,24.9,73.0,251,2,0
20,1495,15.0,70.4,512,1,1
27,2226,33.6,59.1,-2098,3,2
9,1134,15.7,70.8,354,1,1
23,1755,22.2,58.5,1320,2,2
4,543,35.0,51.4,1053,1,1
17,1390,22.5,45.0,2694,1,3
2,694,26.5,75.0,613,1,0
25,1922,34.1,69.8,387,3,1
30,1851,15.0,78.1,69,2,2
0,326,24.0,67.3,1180,0,1
4,501,48.5,59.9,-1561,2,0
15,1301,26.8,63.8,800,2,1
20,1652,34.3,48.3,2031,2,2
5,596,41.7,80.6,-893,3,0
0,269,15.0,63.7,400,0,0
13,1036,24.6,63.3,-187,2,0
0,200,31.2,63.9,3355,0,0
10,1107,33.6,60.1,236,2,1
16,1296,40.9,66.1,228,3,1
24,1809,40.8,72.5,-602,3,1
9,838,36.3,67.1,-2088,2,1
14,1313,39.8,53.0,-431,2,1
1,567,55.0,75.9,2256,3,1
11,1149,32.0,61.7,-406,2,0
15,1468,27.2,45.0,-1091,1,1
27,2079,39.5,53.4,1841,3,3
18,1395,33.8,48.1,-915,2,1
7,804,55.0,67.0,-1772,3,0
20,1641,35.0,45.0,1635,2,2
15,1268,36.2,58.9,-497,2,1
18,1503,19.2,57.1,-1411,1,1
19,1653,39.7,59.3,-1393,2,1
19,1490,45.5,59.0,114,3,1
22,1821,44.5,45.2,152,2,1
11,1121,36.0,59.6,857,2,1
6,837,27.9,51.4,3573,1,2
2,571,31.9,52.9,-893,1,0
18,1893,29.7,51.4,2052,2,2
1,424,39.4,66.5,-258,2,0
30,2059,26.4,60.8,-251,2,2
28,2073,33.1,76.0,1440,4,3
26,1675,32.3,59.0,-312,2,2
22,1489,49.1,55.6,-809,3,1
17,1616,47.8,76.1,-194,4,1
7,845,27.4,69.3,262,1,0
1,493,25.5,56.1,1475,1,1
2,394,26.9,66.8,2007,1,1
1,497,32.2,62.2,136,1,0
22,1631,44.4,58.8,-328,3,1
17,1528,39.5,60.1,750,3,1
9,776,35.3,62.0,2045,2,1
5,765,26.0,65.1,2529,1,2
23,1795,28.6,68.8,163,3,1
13,1139,38.7,68.7,268,2,1
30,2155,22.1,60.9,1284,2,3
13,1173,41.7,72.4,-1159,3,1
1,633,49.2,75.2,-866,3,0
26,1749,30.6,70.8,-385,3,2
24,1486,32.0,57.9,-309,2,1
3,491,48.5,58.9,193,2,0
15,1315,25.5,54.3,-2168,1,1
14,1431,40.0,77.6,233,3,1
19,1640,44.0,71.1,1347,3,1
25,1667,32.3,68.6,-117,3,2
7,620,32.8,54.9,-2496,1,0
19,1466,33.7,76.3,1688,3,2
0,559,26.5,63.2,1886,0,0
15,884,35.1,64.4,-477,2,1
5,525,43.4,65.3,-1032,2,0
30,1876,29.2,81.8,0,3,2
3,426,33.5,80.8,-1613,2,0
12,1070,34.4,56.4,3049,2,2
25,1804,55.0,65.2,3231,4,4
10,1164,40.0,54.1,215,2,1
16,1287,43.1,78.0,1920,3,2
27,1897,46.6,70.8,434,4,2
3,466,33.0,74.5,-1400,2,0
11,1067,34.8,46.5,-609,1,1
14,1108,15.0,70.1,2442,2,2
21,1868,38.0,59.1,-1445,2,1
16,1112,17.9,57.6,306,1,1
4,697,38.5,49.5,-1344,1,0
8,1200,40.9,61.5,1132,2,1
22,1755,45.6,58.1,-519,3,1
24,1758,44.4,47.3,974,2,2
21,1493,33.9,60.1,193,2,1
26,1928,41.2,61.1,3416,3,4
26,1684,35.7,70.9,-1561,3,2
20,1338,36.2,85.0,2480,3,3
1,592,47.3,73.4,-564,3,0
16,1267,35.8,81.6,-1391,3,1
27,1698,44.1,76.9,954,4,2
10,900,20.5,53.0,176,1,0
1,596,54.9,63.5,1718,3,1
27,1775,51.2,67.1,26,4,2
18,1284,34.7,61.2,1923,2,2
5,973,37.1,61.8,1401,1,1
6,823,25.7,66.4,74,1,0
19,1286,45.5,58.1,127,3,1
17,1495,30.5,66.4,169,2,1
29,2073,51.3,66.6,-269,4,2
3,826,38.6,65.9,0,2,0
15,1260,22.0,74.8,133,2,1
30,2033,41.3,48.2,173,3,2
25,1601,28.5,75.8,397,3,2
18,1305,49.5,85.0,-2181,4,1
20,1583,41.1,69.5,2390,3,3
9,539,34.2,66.6,1728,2,1
30,2058,34.4,77.7,2476,3,4
1,510,49.0,60.9,-526,2,0
7,734,28.9,75.7,1906,2,1
9,1246,28.8,67.4,-1808,2,0
7,994,42.0,67.3,2078,2,2
22,1693,15.0,70.4,3205,2,4
30,1856,29.5,68.3,-659,2,2
6,271,32.9,71.3,-482,2,0
16,1440,43.5,45.0,-387,2,1
14,1174,33.8,48.8,-543,2,0
19,1582,32.6,60.5,-1910,2,1
20,1982,30.2,70.7,-506,2,1
13,1337,48.7,58.0,-1288,3,1
19,1365,49.6,76.1,3844,4,4
20,1363,55.0,57.0,-248,3,1
29,2021,37.4,73.8,-411,3,2
1,434,49.7,56.8,-1808,2,0
11,927,22.8,76.5,2933,1,3
29,2219,52.0,69.6,292,4,2
9,790,43.3,62.6,2514,2,2
9,882,31.0,81.1,-1417,2,0
17,1409,28.7,57.5,-142,2,1
27,1769,35.9,60.1,-2259,3,2
10,971,17.0,79.2,187,2,1
28,2102,28.3,70.5,298,4,2
28,2009,23.7,66.9,-2450,2,2
2,200,27.2,72.3,144,1,0
20,1463,44.3,63.0,1402,3,2
2,553,39.9,82.1,-777,2,0
7,932,28.8,73.4,2823,2,2
7,966,41.4,70.1,147,2,0
22,1655,37.4,74.8,-91,3,1
7,595,27.9,71.8,1484,2,1
16,1394,15.0,71.6,-1083,2,1
28,2353,37.3,76.1,-463,4,2
14,943,21.6,45.0,148,1,1
27,2219,43.8,61.7,-375,4,2
30,1958,34.8,58.6,-1209,2,2
4,670,30.6,67.3,296,2,0
29,1563,34.8,60.9,-2048,3,2
25,1513,43.0,75.6,-237,4,2
26,1935,46.3,56.6,2492,3,3
28,1797,48.2,62.6,282,3,2
27,1815,18.6,70.0,-2285,2,2
26,1838,41.2,55.3,143,3,2
12,1185,52.0,57.3,2043,3,2
1,414,42.9,70.1,-1996,2,0
9,928,24.8,64.5,225,2,0
16,1209,40.6,55.6,1360,2,2
11,953,27.5,84.6,-847,2,0
23,1745,28.2,45.0,-1328,1,2
12,927,41.2,70.4,-1990,3,1
5,631,30.5,77.5,-490,2,0
19,1321,35.3,68.4,1852,2,2
26,1992,28.4,59.4,1,2,2
8,873,38.6,74.2,182,2,0
18,1810,46.7,55.7,-448,3,1
18,1458,36.9,53.2,-1220,2,1
18,1386,42.7,67.6,1879,3,3
0,373,47.6,53.7,1849,0,0
24,1337,34.1,57.3,-2262,2,1
20,1537,39.2,79.4,293,4,2
29,1849,41.1,45.7,1863,3,3
20,1410,38.2,72.2,1398,3,2
20,1444,37.1,59.5,1299,2,2
1,643,32.6,53.7,2665,1,2
27,1886,46.8,58.5,1409,4,3
6,800,38.3,51.6,306,1,0
3,490,41.5,59.5,2116,2,1
23,1605,30.8,76.5,751,3,2
26,2000,42.6,59.6,-2303,3,1
23,1694,48.5,79.0,1383,4,3
3,370,46.9,49.6,1350,2,1
20,1684,41.8,53.8,-483,2,1
8,659,41.0,51.1,-824,1,0
23,1536,36.6,75.0,3315,3,4
7,740,41.7,74.8,1641,3,1
21,1166,22.8,56.1,-628,2,1
22,2104,38.5,74.1,-1643,3,1
10,1017,41.4,70.9,140,3,0
8,728,41.2,68.2,276,3,0
25,1510,39.0,67.9,-267,3,1
29,1951,20.3,72.1,1945,3,3
2,454,30.9,55.5,1175,1,0
15,973,31.2,54.7,147,2,1
12,1240,35.7,70.1,-1236,2,1
11,866,27.2,51.0,3149,1,3
0,588,45.5,72.1,1133,0,0
11,896,41.0,67.5,-1353,3,0
16,1444,32.4,53.2,653,2,1
19,1485,44.3,53.4,2709,2,3
18,1358,32.8,58.5,-776,2,1
3,398,50.3,79.2,-283,3,0
7,856,39.7,75.7,-1397,2,0
0,286,26.9,60.8,-345,0,0
24,2449,18.5,75.0,1650,2,3
17,1527,15.0,58.7,-804,1,1
14,1367,30.2,74.3,665,2,1
30,2136,39.7,82.3,3257,4,4
15,1170,40.4,70.4,-1461,2,0
15,1360,37.2,48.3,818,2,1
18,1505,35.5,65.3,-2437,2,1
1,498,34.0,51.6,-409,1,0
4,462,54.1,49.4,1157,2,1
17,1256,28.1,71.4,-185,2,1
6,1013,30.4,62.5,-939,1,0
22,1656,19.3,76.5,-259,1,1
8,559,23.6,67.8,-1154,1,0
23,1689,34.4,65.5,313,3,2
10,982,55.0,61.8,58,3,0
24,1605,28.3,63.1,138,2,1
28,1760,39.1,69.8,1302,4,2
28,2303,34.9,57.7,-1756,3,2
21,1564,22.9,79.9,968,2,2
16,1159,43.0,65.5,1656,3,2
14,1118,50.5,64.8,-1640,3,0
27,1804,39.0,52.2,2505,2,4
1,580,50.2,73.2,-7,2,0
27,1986,32.6,53.8,1700,2,3
11,1262,28.5,58.6,231,1,1
1,374,34.4,70.3,1852,1,1
29,1837,51.5,66.0,2802,4,4
19,1631,51.1,70.0,-791,4,1
17,1089,19.6,58.0,54,1,1
25,1769,33.5,60.1,914,2,2
2,326,26.1,63.3,-2145,1,0
14,1296,19.8,52.5,-1386,1,1
29,2201,32.3,66.6,-1240,3,2
10,1207,15.0,61.6,-163,1,0
26,1569,15.8,63.4,1304,2,3
27,1824,55.0,64.7,-99,4,2
27,2047,37.1,65.3,1143,3,2
17,1662,42.9,85.0,-2359,4,1
18,1483,26.0,61.7,-1611,2,1
21,1589,45.3,69.2,2316,3,3
23,1396,34.4,59.3,116,2,1
24,1878,23.2,76.6,-592,2,1
15,968,15.0,61.9,1872,1,2
16,1131,30.2,45.5,407,1,1
21,1655,43.4,62.0,68,3,1
19,1421,27.9,70.5,1316,2,2
2,623,29.5,60.5,2410,1,1
7,915,38.8,59.5,559,2,1
21,1084,22.8,58.5,-991,1,1
23,1706,45.8,50.3,-1744,3,1
4,780,38.6,65.8,1659,2,1
5,664,42.8,85.0,1054,3,1
4,513,15.0,55.2,3532,0,2
17,1256,25.1,75.3,-733,2,1
3,537,35.6,45.0,1692,1,1
20,1607,30.1,85.0,124,3,1
30,2009,28.3,61.6,-1921,3,2
16,1266,37.3,67.2,2812,2,3
14,1362,47.7,85.0,242,4,1
4,592,36.6,52.7,-217,1,0
26,1495,27.9,51.9,2375,3,3
21,1276,33.2,63.7,-299,2,1
8,922,29.3,53.1,-1134,1,0
9,1296,36.0,71.4,-933,2,0
5,435,28.8,85.0,432,2,0
13,1163,35.1,75.9,-602,2,1
16,1370,35.5,66.8,-2432,2,1
7,733,28.9,45.0,90,1,0
17,1266,55.0,65.4,-391,3,1
13,1159,15.0,72.7,2252,2,2
20,1340,43.2,57.2,1281,3,2
25,1825,38.4,76.0,69,3,2
6,660,27.2,69.7,1328,2,1
30,1916,31.2,63.5,-1620,2,2
26,1664,33.5,70.7,1168,3,2
21,1510,25.1,56.2,2175,2,3
30,1784,49.4,50.2,-1751,3,2
17,1253,30.3,64.4,-330,2,1
6,909,31.4,57.9,-805,2,0
26,1657,22.1,75.5,-432,2,2
12,1154,32.1,74.9,-351,2,1
27,2335,29.8,63.7,1733,2,3
18,1034,32.6,68.9,40,3,1
15,1134,42.8,63.1,-326,3,1
3,646,37.7,63.2,1443,2,1
16,1225,17.4,70.8,192,2,1
11,817,41.3,72.9,392,2,1
30,2058,46.8,80.9,1217,4,3
27,1577,15.6,63.9,-547,1,2
0,711,43.6,72.3,2888,0,0
11,672,55.0,64.6,408,3,1
0,433,35.9,61.1,610,0,0
3,643,18.0,65.9,3535,1,3
11,834,44.8,58.0,238,2,0
2,573,32.7,72.6,-661,1,0
2,513,34.5,77.9,3036,2,2
4,386,43.8,59.2,2882,2,2
28,2039,36.2,59.1,108,2,2
23,1569,26.0,64.0,852,2,2
19,1575,45.3,69.8,455,3,2
25,1854,35.0,64.3,227,3,1
25,1941,31.9,74.7,1109,3,2
21,1907,18.0,85.0,331,2,2
28,1739,45.1,81.4,-53,4,2
26,1614,44.3,56.7,-1568,3,2
5,746,19.6,81.2,1027,1,1
17,1236,15.0,54.3,-1351,1,1
29,2063,55.0,66.4,-702,4,2
14,1406,47.7,60.9,2870,3,3
27,1771,28.8,63.4,143,3,2
23,1714,47.7,65.0,2314,3,3
8,956,34.6,52.6,134,1,0
9,612,33.2,73.0,186,2,1
9,924,27.3,57.6,1349,1,2
14,1423,32.6,54.7,1709,2,2
15,1395,21.3,51.5,-570,1,0
4,522,42.2,71.1,2003,3,1
7,972,33.5,45.0,0,1,0
24,1970,15.2,76.2,3176,2,4
19,1684,47.8,59.2,225,3,1
0,467,31.9,51.2,1416,0,0
13,1000,41.5,71.8,2097,2,2
8,822,34.1,73.0,-2075,2,0
11,1071,41.6,46.9,-897,2,0
4,785,39.2,77.8,269,2,0
23,1747,30.9,65.9,191,2,2
3,689,15.0,53.2,1881,0,1
11,1361,55.0,61.2,1620,3,2
3,878,29.7,67.5,1575,2,1
16,1250,23.7,75.0,3113,2,3
9,707,17.5,68.0,-660,1,0
15,925,27.9,76.4,1459,2,2
27,2097,28.7,56.2,-1313,2,2
10,863,51.5,65.7,166,3,0
22,1677,22.5,63.8,2815,2,4
7,762,40.2,79.5,-754,3,0
30,2397,29.9,77.4,1835,3,3
12,971,35.7,82.1,30,2,1
4,424,51.3,64.5,-1886,3,0
16,1296,39.3,72.4,1975,3,2
25,1951,45.3,77.9,590,4,2
15,1428,34.1,67.2,-1416,3,1
0,603,34.4,59.5,2815,0,0
2,591,39.3,68.2,268,2,0
30,2210,15.5,77.7,85,2,2
20,1440,40.7,56.0,1287,3,2
16,1230,28.8,61.6,-333,2,1
30,2116,44.9,67.2,142,4,2
30,2280,36.7,69.6,886,3,3
18,1425,47.5,75.9,0,3,1
27,1794,29.5,70.3,-1178,3,2
5,622,33.1,68.9,1053,2,1
21,1768,18.3,85.0,145,2,1
21,1740,31.4,47.3,358,2,2
10,1166,55.0,56.2,1156,3,1
14,1032,24.3,61.8,-404,1,1
24,1274,47.2,67.0,-1124,4,2
13,1109,26.4,72.9,13,2,1
30,1884,18.5,68.8,-2214,2,2
22,1474,29.1,63.9,1670,2,2
3,715,19.4,64.7,267,1,0
7,742,26.0,59.3,1171,1,1
10,894,31.4,64.6,69,2,1
6,1028,38.1,55.0,2008,2,1
24,1999,38.3,81.6,-348,3,2
25,1940,31.6,66.7,206,2,2
10,694,28.1,54.3,145,1,0
20,1285,45.3,85.0,1402,4,2
18,1436,33.9,65.0,18,2,1
15,1168,17.3,76.1,210,2,1
7,751,27.2,54.7,1534,1,1
15,1390,30.4,53.6,316,2,1
2,200,41.7,64.9,224,2,0
30,1820,33.7,47.1,1349,2,3
11,984,37.1,63.3,67,2,1
20,1431,33.2,57.4,362,2,1
28,1686,23.2,70.1,-377,2,2
2,446,43.0,66.4,9,2,0
11,742,17.8,59.3,3917,1,3
6,760,33.7,78.8,2889,2,2
8,1128,38.7,67.4,1917,2,1
25,2001,47.9,68.5,2014,4,3
18,1199,27.1,66.3,81,2,1
14,1124,45.8,60.7,2255,2,2
28,1896,50.5,68.3,1059,4,3
3,546,20.3,66.2,1562,1,1
1,595,45.3,62.0,2291,2,1
1,459,42.8,52.7,2135,1,1
14,1324,41.4,74.4,-1287,3,0
22,1740,49.9,52.0,1609,3,3
14,1265,31.2,58.8,763,2,1
12,1021,29.3,54.8,17,2,1
2,522,29.7,70.8,925,1,0
0,438,46.1,75.6,1963,0,0
19,1271,26.2,59.4,-173,2,1
3,390,41.8,59.7,-450,2,1
23,1614,44.0,73.1,225,3,2
1,495,39.9,45.4,-671,2,0
0,374,23.8,66.8,-566,0,0
9,1034,34.4,64.8,571,2,0
8,638,36.0,62.0,-588,2,0
21,1420,37.6,59.4,-943,2,1
21,1840,38.7,62.1,-1373,2,1
20,1903,49.5,46.8,840,3,2
6,682,43.2,65.7,2390,2,1
10,981,38.3,60.1,-1694,2,1
14,1224,33.5,58.7,765,2,1
0,222,33.0,77.0,-1863,0,0
29,2092,41.8,60.8,1368,3,3
6,834,38.0,64.9,1792,2,1
24,1502,26.7,64.2,198,2,1
26,1741,33.9,63.1,1662,2,3
30,1926,28.2,65.8,-1167,2,2
1,413,24.4,54.0,-741,1,0
2,374,38.5,59.8,1848,2,1
1,449,34.6,66.2,344,1,0
22,1741,24.8,65.8,-917,2,1
25,1931,24.5,65.3,285,2,2
9,1222,36.7,68.1,-1480,2,0
11,962,33.2,71.1,201,2,0
11,1260,22.0,61.8,-472,1,0
19,1740,44.7,67.1,1109,3,2
27,1953,55.0,71.2,3058,4,4
3,309,16.0,53.8,1069,0,0
29,1945,16.5,69.8,-1091,2,2
26,1907,20.9,46.8,2005,1,3
16,1109,40.5,53.0,1756,2,2
9,1119,47.4,54.1,286,2,1
26,2078,25.1,61.8,-2080,2,2
26,1673,41.3,65.6,1223,3,3
12,726,53.0,78.6,819,4,1
7,967,28.8,71.7,-204,2,0
26,2109,28.9,81.2,2814,3,4
16,1150,15.0,58.7,-1039,1,1
21,1633,52.1,58.9,-621,3,1
8,1308,47.4,65.1,1170,3,1
16,1105,33.2,72.9,1813,2,2
7,761,27.6,58.8,2030,1,2
16,1305,36.0,57.0,0,2,1
3,510,22.4,67.7,825,1,0
28,2457,22.6,73.2,392,3,2
28,2095,23.7,61.1,174,2,2
6,624,53.5,64.5,-533,3,0
20,1408,45.3,80.5,347,4,1
12,872,38.7,56.6,-135,1,1
16,1186,27.9,64.6,-1276,2,1
19,1401,45.0,45.0,-2021,2,1
2,318,30.8,72.8,367,1,0
12,1210,42.0,82.7,-398,3,0
1,269,24.5,60.8,295,0,0
11,976,46.7,72.5,322,3,0
1,490,21.4,60.9,1231,1,0
27,1699,55.0,68.6,-2048,4,2
8,1027,42.7,54.4,171,2,0
20,1627,43.2,61.1,2534,3,3
19,1635,39.2,75.8,370,3,2
27,1926,30.4,61.0,420,3,2
21,1760,41.7,63.2,-867,3,1
10,802,34.5,77.2,-940,3,1
21,1715,19.7,62.7,-2493,2,1
6,703,30.7,57.7,270,1,0
28,2016,41.3,65.7,212,3,2
8,786,35.1,60.5,-79,2,0
13,1023,27.8,80.1,-1314,2,0
6,1310,27.9,75.1,688,2,1
18,1587,27.9,69.1,-584,2,1
14,1254,35.3,65.5,2806,2,3
9,994,25.3,73.1,194,1,0
17,1337,55.0,53.5,3444,3,3
17,1306,31.0,70.7,335,2,1
2,274,36.4,65.3,176,1,0
5,621,31.7,71.7,-257,1,0
24,1803,29.4,57.1,109,2,2
15,1011,43.7,85.0,323,3,1
4,783,40.6,81.8,1114,3,1
27,2214,15.0,60.9,1000,2,3
4,534,26.8,62.9,334,1,0
5,564,19.8,62.0,696,1,1
22,1844,35.2,68.8,-1038,3,1
30,2162,33.7,83.5,1266,4,3
15,1145,33.5,83.0,3709,3,3
0,202,31.0,85.0,413,0,0
9,1000,35.0,54.7,590,2,1
6,771,25.5,64.7,1348,1,1
27,1675,35.9,67.1,142,3,2
2,598,43.2,79.9,-683,3,0
1,328,47.1,70.6,1241,2,1
12,920,36.4,73.6,-721,2,1
11,1090,37.9,79.6,992,3,1
27,2063,18.2,65.7,514,2,2
13,1011,49.7,67.8,1700,3,2
12,847,31.8,49.5,0,1,1
12,965,22.8,64.2,152,1,1
0,362,33.4,54.7,295,0,0
26,1991,39.8,70.7,1080,3,3
28,1979,33.2,82.2,3288,4,4
30,2009,20.8,59.8,1264,2,3
2,675,18.3,64.6,-862,0,0
6,687,53.5,61.3,435,3,0
25,1772,46.0,60.5,1632,3,3
11,1098,21.8,62.9,456,1,1
6,881,15.0,57.1,-252,0,0
12,839,38.8,61.8,1082,2,2
24,1500,27.8,64.0,-2158,2,1
3,460,28.9,63.1,246,1,0
25,1625,54.4,45.0,-1697,3,2
11,1091,32.7,59.7,428,2,1
23,1622,31.6,72.2,93,3,1
23,1204,27.0,63.6,-872,2,1
25,1890,35.6,79.4,64,3,2
17,1576,39.5,62.9,-1736,2,1
29,1950,49.1,64.4,-629,4,2
15,1230,28.0,84.9,-804,3,1
28,2089,21.1,45.0,-2070,1,2
21,1708,27.0,52.5,-282,2,1
27,2105,38.4,77.1,-1464,3,2
8,826,34.1,52.1,-30,1,0
14,1037,24.1,58.4,713,1,1
27,1886,38.8,67.6,73,3,2
24,1961,55.0,76.1,-1189,4,1
22,1441,40.5,45.0,-1991,2,1
24,1651,36.8,53.9,823,2,2
10,1001,38.4,65.6,1606,2,2
16,949,24.2,48.0,-1322,1,1
2,442,35.5,51.6,857,1,0
5,551,36.6,45.0,218,1,0
14,1432,24.5,52.7,1295,1,2
19,1216,52.0,85.0,-984,4,1
12,612,28.9,61.4,1615,2,1
4,557,35.1,66.1,845,2,0
24,2031,33.8,85.0,388,3,2
26,1777,22.0,45.0,-1534,1,1
13,1113,31.5,67.2,-574,2,1
10,742,23.9,62.5,1079,1,1
24,1920,40.0,48.5,461,2,2
10,743,15.5,57.9,1895,1,2
23,1517,29.5,72.2,-466,2,1
23,1548,33.1,47.9,2435,2,3
29,2167,34.7,78.9,1415,4,3
4,817,30.4,73.1,840,2,1
6,700,41.0,67.2,1581,2,1
29,2208,42.5,61.2,194,3,2
20,1533,37.5,54.6,0,2,1
11,1064,20.9,63.6,-1955,1,0
26,2076,48.7,58.7,195,3,2
26,1855,36.3,62.8,718,2,2
5,503,32.0,62.1,-2018,1,0
16,1335,20.6,59.7,-419,1,1
21,1438,39.4,60.8,-2068,3,1
13,996,26.3,57.4,-1491,1,0
12,1313,39.0,76.6,133,3,0
18,1648,38.2,62.7,-711,3,1
25,1873,25.4,85.0,1911,3,3
5,272,21.3,73.6,261,1,0
19,1353,40.8,58.5,2440,3,3
2,691,49.1,75.2,1007,3,0
26,1882,49.2,65.1,-1595,3,2
19,1605,40.3,60.6,38,2,1
17,893,50.0,61.6,201,3,1
1,356,43.8,64.1,3646,2,2
19,1459,34.7,63.8,1838,2,2
29,1839,23.8,52.1,-1056,2,2
23,1777,46.7,68.2,142,3,1
15,1219,28.8,67.6,-2079,2,0
7,845,45.3,60.8,195,2,0
10,911,38.7,63.8,2323,2,2
15,1260,37.7,85.0,1560,3,2
5,937,55.0,74.3,159,3,0
12,821,44.7,60.6,2381,2,2
28,1697,43.7,61.5,1827,4,3
10,622,33.1,76.2,-828,2,0
17,1449,36.6,62.1,2435,2,2
13,983,37.9,62.6,-1225,2,1
16,1379,36.0,67.9,1069,3,2
10,996,15.9,58.0,-1315,0,0
22,1437,38.0,53.1,-2396,2,1
29,2115,41.6,48.2,-1517,2,2
17,1409,40.3,58.1,-902,2,1
28,2225,40.1,77.8,-1720,4,1
0,267,51.5,60.0,13,0,0
20,1399,47.2,72.0,20,4,0
17,1350,41.8,50.3,660,2,1
6,736,21.4,74.4,1450,1,1
17,1487,28.9,70.6,2140,2,2
8,990,36.3,69.0,-2115,2,0
2,200,42.6,58.3,557,2,0
13,1065,21.8,83.9,302,2,1
1,672,30.8,77.5,281,2,0
0,627,22.8,66.5,-2467,0,0
8,808,50.2,75.4,-1551,3,0
14,1182,51.5,53.3,-1915,3,1
7,716,36.7,64.6,-236,2,0
26,2237,55.0,69.5,55,4,3
12,957,53.8,55.7,156,2,1
6,547,18.1,56.4,-1849,1,0
9,824,33.9,71.7,2204,2,2
3,576,38.4,61.0,1906,2,1
7,745,33.4,67.8,0,2,0
18,1066,42.6,54.9,289,2,1
29,2086,23.0,69.5,-1128,3,2
3,419,55.0,70.5,2454,3,1
27,1789,37.8,60.5,-2401,3,1
27,1957,43.6,70.3,-886,4,1
2,503,29.2,61.2,869,1,0
11,1006,52.6,57.6,679,3,1
13,842,29.4,56.4,323,2,1
24,1758,54.5,64.3,0,4,2
18,1453,40.1,71.5,-1452,3,1
7,826,49.5,70.2,384,3,0
5,816,31.6,59.4,-84,2,0
11,926,55.0,65.8,-794,2,0
24,1582,17.0,59.9,-341,1,1
17,1140,31.5,74.5,-1388,3,1
2,708,15.4,57.0,-726,0,0
22,1852,42.0,62.7,2472,3,3
6,637,47.3,67.9,917,2,1
23,1967,23.9,76.7,1052,2,2
30,2145,24.2,64.8,-1353,2,2
24,2099,31.5,60.0,-1430,2,1
2,438,33.4,70.1,1103,2,0
14,1383,46.4,50.1,-47,2,1
5,603,34.2,71.8,-167,2,0
23,1320,34.5,85.0,-1039,3,1
7,922,43.3,66.5,307,2,0
13,1037,55.0,77.8,1760,4,2
4,596,50.3,61.4,42,2,0
5,491,15.0,67.2,334,0,0
3,479,49.4,64.7,353,3,0
17,1538,22.5,55.5,-2252,1,1
20,1614,39.2,65.3,-1050,3,1
29,2246,43.9,68.4,-836,4,2
30,2155,48.7,61.8,1648,4,3
22,1877,24.9,73.4,275,2,2
2,667,21.6,70.2,-1583,1,0
18,1097,38.2,72.2,466,3,1
5,877,36.2,47.5,2552,1,2
19,1307,47.3,50.9,644,2,2
16,1348,41.7,55.9,1863,2,2
22,1530,22.9,54.5,-1877,1,1
5,345,36.8,77.1,-539,2,0
25,1961,43.1,74.4,1506,3,2
16,1155,36.2,53.3,1417,2,2
18,1488,36.0,79.2,-1628,3,1
7,829,26.9,63.7,-1753,1,0
21,1104,42.0,52.7,-471,2,1
25,1792,39.4,66.2,3022,3,4
12,1249,27.1,58.3,134,1,1
5,1045,27.5,64.0,138,1,0
18,1241,24.5,57.8,1673,2,2
1,311,20.8,70.4,51,1,0
21,1357,21.4,61.6,249,2,1
27,1988,38.4,54.5,-1359,3,2
22,1421,40.7,83.4,-1070,4,1
3,504,48.9,68.2,786,2,0
23,1847,46.1,62.6,2886,3,3
5,599,41.7,61.5,2263,2,1
14,1241,39.6,64.3,1092,2,2
5,808,19.1,52.7,236,0,0
8,409,48.0,75.0,1129,3,1
7,963,32.0,79.9,-2474,2,0
15,945,17.4,63.9,2020,1,2
18,1470,29.5,62.2,111,2,1
20,1685,46.8,71.7,-841,4,1
19,1113,31.7,71.9,1362,3,2
8,772,32.7,69.4,429,2,0
6,766,33.3,65.8,-1831,2,0
2,555,30.6,51.0,0,1,0
28,1955,27.7,57.3,-1691,2,2
6,847,38.0,61.4,566,1,0
2,619,19.3,61.7,210,1,0
20,1576,41.2,62.7,-944,3,1
26,2200,21.3,75.4,3357,2,4
23,1945,30.4,58.0,233,2,2
13,1060,31.7,71.9,2704,2,3
30,1769,31.9,68.7,-2323,3,2
0,302,38.1,82.4,-1223,0,0
23,1695,46.8,63.8,325,3,1
6,548,52.7,77.6,339,4,0
22,1544,29.8,70.3,408,3,1
5,373,38.4,60.0,2420,2,2
22,1768,38.5,72.0,1636,3,3
12,1113,41.8,65.8,345,2,1
17,1255,28.1,60.1,-1385,2,1
6,734,32.3,68.1,-2122,2,0
26,1935,26.4,61.8,-146,2,1
16,1766,30.0,66.7,519,2,1
16,1017,23.3,85.0,1486,2,1
0,545,16.8,59.4,-1292,0,0
20,898,32.0,74.7,1861,3,2
4,275,17.1,54.3,2062,1,1
28,1533,37.8,57.2,365,3,2
26,1581,45.9,73.4,-1799,4,2
27,2299,23.4,61.3,1286,2,2
8,738,32.7,77.3,-2220,2,0
25,1927,27.0,69.4,417,2,2
5,638,34.0,75.0,243,2,0
30,2132,15.9,84.3,-1835,3,2
12,793,40.3,49.4,-617,2,0
18,1444,40.6,57.2,-1483,2,1
11,1152,36.6,46.4,3232,2,3
13,956,33.9,80.5,-2036,3,1
8,797,35.8,75.7,-501,2,0
24,1901,29.3,55.0,323,2,2
30,2151,47.3,72.9,-1063,4,2
11,949,22.3,62.8,-925,1,0
4,520,48.0,70.4,1106,2,1
12,1164,23.5,60.6,-893,1,1
18,1359,20.6,73.2,181,2,1
12,969,42.0,54.8,1104,2,1
25,1666,37.3,70.6,-694,3,1
29,1995,40.6,67.3,2750,4,4
10,1129,26.1,59.9,-1157,1,0
22,1995,35.3,65.3,482,3,2
27,1715,44.9,61.0,-2371,3,2
19,1272,17.1,55.8,284,1,1
18,1589,36.5,62.8,1574,2,2
4,648,27.9,80.0,-2123,2,0
3,579,21.7,58.3,-1457,0,0
13,813,38.3,69.9,1084,2,1
25,1849,47.5,62.8,211,3,1
30,1913,39.7,69.2,-2262,4,2
19,1292,49.8,53.0,-551,3,1
13,1039,33.7,54.7,-1215,2,0
25,1933,28.2,67.3,102,2,1
0,547,21.3,77.9,2836,0,0
10,929,19.7,69.7,2769,1,2
28,1903,27.7,58.8,2675,2,4
22,1398,35.0,62.1,-678,3,1
24,1392,27.0,57.9,1809,2,3
10,747,24.0,57.6,-978,1,0
3,251,43.6,65.2,-372,2,0
21,1749,35.3,71.7,3125,3,3
1,355,55.0,54.6,-2331,2,0
5,704,49.4,45.1,-1292,2,0
13,1075,44.5,74.6,-2202,3,1
9,695,37.0,54.1,324,2,0
2,498,28.2,73.9,1010,2,1
19,1330,38.3,47.9,102,2,1
12,1114,39.2,56.3,275,2,1
12,1235,20.1,56.4,-324,1,1
20,1387,24.1,62.4,-57,2,1
6,784,31.7,73.2,-2172,2,0
19,1669,55.0,83.8,-401,4,1
10,680,37.5,54.4,-1692,2,1
13,1238,37.3,61.2,659,2,1
0,299,26.1,79.3,1345,0,0
20,1445,37.5,60.2,2754,2,3
24,1988,55.0,56.3,-631,3,2
4,408,55.0,65.6,-489,3,0
28,1847,30.0,48.5,1881,2,3
3,716,38.7,56.0,2847,1,2
5,938,51.6,49.3,-1256,2,0
1,390,38.7,73.3,-1014,2,0
21,1596,44.6,63.5,3415,3,4
28,1929,46.4,49.8,161,3,2
28,1896,30.5,62.3,225,2,2
27,1837,38.9,74.8,3015,4,4
22,1338,24.6,74.7,-653,2,1
7,658,42.7,51.4,-1686,2,0
13,1450,30.0,70.2,-464,2,0
28,1941,52.0,69.9,386,4,2
3,306,41.2,61.2,296,2,0
14,1015,31.2,53.6,-2450,1,1
7,777,33.1,71.5,-502,2,0
2,555,32.3,77.0,1843,2,1
7,798,45.7,72.7,-1553,2,0
10,1254,49.7,76.9,28,3,0
18,1315,42.5,63.9,-265,2,1
24,1724,26.1,54.5,2004,2,3
0,550,47.5,60.5,-2217,0,0
12,1281,41.5,65.6,128,2,0
18,1442,24.2,54.1,301,1,1
14,1402,38.4,65.1,-2073,3,1
14,996,25.1,58.7,1825,1,2
2,553,52.5,68.5,1696,2,1
30,2014,49.7,60.8,250,4,2
5,482,44.4,64.8,2077,2,1
5,693,18.4,65.9,495,1,0
13,1176,30.3,79.3,2138,2,2
13,1222,33.9,69.1,-1437,2,1
10,952,15.0,55.3,-362,1,0
22,1966,17.3,54.1,1250,1,2
23,1637,31.8,85.0,1132,3,2
22,1324,33.0,48.7,1534,2,2
5,459,15.0,56.8,-511,0,0
11,724,15.2,52.3,34,0,0
6,492,55.0,73.4,297,3,1
5,807,33.7,79.3,-989,2,0
16,1386,37.7,60.2,1074,2,1
15,699,23.1,81.3,188,2,1
21,1446,32.8,61.1,2143,2,3
14,1008,38.4,72.5,448,3,1
20,1347,33.8,58.7,2833,2,3
16,739,46.3,49.5,-322,2,1
9,1022,26.9,58.2,2391,1,2
14,1389,43.1,65.8,-398,3,1
29,1795,15.8,71.9,-973,2,2
28,1973,33.0,45.7,1370,2,3
16,1473,21.6,77.1,297,2,1
13,908,44.1,71.9,1660,3,2
29,2071,33.1,57.0,1261,2,3
16,1287,33.2,55.9,778,2,1
15,1151,23.8,81.9,3452,2,3
16,1202,33.9,67.2,984,2,1
2,941,37.8,80.7,314,2,0
30,2009,37.4,51.0,1758,2,3
24,1788,23.0,56.7,1897,2,3
16,1410,43.1,53.8,2257,3,3
9,691,34.8,55.4,101,1,1
26,1618,37.0,69.6,144,3,2
1,474,18.6,51.7,410,0,0
12,894,35.9,45.0,3333,1,3
23,1519,35.8,76.9,-275,3,1
28,2236,15.0,45.7,1801,1,3
10,1014,19.0,66.9,242,1,0
5,558,31.0,69.8,-1494,2,0
27,1807,28.1,70.2,262,3,2
20,1320,33.4,82.4,158,3,1
13,1273,47.4,73.8,-288,3,0
16,1203,40.3,68.8,-665,3,1
26,1973,30.8,73.2,-1354,3,1
12,1008,40.8,78.6,-1213,3,1
24,1896,55.0,80.4,-398,4,1
24,1746,18.6,68.2,1545,2,3
21,1663,28.5,69.1,-20,2,1
26,1766,15.0,79.9,-101,2,2
18,1193,44.9,59.8,207,3,1
10,855,55.0,60.3,-820,3,0
20,1687,24.1,74.8,-1406,2,1
1,419,21.5,50.9,-1110,0,0
29,2232,30.2,63.2,910,3,3
0,619,43.4,82.9,3336,0,0
6,704,27.1,63.5,-423,1,0
7,987,23.4,64.8,-2031,1,0
3,535,25.7,81.9,1357,2,1
29,1801,49.0,68.8,1851,4,3
26,1476,28.0,62.4,133,2,2
1,691,38.7,56.4,56,1,0
13,1112,22.1,74.3,22,2,1
5,842,43.0,61.2,830,2,0
23,1711,28.6,69.5,224,2,1
7,782,29.7,60.2,263,1,0
11,863,35.4,67.1,166,2,0
10,847,43.8,74.8,22,3,0
26,1597,50.3,59.8,655,3,2
10,1002,15.0,63.7,3148,1,2
8,929,27.3,58.6,3229,1,3
13,1343,15.0,79.8,82,1,1
11,995,37.3,74.3,1443,2,1
15,1142,27.8,62.2,551,1,1
8,927,52.0,64.8,-2093,3,0
17,1326,50.2,68.5,1343,3,2
13,954,34.5,57.4,142,2,0
2,545,35.9,65.2,1347,1,1
23,1421,28.5,56.3,275,2,1
9,937,25.0,59.7,-1183,1,0
5,710,39.9,53.3,-654,1,0
7,1090,22.0,60.0,1819,1,1
19,1712,37.9,60.6,134,3,1
8,878,29.7,73.9,132,2,0
22,1179,24.3,46.4,2213,1,3
7,690,40.6,66.7,363,2,0
23,1806,28.2,53.9,178,2,2
10,1180,25.1,71.5,-334,2,0
16,1271,45.3,65.2,-1307,2,1
14,1014,36.3,51.2,1591,2,1
5,716,30.9,69.4,516,1,0
23,1648,31.5,63.8,-1120,2,1
8,854,42.4,57.4,-654,2,0
4,752,39.2,70.1,-987,2,0
21,1755,24.9,77.5,1122,2,2
20,1741,24.7,48.6,209,2,1
28,2105,41.4,60.1,197,3,2
6,552,44.9,71.6,-27,2,0
16,780,34.9,52.0,197,2,1
9,791,34.1,57.5,-836,1,1
18,1045,48.7,77.8,119,4,1
9,1125,28.3,61.1,-1687,1,0
1,578,47.1,79.4,-1172,3,0
14,1226,26.7,49.5,596,1,1
7,727,31.0,65.9,83,2,0
14,1285,53.2,58.8,3155,3,3
7,512,25.0,57.4,-118,1,0
30,2275,39.9,81.0,2725,4,4
14,1045,21.4,68.7,-148,2,1
10,1125,39.4,65.7,-1953,2,1
18,1343,34.7,67.0,-1285,3,1
22,1726,35.7,64.8,1101,3,2
5,489,33.8,81.9,-1262,2,0
1,744,24.3,55.2,285,0,0
18,1386,41.8,59.0,-1933,3,1
4,493,47.2,59.8,455,3,0
9,868,25.1,55.9,442,1,0
14,1197,28.4,85.0,146,3,1
23,1568,53.9,77.7,378,4,1
24,1679,39.2,60.5,92,3,2
10,814,46.9,59.3,68,2,0
19,1109,54.3,85.0,-835,4,1
30,1799,37.9,62.4,-1699,3,2
29,1678,37.1,60.7,-741,3,2
5,780,26.0,72.1,-256,2,0
23,1603,17.6,61.6,-607,1,1
4,712,32.9,65.8,-2482,1,0
26,1824,30.1,45.1,-610,2,2
8,712,31.4,79.6,-1561,2,0
22,1504,49.2,49.9,-362,3,1
29,2024,34.4,73.8,3033,3,4
22,1486,44.2,56.7,238,2,2
17,1312,36.6,66.2,-2372,3,1
16,1400,44.7,67.8,838,3,2
22,1605,37.8,61.6,84,3,1
1,465,35.2,53.0,1433,1,1
18,1204,34.8,64.0,2961,2,4
28,1928,39.6,55.9,811,3,2
22,1441,45.3,84.8,-837,4,1
7,844,27.0,75.6,191,2,1
27,2025,48.2,67.2,-772,4,1
5,743,35.1,81.3,34,2,0
25,1958,26.7,46.2,209,1,1
19,1281,32.1,54.4,57,2,1
29,1916,16.6,67.3,-947,2,2
24,1851,22.4,69.4,922,2,2
25,1666,32.3,53.2,-1427,2,1
26,1652,35.5,69.2,34,3,1
11,704,47.9,67.5,220,3,1
12,839,27.4,85.0,251,2,1
26,2137,37.7,68.9,1538,3,3
9,1103,27.9,57.4,-65,1,0
7,794,41.5,77.0,650,2,1
19,1308,33.4,62.7,304,2,1
2,292,24.1,76.6,-1367,1,0
18,1346,41.0,53.3,608,2,1
26,1693,39.2,75.7,3188,4,4
29,1704,49.8,56.3,-2401,3,2
25,1947,31.6,57.8,2651,2,3
14,1653,46.6,57.9,146,3,1
7,870,42.2,63.1,3338,2,3
29,1964,29.3,58.6,1090,2,3
9,577,46.2,59.9,1851,2,1
18,1796,33.0,64.1,1485,2,2
10,590,25.4,67.4,0,2,0
7,654,37.5,77.6,242,3,0
19,1645,23.4,57.9,306,2,1
13,1344,20.2,74.7,102,2,1
20,1317,39.2,64.7,-474,2,1
21,1588,26.7,45.0,-1662,1,1
17,1289,39.3,68.4,-2281,3,1
21,1601,30.1,82.8,3746,3,4
23,1332,27.0,53.6,1148,2,2
14,1262,28.4,56.0,3121,1,3
19,1645,30.6,66.3,1260,2,2
13,1125,39.6,75.5,-1899,3,1
22,1440,39.6,65.7,-1162,2,1
26,1958,35.8,64.6,140,3,1
6,659,26.7,53.8,1745,1,1
28,2152,29.5,49.3,961,2,3
26,1250,39.3,66.3,1785,3,3
17,1740,47.9,58.6,194,3,1
23,1668,42.6,46.9,-356,2,1
5,896,39.1,51.7,-1841,1,0
29,2092,50.9,66.8,-50,4,2
2,231,30.2,45.0,-144,1,0
18,1258,26.8,46.3,1342,1,2
11,1021,22.6,73.4,1634,1,1
0,200,35.8,73.8,3012,0,0
24,1542,33.8,60.0,77,2,2
30,2309,38.7,61.2,-140,3,2
8,1013,52.1,61.7,-609,3,0
24,1302,27.4,53.1,-582,2,1
19,1577,34.5,75.1,315,3,2
10,1000,28.2,59.6,2411,1,2
21,1755,25.4,67.6,2412,2,3
25,1922,15.0,68.9,1911,2,3
21,1653,41.7,68.6,-394,3,1
5,894,39.5,70.9,258,2,0
14,1128,42.3,61.2,2399,2,2
16,1019,43.3,71.8,1144,3,1
24,2105,49.5,81.4,1639,4,2
14,1116,49.2,68.3,-253,3,0
27,1819,28.0,75.2,389,3,2
15,949,29.8,73.8,0,3,1
18,1368,35.8,66.8,-1724,2,1
10,769,33.2,70.4,-633,2,0
9,988,40.9,63.6,-690,2,0
16,1211,32.2,68.4,454,2,1
7,883,37.3,78.7,-237,2,0
22,1543,36.6,61.1,141,2,1
21,1493,40.0,70.1,1132,3,2
3,329,46.5,54.9,338,2,0
7,663,42.0,66.5,0,2,0
17,1659,19.9,69.8,-818,2,1
28,1935,25.7,66.1,-2143,2,2
23,1874,37.5,59.8,1849,3,3
16,1091,40.9,55.6,-1350,2,1
19,1509,27.4,62.1,208,2,1
13,1472,32.8,69.1,220,2,1
11,1088,37.0,56.0,317,2,1
14,987,28.0,48.5,-251,1,1
9,705,32.9,77.1,373,2,1
26,1957,55.0,60.4,-1721,4,2
5,567,17.4,45.0,-1281,1,0
17,1771,36.8,70.0,1185,3,2
6,481,33.8,77.1,219,2,0
13,1394,29.9,45.0,94,1,1
5,750,33.6,66.1,-967,2,0
26,1718,17.3,50.3,2465,1,3
25,1783,24.5,53.0,-331,2,1
27,1737,43.0,83.4,-709,4,1
12,1070,32.9,65.3,-2160,2,1
6,707,33.7,74.9,131,2,0
23,1869,38.8,74.8,191,3,2
12,1186,53.9,60.3,-48,3,0
16,1379,41.8,78.7,-1167,3,1
23,1512,36.4,54.1,1886,2,2
3,620,43.8,71.1,1675,3,1
12,758,24.2,55.0,453,1,1
20,1175,43.6,56.6,-338,3,1
28,2059,38.3,65.5,260,3,2
10,663,24.0,69.4,543,1,1
11,985,42.2,76.7,2861,3,2
7,759,29.0,57.6,-26,1,0
24,2010,37.1,85.0,216,3,2
14,919,23.0,69.0,1000,2,1
5,348,34.8,85.0,1857,3,1
23,1642,32.6,62.4,-1018,2,1
9,913,33.2,59.6,37,2,1
24,1957,38.9,85.0,1550,4,3
16,1493,55.0,56.7,759,3,1
28,1980,26.7,65.6,-1739,2,2
16,1401,21.5,66.6,180,2,1
12,940,47.3,61.3,2753,2,3
1,394,30.4,58.7,-1928,1,0
8,994,21.1,58.3,1988,1,1
15,1117,28.2,74.3,-1297,2,1
0,429,25.2,66.2,345,0,0
18,1422,31.0,61.0,1869,2,2
29,1995,55.0,61.5,213,4,2
21,1506,35.9,78.8,367,3,1
13,1132,38.1,53.0,214,2,0
3,551,15.0,60.1,406,0,0
29,2011,44.8,59.6,1535,3,3
26,1923,31.9,56.8,-97,2,2
12,960,36.3,74.5,-814,2,1
28,1543,28.6,72.7,-2071,2,2
26,1868,41.1,61.0,1027,3,2
24,1764,28.0,60.2,291,2,2
30,2179,34.1,63.6,-1735,3,2
22,1837,19.8,65.4,-133,2,2
20,1250,43.2,66.2,888,3,2
1,571,36.0,67.1,889,2,0
18,1135,44.3,68.5,469,3,1
29,1855,25.3,74.2,0,3,2
1,411,26.7,53.6,179,1,0
19,1296,27.5,82.7,-57,2,1
12,877,42.7,71.0,155,3,1
16,1128,32.3,65.5,1170,2,2
7,673,24.9,85.0,-588,2,0
20,1614,32.1,66.5,-401,2,1
13,1152,17.5,48.3,2758,1,3
17,1273,35.0,61.3,1872,2,2
15,1478,36.7,64.4,321,2,1
28,1937,33.3,66.1,-628,3,2
16,1020,20.4,45.8,-2276,1,1
8,793,44.3,68.1,1691,3,1
10,792,32.4,46.9,-855,1,0
2,600,34.5,57.3,-1726,2,0
7,478,52.5,54.8,296,2,0
1,513,19.8,72.0,207,1,0
2,704,31.6,60.4,908,1,0
24,1671,35.3,52.7,-879,2,1
30,2166,46.4,71.7,-533,4,2
12,856,30.2,45.0,2346,1,2
0,479,52.2,45.0,-203,0,0
28,2254,36.8,80.5,0,4,2
19,1488,23.0,69.6,1781,2,2
25,1716,34.4,71.3,-2197,3,2
18,1516,43.5,61.2,846,3,2
5,200,55.0,71.6,-215,3,0
12,964,45.0,65.0,208,3,1
4,411,27.9,78.5,222,2,0
7,829,41.9,71.3,2332,3,2
25,1862,23.3,60.7,1534,2,2
27,2070,27.8,46.8,-743,2,1
11,834,28.2,78.7,136,2,1
2,635,35.6,71.4,-471,2,0
17,1453,39.3,52.3,-793,2,1
18,1937,31.3,45.0,-429,1,1
0,423,25.6,84.1,1419,0,0
11,1105,21.4,67.5,1193,1,1
30,1444,23.1,57.2,2768,2,4
18,1582,34.4,69.3,250,2,1
4,951,55.0,61.5,233,2,0
30,1865,36.2,66.6,0,3,2
26,1688,24.3,78.5,835,2,2
24,1594,26.3,68.3,-994,2,1
11,647,38.3,70.2,860,2,1
25,1692,19.7,69.9,44,2,2
2,547,36.1,65.3,85,2,0
26,1989,43.1,57.8,-1974,3,2
7,698,36.1,57.0,-1662,1,0
14,1108,41.2,56.9,-629,2,0
9,768,29.3,72.1,-746,2,0
20,1496,23.6,45.0,1869,1,3
17,1353,53.0,57.0,-261,3,1
13,948,31.2,50.9,2862,1,3
3,611,34.1,62.1,-787,2,0
22,1730,15.8,67.4,2923,1,4
0,335,29.2,69.2,1629,0,0
7,776,23.5,60.0,-48,1,0
23,1552,21.7,75.3,2948,2,4
30,2214,45.5,75.6,259,4,2
4,309,45.6,62.5,2606,2,2
30,2160,36.3,56.1,-1568,3,2
26,2192,24.4,77.1,-796,2,2
19,1326,37.2,80.2,167,3,1
4,266,53.1,70.0,867,3,0
7,434,38.1,61.9,5,2,0
29,2168,27.9,61.9,-2399,3,2
20,1378,37.8,57.6,-30,2,1
19,1395,23.5,85.0,2571,2,3
29,1921,42.0,60.7,2690,3,4
21,1312,35.9,72.5,1173,3,2
21,1719,35.7,71.1,-859,3,1
26,1887,42.7,53.7,2597,2,4
0,395,32.3,62.7,-309,0,0
11,715,45.4,68.9,-1025,3,0
20,1679,33.3,49.6,-389,2,1
22,1408,38.7,53.0,1737,2,2
27,1687,35.9,71.9,-408,3,2
16,1300,30.7,68.4,180,2,1
2,523,35.1,76.5,205,2,0
21,1647,40.9,63.8,1337,3,2
29,2016,34.7,58.9,-1408,3,2
22,1530,33.3,73.2,1305,3,2
17,1379,37.2,65.0,108,2,1
26,1910,35.2,69.1,1599,3,3
18,1375,27.7,61.3,1990,2,2
6,653,15.0,69.2,163,1,0
9,964,27.0,57.5,-1,1,0
1,675,30.8,59.2,3635,1,2
2,467,43.5,68.0,1772,2,1
20,1210,44.0,57.6,-446,3,1
30,2033,17.3,69.5,32,2,2
30,1889,35.0,84.4,-176,4,2
16,1286,45.9,66.6,1146,3,2
10,726,47.7,59.7,-447,2,0
8,967,21.5,70.4,554,1,1
29,2045,37.3,67.5,-894,3,2
14,1275,42.8,60.2,253,2,1
7,978,15.0,64.1,-1479,1,0
25,1802,40.1,80.9,-722,4,2
10,997,28.0,59.3,1164,1,1
12,1118,35.9,67.9,-2134,2,0
21,1730,44.9,73.8,1705,4,2
23,1698,35.6,61.7,1332,3,2
19,1072,24.7,75.0,-249,2,1
22,1719,36.3,62.8,1959,3,3
13,1275,49.7,51.2,-1698,3,1
5,813,30.5,66.2,1109,2,0
7,745,35.6,48.4,-838,1,0
21,1891,44.0,61.7,-284,3,1
7,806,30.8,68.9,324,2,0
18,1548,37.3,65.8,1886,3,2
19,1503,21.9,63.2,283,1,1
7,686,30.6,65.1,844,1,1
22,1863,53.2,60.5,84,4,1
2,672,16.7,49.1,-576,0,0
25,1672,45.9,79.9,-1110,4,1
20,1329,32.8,55.3,-586,2,1
9,1208,37.9,66.7,1375,2,1
5,653,19.7,59.1,588,1,1
27,2384,37.8,65.1,285,3,2
29,1801,37.9,52.0,174,2,2
11,870,39.0,45.0,200,1,1
29,1938,20.3,74.4,-2255,2,1
3,515,30.9,80.5,1421,2,1
9,1003,33.2,80.1,-1112,2,0
17,1363,46.8,64.7,-1041,3,1
0,274,32.6,50.0,2423,0,0
2,439,43.7,62.6,-1956,2,0
7,604,48.5,65.9,66,3,0
7,853,44.5,64.2,22,3,0
8,853,41.8,70.9,94,2,0
14,1299,17.8,58.5,-1963,1,1
5,237,35.2,67.8,967,2,1
16,1417,30.6,64.9,-2122,2,1
14,869,21.1,60.3,-439,1,1
14,882,25.8,70.0,349,2,1
30,2115,31.1,53.4,-781,2,2
12,1216,36.2,67.7,865,2,1
5,894,50.0,71.9,927,3,1
11,864,25.0,72.5,320,3,1
24,1762,35.8,83.6,-1541,4,1
30,2035,15.0,61.6,1371,2,3
1,679,34.9,69.6,2064,2,1
20,1304,34.6,61.9,-2197,2,1
14,1284,46.5,63.2,55,3,1
13,1013,20.3,71.3,3173,2,3
14,1449,45.9,58.8,1795,2,2
5,652,42.1,75.6,2184,3,2
12,859,35.7,59.7,2078,2,2
23,1526,26.6,71.1,-2198,2,1
20,1439,39.8,60.3,293,2,1
29,1949,19.8,63.2,486,2,2
26,1908,28.6,52.9,-403,2,1
20,1667,30.8,45.0,199,2,1
1,429,50.2,81.8,-641,3,0
23,1636,33.8,77.4,655,3,2
21,1479,29.1,85.0,1951,3,2
6,500,47.3,50.8,-2041,1,0
6,571,51.5,67.7,-510,3,0
28,1802,17.9,68.0,125,2,2
26,2139,49.4,72.6,-250,4,2
13,1205,37.0,47.8,276,1,1
28,1831,36.2,57.3,-467,2,2
12,757,23.3,47.5,-573,1,0
17,1225,35.8,70.5,3513,3,4
26,1815,19.4,70.5,1093,2,2
20,1446,31.2,79.8,-509,3,1
25,1725,21.5,63.0,1312,2,2
1,391,35.5,63.6,3271,1,2
19,1546,28.4,64.4,2320,2,3
2,483,28.8,63.4,1097,1,1
9,986,43.9,78.5,-1711,3,0
7,675,36.7,72.0,2096,2,2
10,942,46.3,59.2,-480,2,0
14,1042,41.8,82.1,-573,3,1
16,1154,45.1,54.5,-473,2,1
2,498,40.6,55.8,200,2,0
27,2017,40.2,58.5,2932,2,4
9,951,44.0,72.3,1468,2,1
11,1091,33.1,49.8,-1141,1,0
2,282,27.5,57.2,151,1,0
12,995,23.5,72.5,1869,2,2
0,423,29.7,73.9,-2125,0,0
26,1980,43.2,50.6,-1091,3,2
25,1832,36.1,63.7,273,3,2
22,1854,28.9,55.3,207,2,1
8,785,28.4,60.6,-580,1,0
25,1537,41.8,67.2,1383,3,2
23,1500,36.1,68.2,-1596,3,1
15,1448,40.2,77.3,-206,3,1
25,1715,40.6,66.4,-327,3,1
11,1147,55.0,67.2,-1027,3,0
6,616,51.7,46.4,2630,2,2
12,779,29.0,73.4,-2069,2,1
16,1235,53.3,73.4,-1519,4,1
14,1119,33.7,70.8,-411,2,1
2,1021,34.0,55.8,2229,1,2
23,1634,34.6,55.2,350,2,2
20,1249,41.0,66.1,-395,3,1
3,639,43.3,60.6,65,2,0
21,1389,51.7,84.2,-364,4,1
16,1106,55.0,62.2,3006,3,3
7,474,36.2,64.6,472,1,0
11,1265,22.7,58.8,-639,1,0
0,460,36.0,77.8,-2233,0,0
13,1175,41.2,63.5,819,2,1
16,1338,45.1,51.1,-210,2,1
7,889,51.2,58.4,-845,2,0
15,1511,48.2,72.0,66,3,1
12,779,27.5,56.6,1103,2,1
22,1294,29.7,69.6,-2142,2,1
20,1883,53.0,66.0,2325,3,3
26,1730,46.6,69.4,3181,4,4
16,1532,33.1,69.5,-1698,2,1
29,1991,43.2,71.8,-2374,4,2
18,1339,33.3,78.2,-672,3,1
28,2005,34.2,82.9,394,4,2
1,576,45.8,64.8,457,2,0
8,785,39.3,62.7,186,2,1
24,2003,41.5,56.9,1137,3,2
17,958,40.8,57.0,180,2,1
26,1605,23.5,81.2,2342,2,3
12,895,29.7,71.3,279,2,1
13,1091,32.5,70.2,3469,2,3
13,1267,17.7,51.6,579,1,1
21,1358,28.5,59.4,1681,2,3
6,547,35.8,62.3,3908,2,3
18,1464,36.6,65.9,-2169,2,1
18,1351,36.6,59.6,272,2,1
0,314,36.4,62.4,-1741,0,0
16,1368,48.7,80.7,2153,4,2
9,607,39.4,72.7,-1986,2,0
16,1666,16.4,59.8,108,1,1
3,513,41.8,50.8,2265,1,1
22,1681,28.0,61.6,-1756,2,1
12,1108,30.1,59.2,336,1,1
2,387,27.0,70.9,2556,1,2
14,790,52.3,71.0,1126,3,1
27,2009,44.8,58.3,-1777,3,2
22,1687,34.3,83.3,-501,3,1
7,664,46.7,55.7,809,2,1
2,273,19.2,67.2,3359,1,2
29,1948,29.8,74.3,1565,3,3
20,1480,33.5,61.5,-2335,2,1
30,1760,37.8,71.0,2522,3,3
14,1433,37.5,68.2,1539,3,2
28,1879,30.9,65.2,-268,3,2
16,1169,28.0,65.0,-2250,2,1
21,1624,38.2,85.0,340,3,2
0,429,18.6,64.0,102,0,0
8,858,33.8,55.2,375,1,0
5,802,32.6,70.1,2497,2,2
16,1381,31.2,71.2,940,2,2
18,1911,33.8,63.0,1085,3,2
9,860,47.8,45.2,0,2,0
27,1704,40.9,62.9,-665,3,2
1,411,23.5,59.6,212,1,0
1,532,31.3,57.6,-185,1,0
2,487,38.7,45.2,1634,1,1
16,1068,55.0,52.4,574,3,1
3,868,15.0,55.6,-1216,0,0
9,792,34.2,61.0,85,2,0
25,1670,31.9,78.9,1376,3,2
3,668,44.0,73.9,74,2,0
5,883,40.2,64.0,-2347,2,0
0,764,19.0,65.2,1540,0,0
9,1017,28.4,61.0,687,1,0
27,1685,28.0,63.1,2167,2,3
29,1811,55.0,71.8,2081,4,3
18,1244,39.8,73.4,-1020,3,1
20,1462,36.8,78.2,-1278,3,1
19,1381,30.0,63.3,-2239,2,1
20,1600,31.1,76.9,1389,3,2
9,1171,22.6,62.7,-295,1,0
26,2285,21.4,48.5,1140,2,2
19,1382,44.2,62.7,94,3,1
4,553,23.4,52.3,-552,0,0
20,1362,51.9,85.0,261,4,1
9,891,37.7,52.6,87,2,0
0,363,39.5,75.6,-1863,0,0
30,1818,38.3,64.7,-875,3,2
24,1469,30.4,68.8,-1216,3,1
6,739,34.0,69.7,51,2,0
27,1858,39.5,73.4,545,3,2
23,1814,35.9,62.2,1294,2,2
2,442,33.7,64.7,715,1,0
17,1693,26.5,69.8,314,2,1
26,1993,25.8,51.6,-2214,2,2
25,1734,41.2,56.8,922,3,2
25,1968,44.5,62.8,-264,3,2
20,1645,55.0,69.3,268,4,1
17,1510,15.0,83.4,124,2,1
29,2103,45.4,54.5,950,3,2
24,1770,29.0,56.4,3105,2,4
19,1466,35.1,81.4,-1184,3,1
22,1779,39.8,72.4,-627,3,1
17,1347,48.1,64.2,1976,3,2
15,1301,34.3,62.1,300,2,1
30,2126,41.4,68.3,3560,4,4
14,1299,15.0,59.3,312,1,1
3,449,25.1,69.0,649,1,0
20,1710,40.6,73.6,181,3,1
9,1044,40.6,63.8,-497,2,0
3,511,35.0,61.6,-1763,1,0
6,464,33.0,75.9,1339,2,1
20,1470,44.3,69.4,-865,3,1
25,1846,30.9,75.1,1189,3,2
7,1045,26.6,61.1,-1176,1,0
17,1525,24.0,71.4,632,2,2
4,512,30.0,65.5,-215,1,0
24,1676,31.5,66.2,493,3,2
5,344,42.0,67.4,249,2,0
14,1239,40.9,62.3,1645,2,2
11,970,30.7,63.3,1171,2,1
9,1129,36.7,47.8,-407,0,0
16,1319,17.3,55.8,1381,1,2
21,1746,52.7,64.9,164,3,1
7,464,27.5,75.2,0,2,0
28,1945,52.0,66.1,-1961,4,2
3,217,16.1,80.9,905,1,0
28,2164,33.4,76.7,780,3,2
4,940,21.0,71.6,-880,1,0
15,1038,34.1,69.9,-591,2,0
17,1502,34.7,55.4,-640,2,1
4,492,41.7,55.9,194,2,0
2,482,15.9,50.8,1077,0,1
14,992,27.5,78.5,218,2,1
19,1406,45.7,48.2,1942,2,2
16,1207,38.4,66.5,208,2,1
19,1505,37.1,77.7,-2077,3,1
18,1461,36.0,60.1,-894,2,1
9,914,21.3,67.0,3459,1,3
4,588,29.3,85.0,145,3,0
24,1697,32.9,74.0,185,3,2
14,1155,44.9,70.3,-962,3,1
25,1520,25.3,54.3,1014,2,2
29,2166,30.1,58.1,-912,3,2
11,1104,41.8,85.0,2037,3,2
29,1944,21.5,61.1,-466,2,2
6,960,55.0,52.5,3470,2,2
0,607,26.3,57.0,-1989,0,0
1,397,21.1,56.3,820,0,0
3,494,24.6,63.6,1673,1,1
11,814,32.6,48.2,-382,2,0
9,1010,35.2,63.0,392,2,0
8,1006,37.2,71.1,-2482,2,0
30,2092,33.8,53.8,3315,3,4
29,2061,44.8,62.1,-378,4,2
12,754,41.6,55.1,-567,2,0
11,1018,31.5,54.2,3258,1,3
6,377,24.3,70.6,-1195,1,0
26,1981,30.1,66.7,411,2,2
26,1945,31.5,45.0,-2383,2,2
12,1001,36.7,49.3,-365,2,0
28,1890,42.1,70.4,-1323,3,2
5,576,20.5,48.9,96,0,0
13,1256,36.1,55.3,286,2,1
25,1737,27.9,45.0,129,2,1
28,1781,26.5,50.8,437,2,2
26,2132,30.3,78.7,-2338,3,2
12,1176,31.4,60.0,2443,2,2
14,1058,17.6,56.1,1679,1,2
18,1455,29.4,58.0,1647,2,2
14,1026,24.5,67.1,1897,2,2
11,959,31.0,64.0,-333,2,0
1,385,53.0,64.1,1297,2,0
28,1820,35.4,70.9,241,3,2
13,1500,31.7,56.3,1875,2,2
26,1774,25.5,81.8,-305,3,2
1,431,47.3,70.6,3880,2,3
10,608,32.5,79.1,1127,2,1
28,1987,44.1,64.1,-1649,3,2
0,648,49.2,79.9,3239,0,0
26,1668,19.9,57.2,2244,1,3
4,470,42.2,78.3,2547,2,2
17,1375,31.5,57.4,142,2,1
19,1172,28.0,60.9,-2172,2,1
25,1759,18.1,68.9,3720,2,4
5,556,34.5,54.3,-1131,1,0
23,1630,21.2,54.4,-409,2,1
23,1812,43.1,68.0,-634,3,1
4,624,47.5,72.8,692,2,0
12,740,33.7,69.1,-262,2,1
9,1018,45.0,59.9,0,2,0
4,592,53.6,76.8,-1808,3,0
9,960,23.8,60.1,974,1,1
3,328,29.4,71.3,683,2,0
15,1350,38.4,70.0,2260,2,2
26,1815,38.0,58.8,2150,2,4
14,1113,42.6,53.2,-321,2,1
23,1584,25.2,69.7,-1180,2,1
1,395,55.0,64.2,548,3,0
27,1897,25.8,64.2,-735,2,2
10,701,33.5,67.5,3786,2,3
29,2128,34.3,68.7,120,3,2
19,1234,30.8,80.0,1505,3,2
3,597,41.8,55.0,583,2,0
29,1660,45.9,66.6,342,4,2
0,218,21.4,73.4,1219,0,0
25,1814,52.9,74.8,592,4,2
30,1908,43.0,71.3,-1342,4,2
11,860,41.7,85.0,-1365,3,0
2,460,25.2,65.1,15,1,0
4,500,32.0,55.9,-1096,1,0
23,1492,26.1,61.7,842,2,2
1,200,47.5,63.2,1862,2,1
25,1780,21.7,57.1,-2139,2,1
9,667,31.6,71.5,1169,2,1
10,574,32.8,72.6,2572,2,2
24,1822,39.4,79.7,1143,4,2
21,1694,42.8,49.5,1796,2,2
26,1641,44.8,72.4,2459,4,3
4,504,15.0,64.3,404,0,0
1,662,51.2,69.6,-36,3,0
19,1406,32.1,45.0,311,1,1
11,1217,33.7,54.2,-1994,1,1
23,1567,30.7,55.5,605,2,2
13,1263,44.1,69.1,-637,3,0
5,866,43.1,63.2,0,2,0
19,1428,45.0,68.5,-434,3,1
14,1352,28.1,73.4,-1806,2,1
26,1818,39.6,80.1,-981,4,2
16,1185,28.8,66.4,-589,2,1
24,1563,46.4,73.8,1334,4,2
25,1795,37.0,66.6,-757,3,1
21,1349,24.0,78.5,259,3,2
16,973,53.6,73.5,-726,4,1
22,1735,34.1,75.3,1418,3,2
10,742,37.0,85.0,819,3,1
1,828,29.1,60.0,1192,1,1
21,1523,36.2,63.8,0,2,1
27,1895,51.6,62.9,212,3,2
8,898,47.4,64.2,232,2,1
29,1974,17.3,72.4,863,2,2
15,1228,30.7,76.0,247,2,1
20,1615,45.0,82.6,2257,4,2
5,814,27.0,64.6,1378,1,1
0,419,31.7,73.6,217,0,0
22,1792,27.9,64.7,115,2,1
24,1835,39.5,67.3,-2391,3,1
24,1538,22.8,62.1,876,2,2
25,1480,26.6,45.5,1347,2,2
20,1697,35.1,57.3,685,2,1
30,2110,43.1,72.7,-1160,4,2
8,995,27.2,53.4,504,1,0
16,1248,25.0,80.9,273,2,1
24,1411,49.9,59.0,345,3,1
28,1725,25.0,74.9,-1326,3,1
7,491,46.9,68.2,156,2,0
2,465,35.1,65.9,-2091,2,0
0,469,30.7,70.3,-409,0,0
3,387,37.7,68.5,1299,2,1
13,1207,43.4,50.1,-827,2,0
0,291,27.0,58.2,1829,0,0
24,1817,30.2,83.3,1745,3,3
27,1626,38.0,55.9,238,2,2
24,1437,43.5,52.3,-133,2,1
8,976,26.2,65.1,-1230,1,0
13,969,46.5,75.4,1672,3,2
22,1428,31.6,72.8,58,2,1
18,1457,34.3,60.5,-1899,2,1
29,2184,34.7,61.4,-2235,3,2
10,1135,51.1,66.3,1906,3,2
25,1697,44.2,82.6,1749,4,3
0,670,25.8,53.7,-2021,0,0
1,410,43.2,70.2,406,2,0
23,1732,55.0,48.2,851,3,2
18,1575,36.7,64.3,-399,2,1
0,200,31.5,75.0,80,0,0
26,1953,29.1,74.9,3117,3,4
23,1813,33.1,45.0,0,2,2
2,595,44.7,58.5,-721,2,0
30,1960,34.8,52.8,-696,2,2
24,1688,35.4,73.8,2303,3,3
5,815,19.4,45.0,332,0,0
15,1161,23.8,48.0,131,1,1
27,1927,44.1,49.2,-765,3,1
29,2279,29.6,65.2,-928,2,2
27,1963,37.8,64.2,-932,3,2
18,1420,48.0,71.5,-1378,3,1
1,469,53.0,65.9,103,3,0
27,1825,17.0,72.0,-2271,2,2
12,1026,36.8,59.2,-262,2,1
17,1622,43.9,62.6,988,3,2
13,1141,28.1,64.2,1691,2,2
16,1149,27.2,57.3,775,1,1
24,1521,38.9,62.0,-777,3,1
27,1776,22.1,70.5,3080,2,4
6,773,42.6,85.0,137,3,0
28,1761,22.4,75.2,132,3,2
26,1897,32.1,59.8,754,3,2
28,2221,32.4,61.6,-601,2,2
2,626,22.1,50.8,-1299,0,0
12,1098,31.4,65.2,128,2,1
19,1311,28.5,72.2,62,2,1
22,1239,29.2,67.9,2851,2,3
5,484,55.0,58.9,136,3,0
0,290,44.6,76.6,-1561,0,0
9,750,26.8,77.5,-1002,2,0
17,1169,29.5,62.4,1974,2,2
20,1480,43.0,65.5,-2017,3,1
16,1122,36.0,69.6,-403,2,1
7,1138,29.8,62.2,3207,1,2
23,2068,40.7,57.6,1308,3,3
25,1809,33.9,67.8,1242,3,2
0,442,31.3,73.7,187,0,0
30,2402,33.3,71.9,-566,3,2
25,1765,53.5,56.3,1503,3,2
29,1844,33.8,65.2,1462,3,3
29,1716,45.7,59.5,203,3,2
28,2065,36.0,69.2,-686,3,2
24,1848,29.5,74.1,-391,3,1
7,837,21.7,68.5,252,1,0
14,1433,39.9,52.7,-123,2,0
13,951,43.9,70.0,-515,3,0
5,813,22.1,61.9,2154,1,1
28,2132,48.7,51.6,400,3,2
14,974,27.5,60.9,3534,2,3
14,1276,34.0,69.6,2558,2,2
25,1591,28.3,69.4,85,3,1
24,1983,36.7,85.0,292,4,2
27,1937,33.3,85.0,1659,3,3
4,307,30.6,85.0,-2360,2,0
3,657,30.3,51.8,-837,1,0
5,675,47.4,61.3,-1698,2,0
5,689,36.2,73.5,-601,2,0
15,1294,36.0,80.0,0,3,1
12,866,15.1,53.7,-898,1,0
8,747,37.1,45.0,-1356,1,0
21,1411,51.0,73.4,-756,3,1
8,759,31.0,65.1,656,1,1
25,1631,45.3,45.0,1904,2,3
13,1019,47.5,67.6,1238,3,1
28,1571,32.6,76.1,-964,3,2
15,1189,41.3,75.2,896,3,1
19,1396,15.0,71.3,1603,1,2
16,1481,20.7,69.9,414,2,1
12,1043,39.8,63.8,767,2,1
27,1644,47.6,64.3,2628,4,3
23,1476,25.5,54.9,3815,2,4
10,960,39.9,62.1,199,2,0
9,1131,24.8,53.0,2065,1,2
24,1950,23.2,60.7,1578,2,2
3,725,35.6,72.6,-2172,2,0
8,1071,27.7,64.7,251,1,1
14,1420,34.2,56.6,1621,2,2
19,1406,33.2,69.6,1379,2,2
23,1414,34.2,60.8,395,2,2
3,394,55.0,63.0,651,3,0
25,1692,31.8,59.8,-1839,2,2
4,836,37.5,71.5,-1004,2,0
15,1198,47.1,54.6,-797,3,1
15,1250,20.1,62.5,1384,1,2
12,989,17.8,72.3,1977,2,2
12,1174,23.4,72.6,257,2,1
19,1318,41.8,61.4,-1320,2,1
26,1950,29.6,63.0,293,3,2
10,721,37.3,64.7,1150,2,1
16,1688,52.9,60.0,-2075,3,1
18,1204,33.3,71.9,-1002,2,1
21,1701,46.9,61.3,-1709,3,1
25,1844,44.0,71.6,-1976,4,1
10,1057,39.1,63.2,-1394,2,0
5,642,34.2,67.2,196,2,0
11,859,38.7,85.0,50,3,0
28,1925,26.1,73.2,2685,3,4
19,1392,50.2,55.5,1242,3,2
11,1168,33.1,66.6,2441,2,2
5,643,36.0,72.6,1758,2,1
18,1718,41.6,69.0,314,3,1
1,431,35.3,55.1,-1049,1,0
30,2111,37.2,72.2,27,4,2
24,1691,22.0,55.0,-1216,1,2
4,697,38.0,73.7,-1749,2,0
13,1298,20.1,65.0,1490,1,2
26,1671,40.0,62.0,1135,3,2
7,296,46.8,75.3,2257,3,2
16,944,41.0,65.5,-856,2,1
14,1227,36.1,50.5,2857,2,3
15,1071,32.1,69.5,2914,2,3
27,2057,30.1,62.9,-1964,2,2
14,1207,36.9,65.6,-1784,2,1
9,689,31.1,54.6,-207,1,0
15,1383,23.2,53.2,-1373,1,1
22,1767,35.8,66.1,-597,2,1
12,995,23.0,65.9,-308,2,0
4,722,24.9,54.9,562,1,0
18,1288,49.2,77.2,248,4,1
21,1396,39.4,65.7,3133,3,4
27,1837,28.0,78.9,1966,3,3
30,2238,34.5,65.2,1207,3,3
24,1609,49.8,85.0,541,4,2
18,1522,41.5,75.6,-1300,3,1
23,2123,28.8,70.5,1108,3,2
22,1740,25.9,53.1,-145,1,1
28,2256,55.0,59.8,-2337,4,2
26,1612,42.8,63.0,689,3,2
23,1440,30.2,55.1,-996,2,1
5,945,46.0,76.1,232,2,0
19,955,39.2,71.1,932,3,1
27,2114,52.6,67.1,-353,4,2
19,1641,46.8,85.0,2589,4,3
27,1777,42.0,48.9,1420,3,3
11,919,16.9,65.2,3112,1,3
26,1614,17.3,80.2,1911,3,3
29,2177,43.4,52.2,-1562,3,2
13,1112,36.7,67.6,190,2,1
9,804,34.6,79.9,-1022,2,0
1,335,39.8,58.4,361,1,0
3,804,44.3,75.9,143,2,0
5,532,29.3,58.3,325,1,0
3,687,34.3,57.1,-1889,1,0
27,1746,46.6,49.6,-530,3,2
9,903,31.9,73.7,-382,2,0
16,1400,28.9,75.1,-1090,2,1
20,1433,25.2,62.6,1838,2,3
25,1808,42.2,62.0,-2334,3,1
15,1159,29.8,59.8,349,2,1
15,990,38.8,74.4,115,3,1
7,761,31.3,59.2,-2468,1,0
29,1654,25.8,45.0,16,2,2
25,1925,35.2,72.5,1115,3,2
30,2018,34.7,82.2,778,4,2
12,1096,52.8,54.8,187,3,1
23,1635,52.0,58.2,-2437,3,1
10,1089,29.6,58.0,3003,1,3
10,952,37.1,83.9,1972,3,2
28,2053,24.6,62.8,2616,2,4
8,796,51.0,73.4,-302,3,0
16,982,31.8,66.6,1207,2,2
9,861,45.5,78.9,190,3,1
21,1339,30.2,85.0,309,3,2
21,1555,34.3,76.4,-418,3,1
26,1934,30.2,76.2,-1140,3,1
10,961,25.4,58.9,-257,1,0
25,1800,26.1,65.6,1092,2,2
7,1121,45.6,65.4,3390,2,2
1,200,18.4,53.7,-1841,0,0
7,748,34.6,54.5,1630,1,1
16,1190,32.7,63.7,1181,2,2
5,913,21.5,51.9,-1579,0,0
8,1204,40.4,70.9,-483,2,0
18,1506,43.9,53.7,1752,3,2
8,859,44.7,64.2,-1927,3,0
3,589,48.0,55.1,-1834,2,0
28,1903,32.5,65.3,369,3,2
14,1015,42.2,54.5,2773,2,3
19,1797,22.7,58.2,-297,2,1
27,1839,26.1,55.6,2449,2,4
10,1292,29.1,66.5,3235,2,3
25,1477,36.9,53.5,44,2,1
14,1147,30.2,77.7,126,2,1
25,1933,22.4,66.5,-1296,2,1
20,1496,41.4,84.9,2101,4,3
6,716,35.9,70.8,1430,2,1
13,907,43.3,70.4,116,3,0
7,685,30.0,70.5,2534,2,2
11,900,27.5,63.1,0,1,0
25,1662,55.0,64.8,197,4,2
1,500,19.7,71.2,1097,1,1
18,1628,48.6,64.8,302,3,1
18,1282,51.5,60.0,165,3,1
29,2149,41.0,73.4,-1760,4,1
16,1517,41.0,70.5,-1641,3,1
29,2312,25.3,71.0,-731,3,2
27,1918,35.5,69.8,-351,3,2
5,682,26.8,62.2,-96,1,0
0,511,33.0,55.9,1226,0,0
21,1868,23.1,53.7,1020,2,2
27,1866,35.6,53.9,2796,3,4
7,858,31.1,67.9,-2264,2,0
2,225,47.0,63.5,1825,2,1
3,767,37.0,53.7,8,0,0
7,781,39.0,70.9,289,2,0
15,792,28.0,56.1,3954,1,4
16,939,48.9,74.4,1800,3,2
27,2043,23.8,64.1,273,2,2
14,1239,55.0,66.3,2521,4,3
30,1779,39.4,59.8,-2278,3,2
25,1782,22.9,61.6,-1331,2,1
20,1533,34.8,80.2,1356,3,2
23,1667,32.8,47.4,26,2,1
8,599,17.0,70.3,3498,1,3
25,1753,33.8,69.5,1987,3,3
11,1114,37.9,67.4,-271,2,1
1,793,42.9,55.4,223,2,0
7,899,26.2,64.7,55,1,0
14,1140,18.3,55.7,-204,1,1
12,1172,30.6,65.4,-1097,2,0
24,1743,32.9,67.8,-214,2,2
20,1595,42.3,63.9,-670,3,1
9,920,24.3,60.4,45,1,0
26,1948,39.4,55.4,1397,3,3
15,1088,30.1,55.6,1219,1,1
10,819,34.6,70.6,288,2,0
6,628,36.4,71.4,1764,2,1
24,1697,34.6,76.1,330,3,2
10,1011,38.5,80.7,153,3,0
14,1390,37.5,63.1,-410,2,0
18,1187,42.8,57.1,373,2,1
6,547,40.8,76.7,2133,3,1
6,599,22.3,52.8,-1637,1,0
25,1774,26.0,70.2,-148,2,2
29,2157,51.0,63.9,329,4,2
21,1961,25.6,56.1,-2332,2,1
23,1783,43.3,72.4,-400,3,1
4,778,23.6,78.6,4,1,0
18,1175,33.7,59.4,-98,2,1
16,1314,49.2,66.5,-44,3,1
8,776,31.8,66.6,1063,2,1
12,917,23.7,57.7,804,1,1
19,1370,24.3,57.7,1492,2,2
20,1530,41.5,54.8,960,2,2
16,1249,33.1,63.6,-552,2,1
11,952,36.3,68.2,2235,2,2
5,721,41.9,69.1,65,2,0
24,1460,34.7,71.8,0,3,1
29,2053,43.2,61.1,222,3,2
29,1804,42.3,54.1,87,3,2
24,1637,40.5,72.6,2313,3,3
12,1072,31.7,72.9,217,2,1
22,1570,39.0,61.4,-495,3,1
8,885,34.2,70.2,-425,2,0
27,1984,34.9,71.4,146,3,2
30,2011,52.7,69.4,-360,4,2
15,1060,23.7,75.9,586,2,2
5,529,34.2,63.2,2175,1,1
3,600,33.1,60.7,2929,1,2
8,970,34.8,53.1,1374,1,1
8,565,34.3,57.0,261,1,0
23,1886,25.4,84.8,2965,3,4
15,1373,36.5,52.9,353,2,1
19,1564,53.1,67.1,-38,4,1
7,707,34.0,45.0,-1422,1,0
22,1767,33.8,75.5,-283,3,1
10,1043,33.2,59.2,-1714,2,0
23,1617,25.0,70.5,248,2,2
5,479,28.9,62.9,-949,1,0
2,621,37.2,73.7,280,2,0
6,493,46.9,57.0,-1080,2,0
2,493,28.6,68.8,-1472,1,0
9,1428,31.2,54.9,-937,1,0
16,1294,55.0,56.6,1137,3,1
2,502,41.9,56.7,-1313,2,0
10,855,27.7,51.5,28,1,0
15,1401,49.7,69.5,260,3,1
12,969,35.8,64.1,1970,2,2
10,788,43.0,63.7,-616,2,0
17,1539,39.2,64.0,3,2,1
18,1090,38.0,73.1,-2410,3,1
19,1585,20.8,60.4,240,1,1
0,376,37.6,85.0,1678,0,0
27,1892,29.3,69.2,269,3,2
6,594,20.5,76.0,278,1,0
11,1316,41.9,57.0,51,2,1
16,1082,27.1,75.8,286,2,1
16,1333,36.0,68.0,3458,2,3
12,747,15.0,62.4,794,1,1
17,1313,21.3,71.5,978,2,1
5,469,26.1,72.3,-325,1,0
23,1570,35.2,85.0,247,3,2
8,527,47.8,50.6,-763,2,0
24,1424,33.9,65.4,-128,3,2
5,776,19.0,75.7,-1277,1,0
0,257,35.6,54.7,-900,0,0
23,1542,34.3,59.5,50,3,2
22,1844,38.1,57.7,1038,3,2
18,1617,33.0,82.3,-34,3,1
21,1313,24.3,50.9,-1237,2,1
12,1081,38.1,59.1,-1180,2,1
5,362,55.0,62.2,-2282,3,0
12,1005,37.1,67.3,120,3,1
13,917,48.9,65.1,-1379,3,1
13,1156,30.7,77.4,-1698,2,1
5,534,41.5,66.5,1964,2,1
2,200,55.0,56.6,-1763,2,0
1,200,34.9,61.7,1171,1,0
20,1422,46.6,51.9,-882,3,1
30,1696,27.6,73.9,218,3,2
5,396,39.2,52.8,140,1,0
11,1032,37.2,66.5,1520,2,1
5,720,51.0,51.9,433,2,0
7,599,36.6,67.9,2797,2,2
7,838,41.1,45.0,173,2,0
16,1356,46.6,61.9,1083,3,2
10,837,31.1,55.6,-102,1,0
10,633,20.8,66.8,-781,1,1
11,1311,30.8,74.9,659,2,1
10,803,30.7,63.5,1349,1,1
23,1439,48.0,47.0,-129,2,2
30,2289,39.6,62.8,93,3,2
30,2259,37.2,55.1,1837,3,3
10,1084,24.1,76.0,2010,2,2
11,1208,28.0,73.3,1027,2,1
18,1437,16.3,68.9,1647,2,2
7,932,31.4,71.3,169,2,0
0,497,46.8,69.2,-702,0,0
30,2288,30.7,45.0,340,2,2
15,1543,34.6,70.5,3659,2,3
23,1480,24.9,59.7,695,2,2
20,1633,27.3,71.2,155,2,1
3,502,35.8,55.7,-49,1,0
26,1803,24.0,66.5,3776,2,4
19,1610,47.3,45.9,-715,2,1
29,1864,45.6,62.6,-135,3,2
9,1000,27.4,69.6,-1036,2,0
26,1897,41.2,54.0,1286,3,3
15,1010,25.8,60.5,-682,1,1
16,1148,48.4,69.4,2703,3,3
0,561,33.4,64.6,767,0,0
28,1870,47.6,63.6,966,4,2
14,973,34.1,57.3,-1030,2,1
4,635,32.5,65.2,-633,1,0
11,1183,38.5,66.3,1432,2,1
23,1644,39.2,70.6,16,3,1
3,868,27.1,51.8,-904,1,0
12,1258,26.8,57.2,44,1,1
24,1970,30.7,69.4,-421,3,1
30,1771,35.7,66.4,1941,3,3
14,1261,30.0,67.6,3273,2,3
21,1529,43.3,72.3,-1423,3,2
28,1858,39.9,67.0,-1388,3,1
19,1227,40.6,46.6,1388,2,2
14,1003,23.6,72.8,-1814,2,1
14,1178,31.4,59.6,-2379,2,1
20,1505,46.1,58.9,3153,3,3
15,1301,36.3,64.2,-2194,2,0
6,488,41.7,76.0,1727,3,1
22,1462,29.0,61.7,-1634,2,1
16,926,40.5,85.0,179,3,1
29,2273,49.8,78.2,-110,4,2
16,1278,46.6,70.4,-1920,3,1
28,1788,44.6,49.0,343,3,2
21,1469,20.8,53.4,2085,1,3
4,423,29.5,73.1,1428,2,1
1,542,42.1,70.1,2045,2,1
20,1389,40.8,63.3,-317,3,1
28,1824,30.3,70.7,2048,3,3
11,1154,38.9,51.8,-1919,2,1
12,1166,47.7,59.2,829,3,1
8,671,43.9,67.2,771,2,1
2,502,34.0,61.4,-962,1,0
8,777,34.4,77.6,468,2,0
14,1244,32.1,67.2,0,2,1
14,1137,38.0,53.9,2165,2,2
20,1412,33.4,57.0,-1833,2,1
25,1695,54.6,56.4,3894,4,4
24,1680,35.0,66.2,1345,3,2
2,460,23.7,63.4,2786,1,2
15,1252,27.5,67.5,3147,2,3
29,1709,40.7,65.8,3278,3,4
22,1409,32.5,70.5,91,3,1
20,1486,34.2,50.7,1124,2,2
29,2049,55.0,82.3,-838,4,2
18,1336,32.2,48.3,70,1,1
10,1189,30.6,68.9,1041,2,1
4,889,47.1,57.8,253,2,0
20,1496,42.7,56.5,-2063,2,1
16,1698,34.5,65.5,3421,2,3
12,1118,20.5,71.5,869,1,1
17,1236,43.7,70.1,69,3,1
30,2144,30.6,74.7,1138,3,3
29,1807,51.0,62.1,-2095,4,2
28,1865,30.9,60.8,674,3,2
30,2277,22.2,62.1,164,2,2
4,617,55.0,73.8,186,3,0
17,1422,25.5,74.6,-222,2,1
3,512,44.4,75.8,-709,3,0
29,1872,37.0,79.8,-250,4,2
3,352,54.3,66.6,264,2,0
0,200,30.9,64.4,692,0,0
8,1043,42.2,76.5,711,3,1
18,1073,45.8,58.7,1599,3,2
22,1979,15.0,72.7,171,2,2
25,1881,42.5,63.4,1272,3,2
15,1008,44.0,80.2,-406,3,1
11,1203,49.3,66.6,-65,3,1
11,941,26.2,62.7,-270,1,1
2,426,20.4,47.9,2203,0,1
28,1794,40.7,69.8,-1067,3,2
16,1303,35.3,63.8,2748,2,3
26,1839,49.4,47.5,-734,3,1
2,532,43.8,75.0,111,2,0
30,2128,23.0,78.5,113,3,2
20,1594,40.3,60.9,0,2,1
6,661,15.0,60.1,1712,0,1
18,1502,32.4,63.0,1683,2,2
27,2200,33.3,59.6,108,2,2
27,2006,31.8,85.0,1759,4,3
19,1772,38.0,69.5,998,3,2
11,944,32.6,71.8,-2385,2,1
18,1442,35.5,58.8,34,2,1
22,1416,27.9,66.7,610,2,2
25,1808,37.7,65.7,-1470,3,2
18,1639,30.0,85.0,-1539,3,1
21,1378,40.6,64.1,6,3,1
6,1054,32.0,83.3,40,2,0
12,1045,25.0,52.5,-1173,1,1
15,1239,34.7,69.3,-125,2,1
9,873,38.9,62.3,450,2,1
14,1185,45.3,72.8,848,3,1
19,1357,17.0,68.7,-2079,2,1
28,1923,30.1,70.5,778,3,2
13,1266,40.8,68.5,270,2,1
4,643,50.2,63.8,899,3,0
9,1090,48.0,53.0,2024,2,2
27,1949,38.3,58.4,-561,3,2
16,1072,47.8,75.7,-461,3,1
8,834,32.5,72.5,91,2,1
2,544,32.3,48.9,-1422,1,0
29,2084,20.5,85.0,256,3,2
30,1976,50.6,64.6,-1240,4,2
27,2011,40.0,56.3,128,3,1
16,1389,28.5,58.0,1264,2,2
7,738,44.8,48.3,-1808,2,0
3,280,32.8,77.4,-435,2,0
0,265,28.8,57.3,-693,0,0
18,1388,20.9,70.3,1037,2,2
27,1681,32.0,73.2,-297,3,2
12,1283,32.3,58.5,2264,2,2
22,1656,55.0,62.9,336,4,2
22,1557,42.6,67.1,-236,3,1
0,302,36.0,57.8,2130,0,0
17,1797,33.8,45.0,364,2,1
10,1252,31.3,73.2,-226,2,1
12,1146,44.8,79.2,128,3,1
10,333,45.4,67.8,239,2,0
27,1992,51.9,68.4,561,4,2
15,1364,35.7,77.4,1642,2,2
4,558,46.9,77.1,-260,3,0
10,960,38.1,55.8,-373,2,0
14,1149,42.6,45.0,-1500,2,1
29,1800,27.6,51.9,983,2,2
17,1159,42.4,68.1,-430,3,1
5,565,41.4,65.4,860,2,1
24,1771,42.4,69.1,-676,3,1
20,1521,32.4,71.9,1699,3,2
10,1216,51.9,48.6,-305,3,0
12,919,24.4,67.9,1154,1,1
23,1510,23.2,63.9,234,2,1
15,1266,40.6,66.1,385,2,1
10,748,45.4,82.0,-584,3,0
0,357,45.6,80.8,-586,0,0
0,356,41.7,66.2,-229,0,0
12,1413,27.5,72.3,2850,2,2
12,1122,35.5,64.1,2823,2,3
7,574,35.9,48.5,-1171,2,0
8,812,48.8,85.0,466,3,1
2,689,39.4,70.7,35,2,0
7,783,29.9,51.9,280,1,0
28,1698,31.5,62.8,-1642,3,1
26,1746,28.1,58.6,3036,2,4
7,962,39.9,85.0,157,3,0
4,593,15.0,68.4,1132,1,0
22,1811,28.5,45.0,1710,2,3
16,1123,32.3,55.9,1059,2,1
27,1920,53.8,65.2,172,4,2
12,1485,33.2,58.4,89,2,1
0,357,35.5,75.9,-440,0,0
22,1273,34.2,72.5,1006,3,2
1,358,50.5,55.8,1298,2,0
4,720,35.4,63.9,1089,2,1
27,2035,55.0,77.4,2263,4,4
8,843,32.3,63.1,588,2,1
25,1764,29.3,72.6,3167,2,4
5,473,40.7,46.3,1211,1,1
18,1576,55.0,80.7,-6,4,1
8,945,44.6,63.5,-1353,3,0
21,1553,27.4,56.0,2038,2,2
13,1032,27.8,60.3,899,1,1
1,548,23.3,45.0,976,0,0
14,1304,27.9,66.7,230,2,1
24,1579,25.5,50.7,-1927,1,2
8,920,22.5,45.0,104,0,0
19,1593,32.6,84.8,-321,3,1
27,1767,29.2,55.3,0,2,2
17,1345,26.6,54.4,232,1,1
6,383,40.4,62.4,-782,2,0
10,886,37.4,48.0,911,2,1
21,1466,36.9,65.9,2554,3,3
12,1162,32.3,57.2,11,2,0
25,1811,38.5,62.8,1064,3,2
19,1599,26.4,68.4,-217,2,1
6,821,16.4,61.4,143,1,0
27,1752,34.9,71.5,1937,3,3
23,1696,48.2,45.0,1230,2,2
5,679,27.6,83.9,2419,2,2
6,790,33.6,66.7,-527,2,0
25,1416,38.7,78.1,-1469,3,2
13,1025,31.3,85.0,-480,3,1
12,677,45.8,69.0,-1237,3,0
1,555,33.3,85.0,-1949,2,0
27,1527,20.2,72.3,2618,2,4
5,760,16.4,56.3,-1335,1,0
7,796,34.7,62.0,504,1,0
9,1269,26.8,66.5,1103,2,1
13,1134,25.2,68.7,3325,1,3
29,1919,37.8,76.3,914,3,2
24,1547,28.9,69.7,2737,3,4
15,1133,39.0,58.7,-293,2,0
11,778,21.7,57.9,-1055,1,0
17,1454,22.6,53.4,591,1,1
15,1276,49.9,65.2,-1160,3,1
8,932,33.4,45.0,-1620,1,0
21,1729,32.0,50.6,28,2,1
22,1913,25.6,74.2,-1537,2,1
26,1675,29.5,60.5,2135,2,3
26,1858,36.0,64.3,2923,3,4
14,1135,15.0,57.1,-1368,1,1
22,1523,52.1,82.1,1846,4,2
23,1446,50.3,71.1,1034,4,2
13,1053,36.4,70.9,608,2,1
11,1181,53.5,70.7,-55,3,0
13,1135,27.2,59.6,2037,2,2
8,894,32.6,55.1,3600,1,3
14,1254,43.6,66.2,517,4,1
22,1641,34.8,84.9,-578,4,1
1,252,25.8,72.9,135,1,0
29,2093,40.6,77.7,1590,3,3
4,498,39.5,57.5,-227,1,0
27,1940,32.9,55.5,-485,2,2
23,1519,44.7,76.3,-1531,4,1
28,1993,35.4,56.1,-975,3,2
4,428,40.3,73.7,-738,2,0
4,698,35.1,55.0,535,1,0
25,1799,35.5,70.8,-433,3,2
3,383,41.4,60.4,2875,2,2
9,868,33.6,50.1,3088,1,3
16,1236,53.0,77.6,1920,4,2
13,1143,27.7,79.4,353,2,1
5,351,41.7,69.5,175,2,0
22,1646,51.7,45.0,2220,2,3
27,2207,39.0,48.8,1067,2,2
22,1763,50.1,76.6,1531,4,3
20,1569,42.3,79.8,-553,4,1
6,837,33.6,63.6,86,1,0
17,1309,29.5,73.6,-125,2,1
14,879,52.6,60.8,1784,3,2
30,1883,40.5,49.7,-740,3,2
7,1128,42.5,57.1,2131,2,2
4,827,29.9,60.1,-640,1,0
14,1131,26.6,68.6,-456,2,1
7,860,34.2,65.4,255,2,0
21,1671,28.1,65.2,-429,2,1
3,200,33.0,67.1,-2011,2,0
13,789,23.4,53.0,214,1,1
30,2140,22.3,67.2,1200,2,3
20,1567,41.1,60.4,1907,3,2
8,777,23.0,56.4,284,1,1
7,1066,16.9,63.9,336,1,0
29,2163,48.2,64.7,962,4,2
29,2137,29.9,66.5,289,3,2
22,1422,48.3,71.6,2595,4,3
3,500,40.1,60.6,2247,2,1
29,2397,29.7,59.7,-894,2,2
2,653,33.5,67.9,-2425,2,0
23,1679,41.6,45.0,256,2,2
12,920,27.0,48.7,-409,1,0
28,2180,44.9,75.1,-1172,4,2
5,619,39.7,53.3,726,1,0
29,1921,42.1,58.5,2307,3,4
9,716,44.8,66.6,1994,3,1
26,1955,25.4,66.2,0,2,2
10,687,39.6,62.2,354,2,1
12,1161,26.4,85.0,1068,2,1
1,532,30.1,69.6,-910,1,0
27,1755,35.0,58.8,0,2,1
6,702,40.4,72.8,1055,2,1
10,1150,46.4,52.1,0,2,1
9,418,25.2,74.9,-2304,2,0
1,260,35.1,71.0,-20,2,0
20,1481,28.7,63.7,-114,2,1
12,1027,30.9,62.3,-412,2,1
10,1104,44.0,79.8,365,3,1
21,1649,30.0,63.4,939,2,2
20,1732,48.6,76.6,202,4,1
1,361,52.6,62.8,-42,2,0
14,1169,32.9,73.3,-2035,2,1
28,2121,20.6,61.3,203,2,2
27,2034,31.9,66.7,-709,3,2
30,2266,24.8,70.9,-1616,2,2
25,1818,54.5,72.2,1292,4,3
11,985,30.4,68.8,139,2,0
3,665,30.7,54.0,908,1,0
16,1082,48.5,58.6,50,3,1
12,934,40.7,59.7,331,3,1
10,857,44.8,79.2,0,3,0
23,1782,51.6,56.4,443,3,1
19,1326,21.7,72.2,-190,2,1
1,730,42.6,65.9,1030,2,0
10,442,47.9,64.5,-1475,3,0
3,529,25.0,68.0,-962,1,0
7,700,40.9,55.9,1628,2,1
1,399,35.2,61.6,-770,1,0
21,1631,43.9,72.5,2522,3,3
25,1559,43.2,63.3,-770,3,2
12,1055,45.3,63.4,1651,2,2
20,1611,23.8,54.5,-243,1,1
15,1275,31.1,73.1,1663,2,2
26,1894,27.0,68.4,668,2,2
18,1500,31.0,83.3,1800,3,2
26,2081,28.2,62.7,-1961,2,2
14,1341,40.7,80.2,-1698,3,1
26,2010,29.8,67.9,-1333,2,2
1,303,55.0,73.7,1523,3,1
18,1446,44.1,73.1,1992,3,2
6,982,28.6,65.9,1451,2,1
17,1795,28.3,67.6,-1055,2,1
13,1453,40.5,61.7,1975,2,2
19,1522,37.9,60.8,-783,2,1
19,1349,34.5,77.0,-1377,3,1
16,1211,50.1,63.5,3400,3,3
28,2190,20.2,63.2,1044,2,2
14,1411,41.5,61.2,811,2,1
30,2123,36.4,54.7,-331,3,2
28,2174,24.3,45.0,272,2,2
0,408,30.0,60.3,1844,0,0
10,908,21.4,52.6,-2263,1,0
12,742,36.1,76.6,143,3,0
28,2189,34.2,74.4,0,3,2
17,1318,44.3,79.3,-750,3,1
12,786,32.1,84.2,1234,2,1
20,1443,34.4,59.9,-1532,2,1
21,1637,39.8,76.2,112,3,1
28,1830,30.5,58.7,1989,2,3
3,470,28.7,70.8,156,2,0
1,675,27.8,62.8,318,1,0
20,1305,40.3,75.7,427,3,1
16,1411,23.9,85.0,3008,2,3
25,1715,35.4,60.1,448,3,2
11,1188,27.3,72.3,0,2,0
14,1159,37.9,70.3,2931,2,3
1,332,34.5,54.0,-446,1,0
26,2021,30.8,55.3,1173,2,3
5,703,37.8,60.8,328,2,0
8,795,25.0,77.6,45,2,0
0,521,42.5,57.0,3285,0,0
18,953,19.8,45.0,702,1,1
15,944,36.4,82.1,1165,3,1
6,465,24.8,57.9,379,1,0
30,2058,32.3,45.0,535,2,2
11,1294,30.9,56.1,-815,1,0
12,579,38.5,49.3,-410,2,0
11,1004,30.5,57.5,-841,1,1
2,200,15.0,60.2,1569,0,1
23,1706,31.5,68.4,1714,3,3
29,2208,25.3,66.0,-818,3,2
4,931,36.4,46.9,2927,1,2
15,1128,21.4,50.9,298,1,1
28,1627,44.5,82.5,398,4,2
7,1150,19.4,65.5,217,1,0
22,1862,34.9,47.2,-4,2,2
12,707,36.0,58.8,808,2,1
5,620,53.0,74.7,527,3,0
4,509,34.7,57.7,-1292,1,0
17,1586,38.0,60.9,247,2,1
18,1743,40.3,55.2,1636,2,2
25,1783,37.5,57.0,-358,3,1
14,1278,29.5,64.9,-1408,2,1
28,2160,33.1,64.2,186,3,2
25,1719,30.2,71.3,2072,3,3
30,1972,15.0,64.6,-894,2,2
16,1118,42.4,64.0,499,3,1
1,371,41.8,54.2,-262,2,0
0,733,27.9,62.2,1730,0,0
19,1607,33.8,76.2,105,3,1
11,1094,29.1,73.8,236,2,1
25,1903,41.3,66.8,-1155,3,1
22,1714,29.5,81.7,1713,3,3
15,1346,30.8,65.0,-779,2,0
12,1019,17.3,68.8,-1349,1,0
20,1087,32.4,76.8,220,3,1
7,684,38.9,65.5,1173,2,1
26,1964,30.9,63.4,0,2,2
10,857,40.2,55.4,205,2,0
30,2122,28.9,50.4,1790,2,3
25,1887,44.5,47.7,348,3,2
16,1047,33.7,69.2,88,2,1
11,1069,40.2,45.0,-261,1,0
30,1851,30.8,64.5,3250,3,4
6,815,35.2,85.0,3315,3,2
4,478,36.4,45.0,-297,1,0
6,662,20.6,67.1,75,1,0
29,1808,44.2,51.6,-1187,3,2
19,1277,37.5,49.0,3371,2,4
27,2103,42.2,64.7,-2277,3,1
17,1501,50.7,59.2,129,3,1
29,2199,37.5,67.7,48,3,2
21,1501,42.8,76.5,1892,4,3
30,1925,28.5,57.3,890,2,3
16,1265,28.3,53.4,-286,1,1
28,2003,45.1,78.1,-1069,4,2
3,503,25.4,64.9,1750,1,1
11,1192,42.7,79.7,-2098,3,0
22,1727,34.5,49.6,161,2,1
10,754,32.9,63.1,755,2,1
20,1369,43.7,71.7,3725,4,4
16,1286,53.0,72.5,-605,4,1
24,1675,22.1,45.3,462,1,2
17,1711,31.4,53.0,-646,2,1
24,1489,29.2,64.6,823,2,2
26,1732,37.9,62.6,1688,3,3
24,1826,34.4,79.8,3461,3,4
24,1642,26.3,73.3,-2479,3,1
15,1252,45.7,57.6,2082,3,2
28,1801,33.9,67.9,214,3,2
17,1374,51.7,80.5,2964,4,3
28,2217,34.2,70.2,1523,3,3
30,2066,40.2,85.0,-332,4,2
3,826,26.4,61.1,-1568,1,0
29,2328,38.3,79.2,1108,4,3
11,1347,52.2,64.6,220,3,0
21,1263,32.4,61.6,191,2,1
17,1295,15.0,70.3,610,1,1
15,1502,36.9,57.7,-2003,2,1
27,1669,33.2,74.9,1399,3,3
10,834,41.4,54.6,1839,2,2
19,1456,38.1,45.0,1084,2,2
6,1020,35.6,45.0,1476,1,1
29,1874,40.4,58.6,1632,3,3
30,1895,18.7,74.4,3217,2,4
26,1916,15.0,74.3,1873,2,3
27,1736,45.1,57.1,3228,3,4
8,637,26.1,64.4,909,1,1
20,1438,40.3,59.7,-1030,3,1
21,1978,37.9,63.0,694,3,2
7,692,24.1,78.2,-368,2,0
22,1432,32.7,55.5,105,2,1
3,855,55.0,78.3,1070,3,1
21,1600,47.3,72.3,-1910,4,1
26,1926,24.3,61.5,-1395,2,1
27,1719,36.9,60.0,-139,3,1
9,922,46.3,66.9,284,3,0
22,1793,32.0,82.2,486,3,1
11,1053,24.2,56.6,-1563,1,0
17,1226,37.9,54.9,-334,2,1
2,492,38.6,70.2,2191,2,1
25,1592,35.4,49.5,307,2,1
13,1045,44.6,67.6,2650,3,2
4,610,28.1,60.1,1413,1,1
11,675,30.9,75.9,1538,2,1
4,686,39.5,59.0,2734,2,2
4,686,42.0,74.0,2367,2,1
10,924,41.2,78.4,198,3,1
16,1184,33.3,61.9,1083,2,1
20,1535,38.8,64.8,2185,3,3
22,1591,15.2,61.4,-2322,2,1
4,507,41.7,53.8,222,2,0
22,1828,46.2,65.3,-681,3,1
0,648,38.1,80.1,-1042,0,0
22,1955,35.7,76.5,212,3,2
15,1238,29.7,50.9,-2203,1,1
30,2006,30.5,77.6,180,3,2
14,1129,33.2,60.8,1223,2,2
18,1125,41.1,82.9,519,4,1
22,1885,27.2,62.6,121,2,1
6,840,30.5,54.9,1730,1,1
20,1684,41.9,59.2,-2207,3,1
25,1479,38.6,74.4,-1592,3,1
10,990,23.7,51.6,-946,1,0
17,1189,38.8,85.0,-715,4,1
21,1450,30.1,59.7,1854,2,3
4,411,30.1,67.7,-462,1,0
15,1355,36.6,66.5,168,2,1
28,1928,23.2,60.3,-975,2,2
3,374,34.2,58.9,-774,1,0
29,1945,31.9,54.3,-2063,2,2
30,2145,28.5,77.0,1292,3,3
2,364,27.9,85.0,-1052,2,0
9,828,33.6,64.8,66,2,0
7,571,33.9,64.9,1526,2,1
6,807,17.9,71.1,-353,1,0
4,834,41.3,67.4,-604,2,0
7,1005,21.3,75.5,0,1,0
2,407,37.8,73.0,-333,2,0
28,2037,39.3,81.7,1243,4,2
12,969,43.6,62.0,805,2,1
17,1486,48.2,51.2,937,3,2
21,1493,53.2,60.1,787,3,2
29,2073,25.8,74.1,-1492,3,2
6,848,30.4,67.1,-839,2,0
28,1716,20.5,58.4,1800,2,3
27,1471,37.5,59.1,742,3,2
24,1764,36.9,60.3,-1023,3,2
12,1054,15.0,69.0,341,1,0
18,1134,25.5,53.2,1050,1,2
23,1712,24.4,47.0,-1328,2,2
14,1201,17.8,73.8,-182,2,1
13,1209,28.5,75.9,1938,2,2
10,1004,27.4,58.0,-603,1,0
30,2010,38.1,76.6,841,3,2
23,1344,34.8,59.2,1403,2,2
1,290,32.2,57.4,-88,1,0
2,368,21.1,60.1,53,0,0
24,1775,34.2,75.3,104,3,2
16,1724,26.9,62.2,-655,2,1
5,558,32.2,77.7,188,2,0
12,1260,23.2,76.6,2029,2,2
18,1472,52.6,45.0,2763,2,3
28,2157,38.1,48.5,1000,2,2
28,1784,38.7,67.1,2587,3,3
20,1431,30.9,82.3,1768,3,2
19,1395,26.4,69.0,89,2,1
10,1105,20.1,65.6,116,1,0
6,718,24.8,56.5,-1644,1,0
27,1662,23.6,73.3,-795,2,2
14,1201,40.1,66.0,4,2,1
12,1216,36.3,58.4,111,2,0
23,2097,28.0,71.9,-601,2,1
20,1457,45.2,74.1,-1639,3,1
21,1420,26.2,78.3,-1187,2,1
18,1522,39.6,78.6,-719,3,1
19,1665,45.9,54.3,1828,3,2
14,1520,36.1,58.8,-1229,2,1
21,1323,45.9,78.5,-792,3,1
12,1086,55.0,66.8,47,3,0
10,823,45.7,63.9,310,2,1
13,1085,22.7,49.7,-914,1,1
14,1219,41.2,57.8,1024,2,1
23,1820,36.9,54.1,100,2,1
12,592,28.3,63.0,174,1,1
18,992,30.3,63.5,207,2,1
17,1295,34.5,73.3,1241,3,2
3,908,28.0,76.0,346,2,0
23,1466,18.7,62.0,-763,1,1
16,1370,30.8,57.8,1105,2,1
9,711,18.7,54.4,283,1,0
16,1067,38.0,69.0,-1796,3,1
4,463,17.6,56.6,-2412,0,0
26,1556,45.6,45.0,328,2,1
24,1815,43.9,64.0,427,3,2
7,649,38.3,85.0,-771,3,0
4,347,27.5,84.1,0,2,0
0,200,55.0,64.5,2672,0,0
13,987,49.6,64.2,-2219,3,1
22,1600,34.6,54.3,-854,2,1
8,968,36.0,49.8,-1144,1,0
18,1229,15.0,69.1,-2182,1,1
17,1341,47.2,64.5,1871,3,3
15,1259,29.1,59.2,240,2,1
3,356,45.8,60.7,-1718,2,0
13,1299,44.4,66.8,681,3,1
16,1221,38.4,52.1,389,2,1
8,898,27.2,79.2,-520,2,0
16,1377,36.2,68.4,315,2,1
22,1732,19.6,53.1,-920,1,2
18,1072,46.8,67.9,227,3,1
9,864,36.7,54.9,271,2,0
26,1827,45.4,69.0,-2394,3,2
8,873,38.8,69.9,-2401,2,0
24,1829,43.3,60.5,353,3,2
17,1374,43.0,68.8,287,3,1
10,741,38.5,66.4,1299,2,1
20,1582,34.9,67.0,231,2,1
17,1486,38.0,56.5,3692,2,4
11,911,32.1,73.2,1771,2,2
22,1644,20.5,67.1,-2120,2,1
25,1980,21.9,71.5,-1131,2,2
30,2112,35.6,54.0,145,3,2
7,877,46.0,73.0,247,3,0
3,302,38.1,83.7,2075,3,1
20,1506,36.1,70.8,-31,2,1
1,482,37.4,63.8,696,2,0
26,1934,19.3,79.8,148,3,2
24,1938,24.8,64.4,2508,2,4
5,884,17.9,56.7,183,1,0
7,591,40.5,59.9,-1180,2,0
28,1964,24.6,71.5,-195,2,1
21,1323,25.5,48.1,-531,1,1
13,1419,46.2,60.6,867,3,1
0,636,25.5,73.1,-929,0,0
22,1602,27.9,45.0,211,1,1
8,1322,37.2,52.4,-1821,1,0
2,317,37.8,78.9,129,2,0
12,1042,38.8,75.7,321,3,1
19,1528,27.0,73.4,887,2,2
16,1536,36.8,70.6,1803,3,2
21,1779,20.9,70.5,1411,2,2
20,1308,36.7,61.7,49,2,1
11,1036,30.1,71.2,-237,2,1
21,1578,16.9,65.0,1761,1,3
20,1548,24.7,62.0,-878,2,2
16,1379,54.3,64.1,1978,4,2
6,693,23.6,58.8,-1497,1,0
1,684,29.8,69.1,-1319,2,0
24,1558,35.7,55.3,-603,2,1
11,861,28.6,56.4,73,1,0
14,1289,34.2,45.0,3029,1,3
10,841,36.8,78.9,-638,3,0
14,1073,42.0,64.0,-966,2,1
6,509,39.7,70.6,-1924,2,0
29,2027,39.8,68.9,-154,3,2
27,2050,17.0,62.5,-281,2,2
18,1421,28.0,57.2,204,2,1
9,696,31.9,46.2,1475,1,1
19,1597,49.7,77.0,-890,4,1
17,1288,43.0,63.9,403,4,1
7,758,43.7,70.8,1980,2,1
0,552,32.0,70.1,1088,0,0
9,1222,38.2,64.8,149,2,0
14,1379,43.7,68.5,2993,3,3
3,301,32.3,70.0,2566,2,2
20,1570,35.4,58.3,1543,2,2
14,1190,37.5,60.7,2335,2,2
25,1832,29.6,73.5,0,3,2
21,1481,32.9,65.6,1055,2,2
21,1713,28.5,63.2,-722,2,1
22,1905,17.5,78.1,2007,3,2
5,546,23.1,50.6,-1048,0,0
0,562,33.2,71.0,-415,0,0
21,1598,40.5,64.9,235,3,1
6,604,44.5,66.7,1025,2,1
1,366,34.2,61.0,2022,1,1
25,1784,18.6,69.9,-1246,2,1
26,1834,47.5,59.7,-15,3,2
29,1993,36.2,52.3,550,3,3
5,472,49.5,71.0,2268,2,2
3,205,33.1,60.3,2064,1,1
10,934,35.8,74.5,-1738,2,1
1,246,31.4,73.9,-710,2,0
21,1706,39.1,54.1,-1554,2,1
2,630,31.4,72.4,19,2,0
20,1529,35.3,72.6,34,3,1
22,1464,39.9,68.8,-1312,3,1
5,684,43.6,66.0,2010,2,1
0,335,16.2,45.0,2609,0,0
0,238,27.8,71.6,1822,0,0
4,648,29.0,61.9,405,1,0
25,1546,22.4,54.5,827,2,2
26,1967,37.8,62.9,-226,3,2
26,1720,22.9,59.2,1934,2,3
15,1147,30.5,77.9,2057,2,2
22,1463,45.7,52.0,-1057,2,1
29,2123,30.5,46.6,186,2,2
0,343,27.9,71.2,140,0,0
9,1046,34.7,72.8,1689,2,1
5,564,55.0,69.0,1976,3,1
8,776,15.6,60.7,-1042,0,0
16,1043,28.5,61.8,456,2,1
4,637,39.4,76.2,-201,2,0
4,338,38.0,74.2,108,2,0
10,1164,48.7,59.1,1707,2,2
3,935,39.4,77.1,1334,2,1
0,288,55.0,70.6,3356,0,0
28,2188,20.9,78.8,222,2,2
17,1164,38.6,80.7,-1045,3,1
20,1586,45.8,61.8,1269,3,2
10,795,17.0,53.7,189,1,0
10,866,54.5,72.4,-729,4,0
17,1349,26.9,67.9,798,2,1
18,1404,49.2,74.3,-213,4,1
2,509,28.6,75.0,1748,1,1
12,1224,28.1,50.4,-492,1,1
26,1867,35.7,54.5,1222,3,3
2,816,43.5,77.3,2305,2,1
9,794,40.3,63.7,2377,2,2
4,589,30.7,55.1,280,1,0
3,853,17.2,66.1,-2224,1,0
28,1913,33.6,53.2,2125,2,4
26,1691,39.2,68.4,-1768,3,2
16,1045,55.0,72.2,91,4,1
2,386,34.0,74.2,1264,2,1
10,1216,39.0,62.7,1212,2,1
0,283,30.8,65.7,170,0,0
18,1660,35.5,76.0,214,3,1
4,457,29.7,78.1,122,2,0
9,958,39.7,60.5,433,2,1
26,1812,46.3,50.4,2805,3,4
9,1148,23.6,65.7,1566,1,1
3,587,27.7,70.5,-1015,1,0
4,684,44.8,62.4,2152,2,1
30,1753,34.9,46.1,1389,2,3
14,938,30.2,48.0,260,1,1
11,958,52.5,70.2,-498,3,0
14,1433,24.1,77.2,-1336,2,1
10,836,30.0,47.6,2142,1,2
17,1256,44.6,63.6,186,3,1
22,1797,34.3,69.8,2133,2,3
10,958,43.1,65.0,3725,2,3
15,1516,25.3,52.5,1970,1,2
11,1259,29.3,67.6,2933,2,3
5,466,39.1,74.8,2753,2,2
9,1039,15.0,77.2,768,1,1
8,781,16.9,62.1,0,1,0
13,736,37.8,79.1,-669,3,1
25,1906,32.2,58.5,2021,2,3
4,574,31.6,85.0,1567,2,1
23,1930,37.8,56.9,49,3,1
30,2360,15.5,72.3,-507,2,2
15,950,34.0,62.9,1477,2,2
21,1544,23.1,69.8,-436,2,2
28,1865,42.9,55.4,1805,3,3
25,1807,33.7,76.9,-1861,3,2
21,1615,36.1,62.1,2185,3,3
4,467,34.2,46.1,1264,1,1
9,1061,31.9,58.4,-515,1,0
28,1846,15.8,64.7,-1703,2,2
20,1378,37.3,58.5,1917,2,3
6,763,27.3,84.6,3432,2,2
16,1182,44.4,69.3,-268,3,1
27,1836,26.0,59.1,628,2,2
5,818,40.9,73.4,-491,2,0
17,1391,35.1,69.5,345,2,1
10,1114,45.3,70.6,1396,3,1
4,476,42.4,49.5,143,1,0
25,1658,35.5,85.0,-405,4,2
23,1601,46.4,67.0,3170,3,4
13,1409,55.0,57.6,1016,3,1
21,1445,37.0,45.0,3149,2,3
1,222,34.4,61.4,132,1,0
25,1493,33.5,56.9,-251,2,1
1,816,45.6,63.7,1561,2,1
28,1936,46.2,73.5,408,4,2
3,946,46.5,72.2,2961,2,2
15,1211,33.8,63.5,3642,2,3
19,1586,38.9,55.9,180,2,1
26,1914,33.8,51.9,-1483,2,1
1,418,38.2,69.5,2525,2,1
17,1140,24.8,68.6,1272,2,2
15,1193,17.2,64.6,-736,1,0
21,1521,30.8,76.7,-2374,3,1
5,521,38.7,56.2,375,1,0
25,1995,15.0,54.6,350,1,2
3,352,39.2,63.5,-326,3,0
17,1455,39.1,73.9,1811,3,2
3,291,47.4,65.3,186,2,0
30,2340,17.0,58.2,-526,2,2
28,2085,34.9,70.1,2749,3,4
6,417,19.2,67.8,2290,1,1
16,1426,43.0,56.8,228,2,1
30,1900,55.0,73.6,-55,4,2
13,779,41.9,68.2,-471,3,1
23,1809,38.0,75.7,-645,3,1
21,1709,26.6,45.7,2980,1,3
15,1084,25.1,65.8,93,2,1
16,1516,42.7,57.0,-1884,2,1
27,1648,48.3,72.5,1855,4,2
20,1698,37.4,55.4,-1974,2,1
4,395,28.6,51.9,-196,1,0
14,1271,28.5,53.4,-162,1,0
2,620,17.4,84.2,-1540,1,0
9,993,28.3,64.4,1877,1,2
27,1744,30.1,64.3,709,2,3
18,1564,28.3,66.2,1515,2,2
0,591,39.8,65.2,0,0,0
3,693,36.8,64.9,1906,2,1
21,1658,49.3,80.0,-1431,4,1
25,2006,26.7,66.2,2652,2,3
11,540,23.6,64.8,-2475,1,0
24,1752,47.3,50.6,-2025,3,1
18,1459,44.2,62.2,3334,3,4
17,1505,45.8,82.8,1084,3,2
30,2055,41.4,74.7,1385,4,3
25,1727,30.8,57.9,-620,2,1
2,589,38.5,67.3,782,2,0
9,858,41.6,85.0,1252,3,1
22,1355,36.3,66.2,-482,2,1
30,2136,36.2,68.0,843,3,3
13,777,16.2,48.3,1100,0,1
15,1038,55.0,62.9,377,4,1
11,868,44.8,58.2,2070,2,2
1,686,51.6,66.9,2639,2,2
16,833,34.8,54.5,767,2,1
26,1661,40.5,69.5,-1090,3,2
2,240,45.6,79.1,-1742,2,0
22,1488,37.7,62.3,-18,3,1
22,1776,50.2,69.7,-1437,4,1
21,1690,51.2,59.6,1530,3,2
1,422,51.4,71.7,-1526,3,0
2,445,32.7,49.9,3538,1,2
22,1636,40.3,61.5,16,3,1
12,959,29.9,74.8,88,2,0
8,870,33.4,62.3,-202,1,0
19,1487,42.3,49.8,912,2,2
24,1673,49.7,59.9,220,3,1
29,1859,47.9,59.9,-704,4,2
14,1057,30.7,70.5,1452,2,2
25,1745,37.5,65.6,-250,3,2
1,721,33.9,52.3,245,1,0
0,279,42.6,69.8,253,0,0
19,1674,30.7,71.3,1973,2,2
18,1195,28.8,45.0,311,1,1
13,792,48.7,57.6,-798,3,1
15,1263,33.8,67.4,2842,2,3
7,832,40.3,67.1,696,2,1
25,1606,49.6,70.6,-619,4,1
29,1807,16.5,75.9,-1759,2,2
1,553,36.8,65.3,91,2,0
21,1715,37.4,62.5,389,3,1
11,1161,33.8,71.7,362,2,1
7,925,50.2,81.9,-1301,3,0
24,1775,55.0,73.8,380,4,2
10,596,39.6,85.0,-1997,3,0
28,1810,36.0,67.2,2110,3,3
16,1472,34.9,45.0,-120,1,1
27,1688,43.6,66.2,96,4,2
19,1366,52.1,73.1,224,4,1
20,1243,53.6,45.0,0,3,1
8,772,33.9,56.2,-1304,1,0
9,1114,46.3,47.2,376,2,1
8,756,33.2,59.6,-1788,2,0
22,1533,31.9,68.3,281,2,1
26,1748,37.4,58.6,358,2,2
27,1718,40.4,63.9,2035,3,3
12,1330,27.8,57.8,-110,1,1
28,1878,42.7,62.9,248,3,2
23,1543,19.5,45.0,1617,1,3
5,740,43.0,50.1,2739,1,2
5,474,55.0,61.2,-792,2,0
9,716,27.5,57.6,1286,1,1
13,1353,30.3,54.6,1357,2,1
1,200,38.4,58.5,-547,1,0
15,1134,55.0,59.8,3064,3,3
18,1404,20.1,55.3,178,1,1
11,801,41.2,54.3,-455,2,0
28,2078,39.9,77.1,-2183,4,2
2,274,25.7,64.8,2446,1,2
27,1856,36.8,45.0,13,2,2
20,1620,27.9,54.7,-756,2,1
10,797,17.3,61.2,-1852,1,1
27,1872,30.0,85.0,-1558,4,2
17,1299,54.2,54.4,-2166,3,1
22,1607,24.0,71.5,1025,2,2
18,1240,32.3,80.9,-365,3,1
21,1499,16.7,75.3,315,2,1
21,1415,32.8,52.9,1213,2,2
7,474,39.0,61.6,277,2,0
25,1344,37.2,60.2,-771,3,2
7,698,15.0,65.7,-1508,1,0
2,522,31.1,75.7,261,2,0
14,1012,17.3,55.5,1203,1,1
3,317,28.1,76.8,2250,2,1
27,2074,39.6,60.5,-1215,3,2
17,1199,37.7,72.2,2123,3,2
5,541,54.6,57.6,141,2,0
26,1788,55.0,56.4,-174,4,2
24,2065,15.0,76.4,0,2,1
7,680,26.0,72.2,1290,1,1
25,1936,24.7,85.0,3549,3,4
14,1250,23.6,61.1,-1309,1,0
19,1272,33.6,46.7,1464,2,2
4,801,53.9,55.0,277,2,0
16,1189,24.8,68.8,1509,1,2
7,634,44.6,60.5,-498,2,0
30,1957,32.3,73.0,3280,3,4
23,1500,35.1,74.5,716,3,2
13,1065,29.0,59.5,258,1,1
0,428,42.9,67.4,2976,0,0
18,1550,28.8,72.3,2009,2,3
15,1430,33.4,67.0,3028,2,3
2,706,52.1,76.6,-407,3,0
7,643,42.2,65.4,2405,2,2
20,1500,39.0,70.4,-217,3,1
12,924,32.5,55.2,3256,2,3
11,1032,48.6,48.7,337,2,1
15,958,43.9,56.2,1101,2,1
3,387,30.0,65.5,-1472,1,0
18,1448,44.6,67.8,1772,3,2
15,1237,33.3,56.1,-343,2,1
28,1941,47.9,60.6,412,3,2
19,1715,26.9,45.0,1555,1,2
8,608,55.0,79.2,-333,4,0
27,1848,36.7,80.4,351,3,2
12,768,37.9,66.8,173,2,1
14,1576,28.2,57.0,669,1,1
19,1114,48.4,68.8,-161,3,1
24,1631,35.4,64.2,3783,3,4
2,360,45.0,69.6,-1246,2,0
0,314,31.0,63.1,-645,0,0
14,621,20.0,67.4,-139,2,1
24,1716,16.0,84.4,-1299,2,1
25,1715,30.5,64.1,275,2,2
16,1105,25.3,58.6,-756,1,0
11,939,41.6,79.2,2013,3,2
4,799,35.0,48.4,447,1,0
1,528,42.0,80.0,-435,3,0
5,687,36.4,63.4,205,2,0
12,1302,31.6,54.3,211,1,1
18,1284,34.2,64.6,1466,2,2
8,662,39.3,68.3,1286,2,1
10,1008,30.2,45.0,0,1,1
14,1167,15.1,57.3,-902,1,1
15,1513,41.6,47.1,-1024,2,1
6,395,33.0,80.8,3112,2,2
3,722,52.1,81.7,447,3,0
6,580,31.8,81.2,464,2,0
6,918,34.5,70.0,-854,2,0
18,1677,43.2,67.3,906,3,2
8,841,28.4,66.7,1865,1,1
29,1603,29.4,61.9,-962,2,2
20,1618,36.9,64.6,122,3,1
19,1548,40.0,54.5,-1793,2,1
10,971,39.8,68.1,-558,2,0
0,306,31.9,77.6,1383,0,0
3,402,15.0,63.5,489,0,0
26,1982,30.9,68.9,170,2,2
3,580,16.2,61.4,-201,1,0
24,1735,35.2,58.6,1668,2,3
29,1919,34.7,60.5,94,3,2
24,1887,28.6,82.4,116,3,1
16,1344,25.2,71.2,2349,2,3
12,1204,22.5,56.6,-202,1,1
2,773,34.1,45.0,1053,0,1
18,1142,30.9,62.9,945,2,1
2,583,24.5,53.2,261,0,0
14,996,31.3,50.3,3385,1,3
30,2305,38.7,61.2,-491,3,2
24,1964,39.4,45.0,-802,2,1
0,257,24.6,82.0,2180,0,0
7,820,32.0,65.8,-345,2,0
14,1240,42.4,75.0,1488,3,2
1,726,20.9,75.2,204,1,0
29,2217,40.0,74.5,2534,4,4
9,884,31.9,68.5,419,2,0
11,1005,43.1,65.0,123,1,1
1,399,24.0,73.8,-343,1,0
8,591,29.9,56.3,-1396,1,0
12,797,35.2,77.0,1168,2,1
22,1694,38.1,56.6,-1981,2,1
20,1455,30.2,81.3,315,3,1
18,1043,15.0,64.8,-1218,1,1
1,200,27.9,68.9,2241,0,1
19,1276,37.3,56.9,0,2,1
21,1583,31.4,55.5,-822,2,1
26,1879,39.5,53.4,635,2,2
24,1599,47.8,80.0,0,4,1
30,2076,34.3,53.9,2317,2,4
25,1710,41.5,54.1,-1174,2,2
7,816,23.9,69.4,-1278,1,0
22,1708,37.4,62.1,15,3,1
8,855,36.2,77.3,-1057,2,0
23,1654,33.3,76.4,2811,3,4
25,1815,41.8,56.4,608,3,2
5,423,45.9,73.8,2637,2,2
19,1294,41.4,76.6,1087,3,2
22,1582,36.9,69.3,160,3,1
3,623,39.4,75.0,-1655,2,0
23,1727,47.0,84.0,59,4,1
4,324,32.1,55.7,87,1,0
12,832,29.4,45.2,-523,1,0
9,1227,43.4,61.9,1309,2,1
18,1470,44.4,55.8,-539,3,1
22,1284,24.2,66.7,1671,2,2
23,1947,27.2,65.0,176,2,1
19,1501,27.6,63.6,2578,2,3
24,1565,26.2,61.1,3719,2,4
27,2070,30.3,73.7,29,3,2
17,1508,36.8,45.0,2077,2,2
15,1245,26.0,84.3,1122,3,2
1,242,29.3,45.0,470,0,0
22,1871,38.7,68.4,-958,3,1
14,1039,34.3,79.9,1104,3,1
10,865,18.5,53.1,307,1,1
2,613,42.2,54.3,1716,1,1
9,867,34.5,46.9,-904,1,0
16,1172,36.9,66.7,1914,2,2
20,1567,35.9,46.0,-2455,2,1
16,1450,43.0,62.1,1344,2,2
13,1120,28.1,61.0,-953,1,1
5,681,39.3,74.3,1148,2,1
17,1207,43.7,64.7,153,2,1
2,737,49.2,77.5,2639,3,2
23,1547,47.4,48.3,-753,3,1
0,562,31.4,66.2,1819,0,0
10,814,28.4,73.6,1293,2,1
0,241,27.8,77.0,2831,0,0
12,608,47.7,58.6,-498,2,0
4,614,26.1,72.2,-394,2,0
6,636,29.8,59.5,173,1,0
17,1683,39.3,85.0,108,3,1
11,1134,15.0,80.7,1523,2,2
0,455,22.3,68.3,117,0,0
23,1932,22.1,65.3,621,2,2
10,852,38.0,70.6,1632,2,2
3,381,46.1,58.9,1984,2,1
9,1012,49.3,45.0,321,2,0
27,2176,24.3,69.5,714,2,2
8,736,23.1,74.5,89,1,0
6,572,43.3,63.2,2031,2,1
20,1408,44.8,54.9,2381,2,3
11,1231,24.3,51.1,1010,1,1
11,1219,36.4,59.6,-1311,2,0
4,416,32.7,84.6,-661,2,0
3,518,47.6,59.6,3262,2,2
7,633,26.3,65.4,1978,1,1
18,1350,42.7,60.5,2718,3,3
25,2103,26.5,60.4,-477,2,2
6,543,28.3,47.9,1181,1,1
1,482,34.3,61.5,-156,1,0
2,546,44.8,62.1,-157,2,0
1,308,42.2,59.0,-1163,1,0
16,1182,43.8,57.8,320,2,1
14,880,19.1,57.1,3169,1,3
3,412,42.6,71.3,-1481,3,0
4,499,42.8,65.8,-1259,2,0
2,693,28.7,73.3,233,2,0
9,850,50.1,81.6,249,4,0
20,1495,45.9,56.0,169,3,1
30,1827,26.2,69.1,227,3,2
17,1304,33.6,66.8,-950,2,1
4,354,41.5,65.5,405,2,0
2,200,37.2,71.1,302,2,0
12,1108,42.4,66.7,1376,3,2
24,1897,29.5,58.9,-1459,2,1
26,1717,52.4,70.8,-2430,4,2
0,413,33.2,52.3,2482,0,0
5,693,29.3,73.8,-1439,2,0
3,889,29.4,53.7,-1996,1,0
23,1589,42.6,52.7,222,3,1
26,2018,33.1,74.2,1781,3,3
10,808,51.8,78.9,1727,3,1
21,1618,39.0,61.6,223,2,1
24,1526,43.5,66.8,-244,3,1
19,1634,31.8,63.4,448,2,1
26,1699,47.6,59.6,978,3,2
25,1862,15.0,58.5,1689,1,2
25,1607,41.9,73.3,-544,3,1
9,819,33.7,66.2,-942,2,0
0,605,51.5,70.1,239,0,0
19,1601,30.4,48.1,-825,1,1
3,563,55.0,76.9,-446,3,0
22,1891,36.0,79.9,173,3,1
7,636,27.4,81.9,0,2,0
6,707,43.0,69.2,1573,2,1
4,745,37.3,80.4,-1080,2,0
22,1670,39.4,77.2,-2445,3,1
3,426,24.2,70.0,443,1,0
8,757,36.7,54.1,-2494,2,0
19,1506,43.0,73.4,522,3,1
12,1238,23.8,60.8,740,2,1
8,597,19.6,71.3,2137,1,2
23,1544,35.4,61.9,335,3,2
7,1253,27.6,60.7,1499,1,1
0,224,35.4,62.4,-1533,0,0
13,985,43.0,61.6,-627,2,0
2,584,29.2,54.7,766,1,0
21,1499,15.0,65.4,-304,1,1
19,1471,38.3,56.6,879,2,2
28,1793,19.4,67.0,-1006,2,2
12,835,25.4,69.7,3106,2,3
15,1259,43.6,58.2,2123,2,2
25,1850,37.5,55.9,-186,2,2
30,2073,30.6,51.3,963,2,2
24,2001,33.8,70.8,-1312,3,1
27,1918,24.8,66.9,-737,2,2
19,1350,37.8,77.6,-861,3,1
24,1565,39.7,84.2,1093,4,2
27,1503,32.9,70.4,-2085,3,2
24,1847,43.0,48.1,-772,2,1
13,1063,20.9,61.8,-1510,1,0
14,1137,27.4,69.3,377,2,1
17,1245,36.5,60.7,-1060,2,1
17,1450,39.8,64.7,2240,2,3
7,685,51.0,56.5,68,3,0
16,1150,55.0,73.6,-2024,4,1
20,1184,39.1,55.6,1372,2,2
15,729,41.3,58.0,387,2,1
29,2118,25.7,69.7,2671,2,4
13,1008,24.5,70.9,-1096,2,1
16,1390,27.2,63.5,-334,2,1
22,1689,15.7,62.8,43,1,1
7,449,18.0,65.5,1033,1,1
24,1895,33.3,68.4,-1118,3,1
8,889,28.9,62.2,-2062,1,0
2,212,30.3,77.4,-1980,2,0
16,1325,36.0,57.8,-1571,2,0
7,826,39.9,69.0,-1948,2,0
14,1257,26.6,64.4,-2377,2,1
10,952,44.5,58.1,2889,2,2
11,871,30.0,55.2,1055,2,1
3,386,41.3,52.9,-558,2,0
29,1726,27.1,78.2,-361,3,2
5,417,21.6,59.9,-100,1,0
10,794,18.3,70.2,3222,1,3
29,1668,33.2,60.6,1636,2,3
26,1917,46.8,64.6,-2240,4,2
13,926,43.5,70.1,0,3,1
22,1450,25.0,74.1,-1244,2,1
27,2020,55.0,57.1,1037,4,2
5,617,37.7,54.4,77,1,0
5,515,49.1,55.6,1639,2,1
21,1478,22.4,54.0,60,1,1
20,1659,42.3,63.8,2160,3,3
22,1703,43.5,57.6,2185,3,3
16,845,41.1,59.5,2542,2,3
20,1598,55.0,76.2,1325,4,2
17,1193,35.4,66.0,1551,2,2
15,1438,38.4,66.4,2148,3,2
15,1319,27.2,71.8,2287,2,2
30,2098,53.5,74.5,713,4,2
19,1518,34.7,69.8,515,2,2
27,1772,28.4,59.0,-1502,2,2
12,618,17.9,69.4,130,1,1
24,1808,33.4,70.1,-1150,3,2
26,1822,39.5,48.7,-2172,2,2
0,551,32.2,65.4,692,0,0
12,914,26.7,56.4,124,1,1
13,1071,28.7,73.8,1721,2,2
8,910,29.5,71.6,1619,2,1
22,1560,37.5,84.9,-1690,4,1
12,1315,32.7,54.3,-2081,2,1
14,1200,33.4,63.9,-1193,2,0
17,1186,54.2,51.4,195,3,1
28,1672,17.6,58.9,392,2,2
2,413,17.3,65.1,-1633,0,0
19,1118,31.7,67.4,-79,2,1
4,325,25.0,75.5,321,1,0
21,1581,41.6,74.5,541,4,2
19,1170,16.3,54.5,-917,1,1
8,1076,37.1,63.0,1671,2,1
26,1615,20.6,53.8,-1008,1,2
18,1446,55.0,79.0,1566,4,2
2,290,27.4,68.6,-887,1,0
1,805,43.5,45.8,1389,1,0
11,820,27.7,84.1,-128,3,0
22,1785,22.7,73.9,-1004,2,1
21,1308,29.5,50.0,-1218,2,1
20,1498,38.0,51.4,238,2,1
27,1975,31.0,68.5,-66,3,2
26,1921,31.4,62.4,-233,2,1
30,2268,33.4,76.3,69,4,2
25,1989,26.1,69.4,-2002,2,1
24,1807,20.9,70.2,1601,2,2
13,1319,40.7,65.7,-156,3,0
21,1265,22.5,76.7,838,2,2
14,966,40.5,65.2,2642,2,2
22,1492,16.8,67.3,-1824,2,1
27,1853,46.7,47.9,-1792,3,2
20,1454,32.8,61.3,-1732,2,1
29,1763,37.4,66.3,-1103,3,2
18,1224,39.5,78.3,2236,3,2
4,457,25.5,51.8,1209,1,1
6,702,55.0,78.0,-1402,3,0
30,1964,45.9,76.2,-458,4,2
12,1208,44.8,61.5,-767,2,0
15,1201,15.0,61.0,1650,1,2
0,200,35.8,58.8,2420,0,0
30,1967,30.0,72.5,1170,3,3
23,1549,39.0,59.8,-328,3,1
6,857,36.3,85.0,94,3,0
29,1867,25.8,62.5,211,2,2
24,1785,38.3,66.2,470,3,2
1,325,25.1,53.9,1493,1,1
4,818,39.4,45.3,-1120,1,0
8,991,30.9,72.6,2739,2,2
0,375,31.8,74.4,215,0,0
3,559,55.0,64.2,25,2,0
6,371,39.2,81.8,617,3,0
21,1502,29.5,73.9,-1737,3,1
25,1875,33.5,63.6,233,2,2
8,875,50.6,55.5,71,2,0
15,1360,36.1,57.9,-620,2,1
20,1400,28.2,59.2,-1235,2,1
7,404,35.5,71.6,944,2,1
5,470,41.0,62.8,541,2,0
23,1892,51.5,81.4,8,4,1
27,1846,21.4,67.1,201,2,2
5,666,40.6,57.9,-1237,2,0
23,1582,18.5,65.5,-393,2,1
17,1047,46.4,60.8,3656,3,4
3,317,30.0,68.4,1558,2,1
27,1768,40.4,67.8,215,3,1
5,822,36.5,57.8,93,1,0
8,889,22.8,77.5,2289,2,2
6,765,33.3,56.4,-1290,1,0
2,579,45.2,58.8,-905,2,0
1,292,34.9,61.5,-1684,1,0
27,1894,37.3,50.6,-149,3,2
4,606,28.9,68.2,-712,1,0
9,1113,44.0,64.2,-1272,2,1
12,1007,15.0,75.5,2439,1,2
24,1722,26.5,68.2,3255,2,4
0,200,37.8,53.9,1625,0,0
30,2189,45.5,69.3,1008,4,3
2,488,43.5,67.7,-78,2,0
12,1289,27.1,55.1,1605,1,2
10,800,15.5,63.4,-1634,1,0
18,1217,40.0,85.0,3329,4,3
22,1288,20.1,62.2,1467,2,2
11,963,51.7,53.2,0,3,0
4,400,24.8,63.2,1593,1,1
26,1725,39.5,55.4,2908,3,4
12,1046,30.9,62.8,1885,2,2
1,466,48.8,79.9,310,3,0
0,700,42.5,70.5,2693,0,0
25,1833,34.5,71.2,257,3,2
26,1832,41.0,56.8,-2210,3,1
25,1341,28.2,57.4,-197,2,1
5,788,48.7,70.9,1423,2,1
19,1234,29.7,82.0,0,3,1
27,2017,32.8,79.2,3267,4,4
27,1912,24.5,62.3,-625,2,2
0,226,42.1,63.5,-718,0,0
5,727,28.8,70.7,64,2,0
13,1189,15.0,65.7,-220,1,1
10,790,44.3,66.1,1114,2,1
16,1185,29.2,67.7,1892,2,2
0,466,52.4,63.5,3777,0,0
14,1466,55.0,71.8,-411,4,1
7,912,33.8,61.9,2261,1,2
27,1827,35.1,72.7,-2161,3,2
28,2450,27.4,82.2,1487,3,3
29,2149,27.8,84.0,558,4,2
7,531,41.6,72.4,265,3,0
26,1819,33.4,56.0,111,2,2
13,1089,36.1,64.6,527,2,1
26,2050,35.9,69.5,-1097,3,1
13,1425,50.4,60.0,-276,3,1
22,1508,19.8,83.0,-2173,2,1
18,1370,34.6,85.0,-222,3,1
15,1370,42.8,75.6,7,3,1
17,1128,41.3,65.5,449,3,1
27,1792,25.2,75.8,3660,2,4
0,487,24.7,55.9,171,0,0
18,983,28.0,77.8,754,2,1
14,1239,38.6,59.4,-545,2,1
15,1840,37.5,65.1,-898,2,1
1,417,25.2,52.0,358,1,0
5,963,25.0,69.0,2067,1,2
21,1319,45.7,56.1,3532,4,4
6,580,51.7,72.4,1432,3,1
22,1591,21.7,71.0,1875,2,3
23,1759,51.6,57.3,478,3,2
3,879,44.0,54.7,2189,2,1
25,1768,36.0,79.5,966,4,2
3,1020,15.0,49.9,-822,0,0
23,1905,39.6,72.8,195,4,1
26,1589,32.9,67.8,73,3,2
25,2152,43.8,69.8,37,4,1
22,1646,43.7,59.9,1962,3,3
21,1659,18.3,61.0,1613,1,3
9,877,30.7,59.6,-285,1,0
14,1032,38.1,65.9,639,2,1
4,568,55.0,52.4,721,2,0
15,1137,43.9,82.5,1718,4,2
22,1932,38.0,53.4,-579,2,1
29,2150,15.0,69.7,257,2,2
12,886,39.4,67.0,-172,2,0
25,1534,36.7,78.6,2276,3,3
19,1565,23.9,64.4,-686,2,1
10,1116,33.4,56.3,-1711,2,0
9,973,19.6,71.0,-129,1,0
13,1165,21.4,68.6,0,1,1
26,1682,28.6,58.0,302,2,2
27,1746,33.2,45.0,-149,2,2
12,926,29.9,49.5,-2250,1,1
21,1357,24.3,83.4,-1120,3,1
20,1562,25.4,56.6,242,2,2
11,1163,32.7,66.2,3369,2,3
24,1847,42.9,60.0,-369,3,1
4,567,34.7,56.9,-1034,1,0
17,1404,37.3,65.2,1042,2,2
3,740,39.4,60.5,0,2,0
0,616,35.2,65.5,-189,0,0
14,1116,29.9,67.6,185,2,1
1,200,22.1,75.6,-277,1,0
11,1180,33.4,79.8,213,2,1
29,1900,23.4,72.4,1490,2,3
11,1138,44.3,69.7,377,3,1
6,866,23.3,65.8,143,1,0
18,1573,36.7,71.8,200,3,1
27,2007,34.7,74.4,788,3,3
3,840,39.7,81.9,397,2,0
14,1285,50.4,69.7,-1878,3,1
28,1889,20.6,52.0,284,2,2
2,729,43.9,70.1,-1351,2,0
13,1019,24.9,61.2,2774,1,2
7,1076,25.7,73.0,106,1,0
27,2127,32.7,79.8,998,4,3
21,1280,28.7,60.0,888,2,2
18,1187,27.3,64.3,925,2,2
1,598,35.6,60.5,148,2,0
11,947,31.4,59.9,357,1,1
7,868,33.3,54.5,1670,1,1
25,1613,30.3,80.8,-124,3,1
29,2140,29.0,57.2,0,2,2
23,1776,35.8,72.7,3153,3,4
24,1520,29.6,68.6,2059,2,3
12,1130,32.1,58.7,260,2,1
17,1347,48.9,61.8,-805,3,1
9,950,50.9,65.9,186,3,0
1,461,15.0,80.8,214,1,0
19,1528,38.6,55.0,639,2,2
28,1974,31.7,65.7,-741,3,2
29,1988,27.4,65.6,-256,3,2
25,1397,37.1,60.7,278,3,2
2,200,43.6,79.3,-1292,3,0
30,2111,45.6,66.0,-639,2,2
30,2101,31.1,67.9,0,3,2
23,1458,40.0,59.4,-1216,3,1
18,1451,37.9,55.7,-2351,2,1
2,449,39.8,60.8,-6,1,0
17,1155,38.1,51.9,1152,2,2
14,1259,19.1,64.1,-421,1,1
8,771,36.7,78.3,1174,2,1
29,1946,35.5,74.8,-1298,3,2
27,2093,31.7,68.1,873,3,2
10,712,43.0,76.8,294,3,1
2,468,15.0,58.3,1921,0,1
8,408,36.3,59.4,1496,2,1
30,2025,19.2,65.9,1118,2,3
22,1569,21.0,70.9,-381,2,2
13,1025,37.0,66.0,3318,2,3
14,1309,27.0,79.0,-2455,2,1
9,1254,48.4,63.4,82,2,0
3,370,31.9,58.0,96,1,0
16,804,33.2,55.0,-456,2,1
27,2026,46.5,65.5,1060,4,3
29,2123,55.0,61.5,-1545,4,2
20,1310,33.1,70.0,407,3,1
26,1635,25.4,48.4,1486,2,2
13,1156,29.1,65.2,2,2,1
26,1469,32.2,81.2,-2335,3,2
28,2362,29.5,75.9,1666,3,2
3,524,39.0,75.8,-1430,2,0
13,1409,27.2,74.4,-979,2,1
25,1603,15.6,69.5,-398,2,2
4,372,49.8,45.0,-2413,2,0
20,1642,46.8,45.4,849,3,2
9,1094,49.5,67.8,772,3,1
22,1659,43.3,66.3,-445,3,1
24,1654,17.5,64.5,1436,1,2
25,1491,43.5,79.2,334,4,2
15,1155,43.3,71.1,2291,3,2
15,1234,21.3,68.0,2135,2,2
16,1302,31.0,54.1,1524,1,2
7,1033,19.9,65.0,1431,1,1
5,559,24.4,83.6,383,2,0
15,1538,44.1,54.4,1451,3,2
12,915,22.8,72.8,186,1,1
9,871,35.0,69.3,-374,2,0
15,1330,41.6,70.2,1028,3,1
4,571,46.2,63.3,224,2,0
11,748,38.7,54.9,1086,2,1
28,1787,31.8,80.1,985,3,3
5,696,22.5,61.8,-2402,1,0
24,1641,34.6,71.3,2380,3,3
27,1817,27.8,45.0,166,2,2
8,895,34.1,54.6,879,1,1
14,1148,38.0,72.1,2099,3,2
12,1441,48.1,69.2,84,3,1
11,1005,41.9,54.8,1710,2,1
7,976,16.9,74.7,-890,1,0
24,1712,27.1,67.1,-2144,2,1
16,996,37.6,74.0,-859,3,1
21,1725,32.7,78.8,1056,3,2
9,871,23.0,50.9,25,1,0
28,1988,37.1,52.9,-2038,3,2
16,793,41.6,62.9,85,2,0
6,738,47.2,74.7,207,3,0
12,1307,33.4,55.2,-1256,1,1
15,1231,23.0,65.3,-567,1,1
6,689,39.7,65.9,390,2,0
8,958,33.5,62.9,206,2,1
14,1319,49.5,60.2,191,3,1
15,1201,28.0,53.8,-947,1,1
12,797,34.6,76.7,-529,2,1
26,1790,22.6,53.8,-839,2,1
23,1434,27.6,54.2,423,2,2
7,1160,37.3,60.7,1300,2,1
10,996,32.2,75.2,706,1,1
30,2087,42.4,85.0,893,4,3
30,1946,23.3,78.5,91,3,2
5,838,28.9,55.9,-1388,1,0
10,899,33.6,78.6,509,2,1
3,811,32.2,61.5,2608,2,2
6,740,22.2,58.2,2224,1,2
19,1496,52.8,85.0,-1029,4,1
2,747,31.6,62.8,2425,1,2
22,1663,36.4,61.2,106,2,1
14,1233,29.4,54.8,1456,1,2
21,1887,27.4,73.7,1983,2,2
0,553,27.2,63.9,2147,0,0
29,2069,39.5,71.2,3258,3,4
20,1141,54.3,69.6,3246,4,3
2,463,27.4,59.7,2126,1,1
14,1043,32.4,65.0,198,2,1
4,422,45.0,72.9,-594,3,0
5,666,35.7,64.8,3198,2,2
26,2098,49.7,60.1,755,3,2
21,1879,15.2,74.0,325,2,1
7,717,37.6,59.6,57,1,0
25,1780,42.0,66.5,2499,3,3
12,972,25.7,58.6,-1441,1,0
20,1310,40.4,63.3,-2444,3,1
15,1087,17.1,76.9,88,2,1
0,473,30.7,70.7,-12,0,0
19,1602,22.4,85.0,3032,2,3
1,200,29.4,80.1,177,2,0
3,598,34.2,73.3,-800,2,0
3,234,27.7,56.0,543,1,0
5,816,49.8,58.6,-1513,3,0
7,1019,28.0,53.5,2449,1,2
2,441,22.5,69.2,-784,1,0
2,417,31.0,69.4,337,2,0
21,1646,21.3,54.3,1220,1,2
23,1552,16.7,67.1,-495,2,1
1,308,18.8,69.0,161,1,0
19,1453,39.1,78.5,271,3,1
16,1284,39.1,72.9,-730,3,1
17,1341,37.6,45.0,-2371,2,1
9,1053,37.8,66.6,0,2,0
27,1726,32.8,67.4,68,3,1
16,1318,40.3,45.0,-1327,2,1
22,1665,38.2,69.9,1110,3,2
1,230,31.9,67.9,697,1,0
27,1641,55.0,58.6,151,4,2
30,2159,15.0,76.6,834,2,2
25,1949,34.3,61.1,1043,2,3
22,1763,16.6,66.4,-2151,2,1
8,840,33.2,51.0,392,1,1
5,394,39.0,70.4,-22,2,0
0,207,29.9,75.2,843,0,0
15,1015,30.4,65.2,1724,2,2
30,2347,30.5,56.4,-1987,2,2
24,1761,37.8,45.0,2342,2,3
6,908,25.1,80.8,-1143,2,0
27,1716,26.2,57.4,-892,2,2
4,704,24.4,60.9,116,1,0
14,1336,37.5,71.2,149,3,1
28,1776,37.2,70.0,2211,3,3
4,728,34.5,55.1,294,1,0
27,1989,34.5,63.8,283,3,2
13,1216,28.8,64.6,-1127,2,1
2,200,26.2,63.3,1494,1,1
20,1220,28.3,51.4,221,1,2
22,1388,15.0,51.1,207,1,2
22,1648,36.9,66.6,224,3,2
16,1249,38.7,67.5,121,2,1
1,403,28.4,69.5,227,1,0
15,1103,30.9,77.5,2717,2,3
27,1815,34.1,80.7,-1967,4,1
0,580,48.6,67.6,1193,0,0
9,814,39.9,80.4,-1560,3,0
21,1795,17.5,65.6,149,2,1
20,1513,28.6,72.3,147,2,1
19,1189,41.2,49.3,155,2,1
14,1137,28.2,59.4,86,2,1
30,1686,51.3,59.3,-905,4,2
22,1605,36.6,77.2,178,3,1
11,1189,37.5,70.6,2235,3,2
12,819,38.3,55.1,151,2,1
7,573,35.6,71.2,-544,2,0
1,470,47.5,69.1,318,2,0
19,1387,41.5,66.2,240,3,1
20,1427,36.2,80.2,-543,3,1
3,736,37.8,62.6,823,2,1
25,1695,28.6,71.8,1040,3,2
17,1391,39.2,64.9,-18,3,1
19,1010,20.3,56.4,1166,1,2
7,782,21.8,78.7,153,2,0
8,628,33.0,52.8,125,1,0
12,1214,38.5,45.8,480,1,1
19,1665,32.8,74.9,295,3,1
15,1382,39.4,68.3,258,3,1
24,1531,34.7,58.2,314,3,2
15,1272,29.6,72.9,-106,1,0
5,669,20.9,83.2,-130,1,0
26,2258,26.2,56.7,3573,2,4
16,1214,32.0,64.8,-1909,2,1
2,619,36.2,56.9,441,1,0
21,1508,36.8,56.9,-1918,2,2
28,1932,34.7,66.5,215,3,2
2,503,32.0,74.2,-296,2,0
23,1757,28.6,78.3,1019,3,2
23,1983,29.5,68.2,2133,2,3
4,393,39.4,70.7,1888,2,1
29,1603,20.6,75.9,695,3,2
13,1226,31.4,60.7,-1009,2,1
24,1801,30.8,59.9,-480,2,1
9,870,24.0,79.3,3175,2,3
24,1602,30.0,60.8,337,2,2
4,462,31.1,52.9,-1120,1,0
28,1761,47.1,63.3,-942,4,2
16,907,28.3,75.8,2483,2,2
16,982,15.0,61.9,-764,1,1
6,896,38.1,61.6,-1405,2,0
0,200,18.3,79.3,880,0,0
7,1018,20.5,45.0,-909,0,0
8,655,38.5,77.3,1086,2,1
6,990,52.4,58.5,3487,2,3
16,1435,41.2,58.1,17,2,1
25,1852,41.7,69.9,-231,4,2
3,627,43.4,61.0,-1125,2,0
27,1755,28.3,77.9,1990,3,3
21,1694,48.0,54.5,2324,3,3
30,2135,30.8,48.4,-1917,2,2
10,1067,36.1,47.5,-1687,1,0
18,1490,32.3,72.2,231,2,1
0,208,39.3,54.8,10,0,0
30,1830,36.8,66.3,2545,3,4
30,2128,49.2,54.7,2756,4,4
9,746,42.4,64.9,230,2,0
29,1931,24.0,68.4,3073,3,4
14,1505,22.8,64.0,-1847,1,1
29,1957,44.4,69.4,-82,4,2
22,1617,32.3,66.6,-69,2,1
11,1211,27.0,60.9,482,1,1
2,249,33.9,48.0,-1447,1,0
29,2063,16.1,85.0,-802,2,2
9,708,40.3,61.0,1131,2,1
26,1948,38.3,68.4,1569,3,3
17,1605,46.2,77.2,-238,4,1
8,802,27.6,64.5,-2474,1,0
15,1133,46.8,69.4,920,3,1
12,1143,48.3,72.9,-1936,3,1
26,1764,42.2,80.6,549,4,2
0,356,46.8,69.1,-335,0,0
8,648,30.9,68.1,0,2,0
8,740,31.7,63.9,-1441,1,0
10,889,15.0,63.6,1644,1,1
4,866,27.0,58.0,-276,1,0
3,485,17.0,45.0,1588,0,1
21,1510,27.5,50.2,57,2,1
18,1871,26.4,51.6,82,2,1
27,2116,41.1,77.6,-1020,4,2
2,461,32.9,64.6,-577,1,0
29,1957,21.2,61.7,1559,2,2
15,799,32.6,66.4,53,2,1
24,1857,27.1,52.3,94,2,2
2,646,18.8,69.1,1686,1,1
3,585,41.4,65.4,-2366,2,0
4,936,53.7,71.7,-515,3,0
3,426,19.0,61.5,-280,0,0
1,475,39.0,67.6,55,1,0
15,1278,55.0,65.2,-261,3,1
30,1842,37.4,55.2,391,3,2
17,1721,17.6,82.2,209,2,1
5,465,28.3,65.3,207,1,0
23,1740,37.2,83.2,-522,3,1
6,224,28.6,85.0,0,2,0
11,1143,45.4,62.9,0,2,1
28,1833,27.1,74.3,78,3,2
7,815,48.2,57.2,2951,2,2
25,1806,27.6,67.2,-403,2,1
25,1532,36.3,72.6,409,3,2
5,628,52.1,72.7,62,3,0
30,2289,35.8,70.9,-1345,3,2
11,920,48.4,61.6,141,3,2
28,2167,24.0,68.3,76,3,2
0,285,30.7,73.4,-2001,0,0
18,1759,35.6,57.7,-1183,2,1
17,1261,31.3,63.3,458,2,1
10,1059,29.1,75.2,0,2,0
4,352,42.5,60.4,-966,2,0
30,2076,42.9,61.0,0,3,2
13,1338,36.2,51.3,188,2,1
12,949,44.6,60.4,1167,2,1
21,1926,30.6,55.8,908,2,2
8,794,44.9,74.9,2671,3,2
19,1745,30.4,71.3,2188,2,3
18,1032,36.0,66.1,2433,2,3
21,1608,37.2,56.8,2662,2,3
5,409,55.0,59.9,436,2,0
10,745,40.0,50.2,-610,2,0
5,713,37.1,66.8,1574,2,1
21,1283,43.0,69.7,2756,3,3
1,620,41.7,64.8,-504,2,0
4,576,36.5,61.3,-1821,1,0
25,2013,43.8,70.2,2926,3,4
25,1715,31.4,73.3,2341,3,3
28,2020,46.6,53.9,-758,3,1
15,1004,33.9,54.6,-376,2,1
0,463,40.2,76.6,148,0,0
0,489,43.0,69.3,-1406,0,0
23,1825,35.1,66.6,218,3,2
9,807,31.0,70.2,-940,2,0
1,302,15.0,76.1,2918,1,2
19,1247,32.6,85.0,1509,3,2
7,855,39.0,64.0,371,2,0
15,1110,55.0,72.9,1633,4,2
30,2253,44.1,59.2,-1721,4,2
28,1969,34.6,72.3,270,3,2
24,2086,30.4,48.4,1335,2,2
18,1188,43.8,62.6,1092,3,2
11,1133,18.9,72.3,430,1,1
29,2112,26.8,60.5,-363,2,2
21,1532,35.4,64.7,-16,2,1
12,991,45.2,60.0,-1589,3,0
20,1485,44.4,57.0,1620,3,2
2,389,55.0,85.0,2761,4,2
5,912,48.5,69.7,-485,2,0
13,1000,29.8,65.3,1429,2,1
6,616,39.0,73.0,-1978,2,0
16,1119,28.8,47.6,2484,1,2
21,1478,47.9,78.4,134,4,1
14,1295,44.6,64.3,3094,3,3
14,1416,20.1,59.1,1898,1,2
30,2020,20.1,69.9,1476,2,3
23,1536,37.9,58.4,-1780,2,1
17,1334,40.1,77.0,475,3,1
7,530,23.8,70.6,-1372,1,0
22,1435,39.7,62.1,-1236,3,1
25,1919,28.9,74.8,246,3,2
0,200,55.0,73.7,84,0,0
22,1246,24.5,61.6,965,2,2
18,1661,39.0,57.0,1583,3,2
21,1782,47.4,47.4,1270,3,2
21,1665,32.9,62.4,-1264,2,1
25,1834,50.6,76.3,1313,4,3
20,1423,16.1,68.0,-1687,1,1
22,1691,39.8,75.9,-1918,3,1
29,2059,39.9,57.0,-1617,3,2
28,2240,32.9,68.3,151,3,2
0,345,30.3,45.8,597,0,0
15,1276,55.0,60.3,265,3,1
11,959,32.9,68.1,52,2,0
22,1588,48.0,67.9,-133,4,1
12,1022,44.2,58.6,262,2,1
7,864,25.5,62.3,-1035,1,0
15,1482,47.0,72.4,282,3,1
20,1609,44.8,66.6,-642,3,1
25,1586,29.2,60.9,2357,2,3
17,1525,48.3,80.7,515,4,1
9,1244,42.6,56.4,-479,2,0
20,1307,45.1,57.0,2565,3,3
23,1959,47.2,66.8,111,3,1
1,426,52.5,59.5,1480,2,1
11,990,55.0,72.3,118,4,1
2,514,35.9,57.8,240,1,0
27,1827,31.0,60.7,791,3,2
22,1293,23.4,68.6,-1194,2,1
25,1593,39.3,75.7,158,3,2
24,1407,36.1,55.7,196,2,2
20,1327,20.9,65.0,-2058,2,1
28,1775,38.7,83.9,232,4,2
2,664,46.7,74.2,1972,3,1
21,1677,36.7,57.4,1847,2,3
25,1502,27.5,72.8,-1695,3,2
27,1591,24.0,66.1,1286,2,3
18,1397,29.9,72.9,-2027,2,1
1,315,45.1,50.5,-215,2,0
24,1832,39.5,55.6,-1446,3,1
11,947,44.1,58.9,1175,2,1
1,478,43.0,54.1,971,2,1
17,1503,39.4,62.9,-2183,2,1
27,1836,45.0,75.3,-672,4,2
14,1147,37.1,51.6,168,2,1
7,950,28.7,59.6,2583,1,2
21,1229,28.6,65.8,-730,2,1
21,1035,55.0,69.3,1266,4,2
0,773,35.9,51.6,74,0,0
14,1128,34.9,45.5,3801,1,3
20,1523,43.7,62.1,-1739,3,1
21,1831,35.4,79.3,-178,3,1
3,403,26.4,72.2,-1938,1,0
26,1996,35.5,73.4,156,3,2
24,2033,27.1,57.1,-464,2,2
2,344,29.3,71.8,1723,1,1
7,1066,54.1,58.7,-1841,3,0
2,666,17.5,57.4,1241,0,0
0,459,15.0,74.6,1226,0,0
14,1063,28.8,79.7,2432,2,2
2,824,29.7,77.0,234,2,0
25,1604,16.7,71.4,533,2,2
9,1137,28.7,79.5,-1431,2,0
19,1454,15.0,58.2,-1824,1,1
1,432,44.6,57.3,3155,2,2
0,480,29.9,83.8,2299,0,0
22,1317,31.7,60.2,3777,2,4
28,1991,28.6,62.4,1226,2,3
6,491,31.7,59.9,-1604,1,0
30,1966,41.6,45.0,-611,2,2
16,1140,31.2,54.3,3331,2,3
24,1957,41.2,69.6,2172,3,3
1,391,36.3,66.6,3414,1,2
15,1277,35.0,74.4,-1242,3,1
16,1359,25.7,47.4,-10,1,1
10,937,23.1,68.4,-1552,1,0
25,1947,28.2,45.0,-1657,3,1
5,672,47.8,60.4,2618,1,2
22,1514,24.9,62.4,152,2,1
4,798,36.9,76.6,2716,2,2
0,379,44.5,45.4,3239,0,0
14,1157,31.7,79.5,-265,2,1
16,1417,43.3,60.3,2328,2,3
16,1397,18.2,60.6,0,1,1
8,993,38.3,59.9,-1674,2,0
21,2169,39.4,83.8,1199,4,2
15,1060,45.6,66.3,-2408,3,1
27,1390,44.7,45.0,1079,2,2
12,907,34.3,62.2,193,2,1
8,862,15.0,65.5,108,1,0
20,1517,45.6,68.5,-582,3,1
27,1785,23.4,61.5,76,2,2
24,1823,38.5,75.6,305,3,2
18,1612,26.7,68.6,2949,2,3
25,1674,24.5,65.7,-236,2,2
12,1343,15.0,48.4,-623,0,0
3,200,31.2,58.4,-1569,1,0
14,1129,32.1,53.5,-450,2,0
27,2397,35.9,61.0,46,2,2
16,1050,17.3,66.6,-2379,1,0
5,541,24.2,74.8,175,1,0
26,2017,17.4,85.0,-616,2,1
29,2036,46.7,72.4,149,4,2
1,394,39.7,68.8,-264,2,0
29,2024,26.7,85.0,2885,3,4
3,1017,35.7,51.9,2133,1,1
26,2158,28.4,51.8,427,2,2
11,746,18.2,45.0,2629,0,2
19,1433,38.1,77.4,1340,3,2
20,1065,27.7,53.0,-638,2,1
11,1194,29.7,73.8,1520,2,2
14,934,35.5,60.1,2014,2,2
23,1854,20.1,63.5,-524,2,1
14,810,29.7,54.6,-201,1,0
25,1656,44.0,64.4,701,3,2
6,776,43.0,82.9,3728,3,3
0,612,20.4,67.1,137,1,0
15,1241,37.5,67.2,-135,2,1
17,1483,19.8,65.2,45,2,1
16,1189,38.1,55.0,-2374,2,1
12,954,40.2,68.7,-2254,2,1
6,860,17.4,60.3,159,1,0
2,515,24.1,47.1,602,0,0
14,1126,31.2,46.5,-1862,2,1
11,1068,31.3,74.6,1872,2,2
14,1421,23.0,59.3,-1035,1,1
19,1699,53.5,57.9,3518,3,4
15,1412,25.5,70.9,868,2,2
25,1889,37.1,67.8,275,3,2
28,1952,22.9,54.8,-490,2,2
1,539,31.2,60.5,-1063,1,0
5,604,50.5,54.2,2568,2,2
25,1900,28.8,62.8,-267,2,2
29,1779,15.0,66.2,1109,2,3
26,1850,40.9,57.5,343,3,2
14,877,41.1,58.0,-656,2,1
28,1909,33.6,68.1,2114,3,3
17,1117,36.7,69.2,-832,2,1
30,1684,42.6,78.8,3070,4,4
28,2260,26.1,75.5,62,3,2
3,429,29.1,64.4,-2141,1,0
1,632,39.4,75.6,245,2,0
18,1324,36.4,68.8,210,3,1
24,1829,55.0,82.7,1584,4,3
26,1769,36.4,57.8,1549,2,3
1,867,39.8,45.6,-1154,1,0
5,524,34.2,61.4,758,2,1
13,1018,26.8,75.6,-1275,2,1
27,2060,20.4,71.0,1518,2,2
27,1837,27.2,69.8,1191,2,2
16,1233,31.0,56.7,87,2,0
16,1366,34.7,73.3,-1633,2,1
17,1170,31.9,63.6,335,2,1
4,615,47.8,67.4,-925,3,0
23,1521,40.6,48.4,-411,2,1
30,2244,23.8,62.6,286,2,2
10,715,40.1,61.2,127,2,0
13,1110,48.5,56.9,-1099,3,1
28,1813,30.0,61.8,311,3,2
21,1956,16.7,66.9,-87,1,1
11,1155,38.8,65.2,1429,2,2
23,1949,26.1,63.4,1911,2,3
12,1077,39.5,59.7,2128,2,2
22,1555,55.0,62.0,251,4,1
1,321,25.0,73.2,-1541,1,0
4,503,15.0,58.5,-38,0,0
27,2265,34.8,58.5,-425,2,2
28,2020,41.0,74.0,262,4,2
20,1626,20.1,66.6,183,2,1
11,1061,52.0,69.9,174,3,1
13,916,36.0,83.1,246,3,1
8,779,46.6,67.3,2488,3,2
22,1488,43.0,55.8,-770,3,1
20,1376,15.3,49.7,1333,1,3
9,1225,37.8,74.5,-1196,2,0
7,968,50.2,75.1,2843,3,2
10,932,36.5,65.5,3103,2,3
22,1462,45.2,48.6,841,2,1
21,1606,37.1,76.9,1922,3,2
18,1615,44.4,61.2,-1187,3,1
25,1687,35.8,55.5,195,2,2
13,1124,27.5,58.8,140,1,1
9,909,36.3,74.6,-2040,2,0
14,884,49.4,71.2,-244,3,1
12,977,30.6,66.2,-2417,2,0
0,263,48.9,73.9,0,0,0
16,1024,37.8,69.1,-1526,2,1
25,2029,24.5,59.4,-468,2,1
29,1818,15.0,54.4,94,2,2
25,1611,39.5,77.9,1019,4,2
25,1410,21.1,59.3,52,2,2
20,1406,23.1,58.1,724,1,1
28,1903,32.4,64.1,63,3,2
29,2013,49.9,78.3,-1442,4,2
5,698,37.0,54.6,-565,1,0
15,1526,27.4,54.7,-1144,1,1
14,1362,42.6,59.7,-1759,2,1
19,1510,31.1,85.0,-774,3,1
23,1800,39.8,51.5,594,3,2
25,1914,28.7,69.0,1751,2,3
11,923,45.3,54.9,-226,2,0
26,1889,32.9,61.5,526,3,2
15,1394,15.0,60.0,-28,1,1
22,1739,21.5,68.2,-445,1,1
9,880,21.2,77.5,251,2,1
20,1728,43.6,57.9,-703,3,1
22,1648,30.2,64.9,-123,2,1
24,1565,52.3,56.1,1468,4,2
7,749,43.3,57.9,-2306,2,0
8,720,21.8,78.7,-2186,1,0
27,1689,21.0,68.4,-339,2,2
9,798,43.9,61.0,103,2,1
13,934,49.0,71.1,3019,3,3
1,200,21.5,71.6,80,1,0
2,665,42.2,85.0,1327,3,1
17,1013,37.1,54.2,0,2,1
8,793,21.5,59.4,593,1,1
29,2004,36.3,78.2,1224,3,3
25,1888,44.1,85.0,2292,4,3
4,611,42.9,69.5,48,2,0
10,841,41.5,46.0,916,2,1
25,1726,33.6,68.7,805,3,2
6,567,53.0,64.8,901,3,1
17,1218,36.3,70.0,-1146,3,1
17,1636,31.9,63.2,-1485,2,1
19,1477,47.3,77.4,-1705,4,1
3,349,31.8,84.7,254,2,0
10,684,39.1,77.6,1184,3,1
17,1479,36.4,62.0,385,2,1
5,867,37.1,67.7,2418,2,2
30,1823,36.5,63.9,-1923,3,2
17,1151,34.4,60.2,2840,2,3
12,883,18.2,58.1,-578,1,1
17,1575,34.4,75.6,-585,3,1
30,2044,17.3,59.8,181,2,2
12,1034,21.0,63.9,596,1,1
9,1036,27.6,59.1,-264,2,0
19,1910,30.0,67.2,457,2,1
12,852,38.8,57.9,-2212,2,0
19,1309,42.6,58.5,-15,2,1
4,402,23.6,63.1,-1359,1,0
14,1206,22.8,71.6,188,2,1
25,1811,52.9,64.9,1678,4,3
19,1776,41.6,54.7,-482,2,1
17,1491,47.8,58.5,-1253,3,1
3,809,32.3,60.8,-1226,1,0
13,1425,33.9,62.5,3361,2,3
4,773,37.7,59.5,3631,2,3
1,543,21.9,69.3,338,1,0
17,1460,41.1,59.2,359,3,1
12,1021,50.5,77.2,-2203,3,0
16,1419,55.0,62.9,176,3,1
4,643,37.0,71.7,2874,2,2
29,1920,45.4,68.5,-364,4,2
23,1634,45.9,70.1,-1968,4,2
9,929,47.8,55.7,-488,2,0
14,1647,24.5,59.5,-1580,1,1
1,217,44.8,72.1,269,2,0
22,2161,30.5,70.1,3070,3,4
26,1929,26.0,85.0,-2491,3,2
27,1926,26.6,71.8,-1047,2,2
23,1854,16.9,66.4,278,2,2
6,632,40.7,60.3,1369,2,1
24,1727,26.3,45.0,447,1,2
27,1720,28.3,61.0,102,2,2
27,2278,42.6,65.2,0,3,2
22,1541,25.0,60.8,-1075,2,1
30,2270,42.9,55.3,-341,3,2
15,1110,55.0,72.9,-883,4,0
23,1695,48.2,60.7,-761,4,1
18,1476,41.5,56.4,3255,2,3
2,496,41.6,73.9,2073,2,1
14,1279,31.7,65.2,-312,2,0
5,490,35.9,53.8,-405,1,0
4,855,43.3,75.5,142,2,0
20,1340,42.3,70.7,-1719,3,1
13,1206,47.6,56.1,129,2,1
2,540,41.0,63.5,-821,2,0
7,482,40.5,85.0,-443,3,0
16,1164,38.7,70.7,-885,3,1
22,1707,37.8,50.4,1457,2,2
24,1779,38.0,61.4,275,2,2
0,373,45.4,45.2,0,0,0
23,1629,25.7,54.7,103,2,1
30,1832,30.1,57.6,1595,2,3
25,1877,36.9,81.3,-441,4,1
21,1762,31.1,51.9,2502,2,3
0,290,15.0,54.4,204,0,0
23,1677,15.0,45.0,92,1,1
10,1172,25.0,66.9,-412,1,0
22,1595,38.5,68.3,404,3,2
21,1464,50.9,85.0,2955,4,3
12,1102,29.0,79.8,1678,2,2
20,1222,15.0,63.6,1256,1,2
2,260,42.0,60.5,-1568,2,0
7,784,24.2,73.0,184,2,0
17,1155,40.6,45.0,1537,2,2
18,1384,36.3,69.5,837,3,1
8,635,55.0,54.6,2973,2,2
23,1480,25.9,58.6,2494,2,3
22,1533,31.3,67.4,269,2,1
27,1737,29.3,70.7,869,2,2
16,1194,33.8,68.8,1377,2,2
3,612,40.8,66.0,-91,2,0
28,1984,40.9,73.1,1342,4,3
0,549,49.8,84.7,-1762,0,0
0,299,27.7,53.3,-319,0,0
3,465,40.8,45.0,2908,1,2
26,1826,49.4,60.5,272,4,2
26,1586,37.3,73.9,2619,3,4
14,1167,31.0,56.6,-2158,2,1
15,1217,35.3,65.1,575,2,1
4,863,15.0,68.3,1480,1,1
23,1476,31.1,62.4,859,2,2
4,575,35.6,54.6,2262,1,1
5,402,40.4,82.1,2807,3,2
30,2337,24.7,56.7,288,2,2
8,833,47.4,48.2,1005,2,1
3,250,38.5,59.4,-1250,1,0
27,1906,34.7,58.7,3314,3,4
0,643,41.9,63.8,-109,0,0
14,1065,15.0,48.8,363,0,1
3,750,44.4,57.8,-863,2,0
14,1347,39.1,81.5,596,3,1
18,1114,24.9,66.5,1492,2,2
21,1410,32.1,51.5,0,2,1
25,1678,26.0,45.6,3334,1,4
23,1755,29.1,65.6,266,2,1
5,827,36.2,63.3,-1985,2,0
6,669,28.9,70.3,320,1,0
24,1688,27.4,74.8,1577,3,3
14,1391,22.8,62.3,301,1,1
14,1156,40.5,52.0,-940,2,0
14,1395,32.5,58.8,170,2,1
16,1515,27.7,85.0,351,3,1
12,1102,30.8,79.3,1585,2,1
0,375,33.8,55.2,-1021,0,0
12,994,37.5,59.4,-306,2,0
13,1234,37.8,57.6,2445,2,3
18,1529,27.4,77.3,2527,2,3
19,1892,32.0,59.8,-462,2,1
25,1661,43.6,68.4,-634,3,1
14,1002,15.0,60.8,141,1,1
17,1271,15.0,80.0,1976,2,2
5,409,40.6,62.5,-2106,2,0
7,636,53.2,67.5,-2335,3,0
18,1582,44.8,60.0,-1463,3,1
30,2325,15.3,61.6,1349,2,3
12,1155,33.9,51.0,693,2,1
14,1022,32.0,46.3,-286,1,0
28,1990,27.5,59.8,-547,2,2
2,456,15.0,64.8,1711,1,1
21,1764,36.3,63.5,1620,2,3
17,1387,25.4,75.9,1811,2,2
2,579,29.2,73.6,2912,2,2
23,1431,33.0,68.1,1492,2,2
20,1612,29.3,72.5,292,2,1
16,1262,26.2,69.1,781,2,1
20,1397,38.8,54.8,-218,2,1
30,2309,24.6,48.7,-1991,2,2
23,1338,46.3,69.9,1446,4,2
1,595,42.9,48.1,-1132,1,0
28,1881,38.5,60.6,-256,3,2
27,1982,41.5,68.7,283,3,2
21,1384,25.6,68.7,-833,2,1
12,815,39.5,62.4,-313,2,0
19,1361,20.3,65.5,3320,2,4
6,749,32.6,65.4,570,2,1
24,1912,23.3,75.8,-2270,2,2
16,1210,20.0,73.7,3341,2,3
21,1403,35.3,62.9,3018,2,3
1,470,41.2,85.0,-1057,3,0
18,1574,24.5,53.9,71,2,1
10,860,30.4,72.0,-1352,2,0
6,809,45.4,70.8,650,3,1
16,1136,15.0,73.6,492,1,1
8,1032,33.8,69.1,2578,2,2
9,641,38.9,64.2,-104,2,0
6,904,49.6,57.2,608,2,1
23,1348,26.4,65.1,-190,2,1
8,960,31.3,60.7,-1790,1,0
0,404,43.5,62.0,11,0,0
10,896,44.8,84.8,1051,3,1
18,1166,49.7,74.8,-2223,4,1
17,1529,32.8,55.9,2421,2,3
21,1358,43.3,78.5,-34,3,1
0,727,38.5,45.0,-548,0,0
13,1312,35.6,76.1,-689,3,1
11,1015,44.6,65.7,-1826,2,0
4,423,25.9,68.1,3129,1,2
20,1804,30.7,53.5,-348,2,1
12,858,27.8,54.5,75,1,1
9,861,24.8,77.3,841,2,1
13,1152,20.8,63.8,-490,1,1
30,1767,42.3,61.9,-33,3,2
18,1265,37.5,59.7,-570,2,1
16,1520,38.8,59.8,136,2,1
20,1705,30.2,54.6,124,1,1
8,951,31.3,79.9,2003,2,1
10,1049,27.8,68.6,-371,2,0
2,566,31.1,69.5,-1087,1,0
23,1528,44.7,66.9,-1471,3,1
12,1022,42.8,84.6,-1160,3,0
24,2191,21.6,67.3,2837,2,3
20,1641,43.7,70.2,-1650,3,1
9,908,43.5,57.1,-823,2,0
30,1843,16.5,51.8,2315,1,3
1,247,37.2,67.1,105,1,0
11,1142,48.0,62.2,-1607,2,1
3,561,24.7,71.1,480,1,0
1,345,26.5,70.5,1310,1,1
30,1911,54.3,51.1,482,4,3
24,1781,51.7,58.9,1521,4,2
24,1863,34.2,74.7,-291,3,1
9,857,36.1,69.3,150,2,0
20,1428,43.3,76.1,117,3,1
10,956,31.5,71.6,1471,2,1
21,1455,44.8,75.6,1762,4,2
29,2374,51.8,72.4,-1976,4,2
2,756,31.5,58.4,152,1,0
11,714,37.8,70.8,336,2,1
18,1461,39.9,72.2,3796,3,4
12,1305,44.9,78.6,237,3,1
17,1552,24.6,56.3,1770,1,2
28,2242,30.9,69.1,-1703,3,2
18,1582,15.0,70.6,-1705,2,1
10,568,20.8,66.4,1753,1,2
12,1004,17.0,70.6,-31,1,0
7,614,34.5,59.6,2742,1,2
10,849,31.7,64.1,-939,1,0
23,1808,48.1,71.5,18,4,1
7,825,27.0,67.3,-173,1,0
14,855,33.8,57.6,-1347,2,1
19,1326,35.8,46.2,174,2,1
1,450,38.2,77.0,135,2,0
5,786,33.2,64.4,1281,2,1
7,602,31.7,62.2,-580,2,0
7,754,15.0,72.9,210,1,0
21,1577,38.7,57.4,-1984,2,1
13,1073,39.4,61.1,-1115,2,1
19,1566,44.5,60.4,2535,3,3
2,589,26.0,62.6,687,2,0
29,2024,26.9,50.5,262,2,2
30,2061,30.8,54.0,-209,2,2
17,1410,43.8,65.3,1459,3,2
27,2040,34.6,81.4,-263,3,2
17,1408,26.5,73.5,2669,2,3
7,764,29.9,78.4,-657,2,0
7,826,19.5,55.3,1694,0,1
27,2186,36.1,65.7,-1865,3,2
9,905,28.5,65.3,1771,2,2
4,401,36.4,74.1,-1865,2,0
24,1480,28.5,66.9,2040,2,3
24,1486,29.3,52.7,337,2,2
15,1057,31.1,61.6,1669,2,2
4,677,41.5,64.4,1532,2,1
5,698,36.5,76.3,-331,2,0
28,2045,18.2,51.3,-247,1,2
18,1549,30.6,60.3,-210,2,1
28,2114,28.0,75.0,-476,3,2
9,957,31.2,49.8,1103,1,1
18,1371,40.6,69.0,-346,3,1
7,852,42.1,61.3,3716,2,3
4,631,22.5,66.8,193,1,0
25,1742,40.0,50.1,-160,2,1
1,365,30.5,55.2,-2019,1,0
13,1055,46.7,72.8,-473,3,0
4,484,44.4,54.9,-1345,2,0
23,1360,35.7,70.3,360,3,2
24,1874,45.7,58.8,-536,3,1
22,1626,32.4,50.8,234,2,1
12,920,34.4,61.1,547,2,1
2,511,43.9,73.2,-906,2,0
29,1907,39.1,69.4,1836,3,3
26,1700,43.1,80.5,290,4,2
16,1266,26.8,72.6,2881,2,3
11,705,33.3,71.8,1336,2,1
23,1809,48.3,58.1,-1184,3,1
5,990,36.1,66.4,1431,2,1
17,1352,31.8,66.2,2235,2,1
18,1164,46.1,65.9,291,3,1
25,1917,39.6,70.9,-646,4,2
12,810,28.9,76.3,-1354,2,1
17,1376,37.0,69.7,121,3,1
27,1999,41.8,68.6,-757,3,1
16,1180,30.9,51.0,69,1,1
3,312,49.9,69.2,782,3,0
12,1172,39.0,71.7,-570,4,0
3,200,26.4,68.1,-1384,1,0
29,2052,42.8,54.2,3593,3,4
6,676,19.4,66.2,299,1,0
1,570,17.3,54.9,371,0,0
15,967,39.5,55.2,302,2,1
4,535,31.5,71.3,1287,2,0
7,628,38.8,55.7,-1028,2,0
3,386,42.9,46.0,222,1,0
2,754,22.1,70.1,-11,1,0
17,1261,36.8,55.6,3117,2,3
12,1415,51.4,65.9,1566,3,1
18,1822,46.4,72.4,-1154,3,1
7,950,45.3,57.5,2255,2,2
14,1046,27.0,60.8,1006,2,1
6,579,21.6,54.0,88,1,0
0,489,15.0,52.7,2582,0,0
10,741,47.2,85.0,2896,4,3
23,1805,38.4,58.2,-1527,3,1
9,524,26.0,66.1,-185,1,0
28,1799,44.0,81.4,165,4,2
12,1128,26.5,61.7,131,1,1
0,503,30.2,68.3,156,0,0
18,1444,44.7,53.4,-330,2,1
1,436,30.5,62.4,1041,1,0
9,1033,43.7,48.8,2506,2,2
17,1119,26.2,71.0,-327,2,1
5,810,38.5,59.0,-870,2,0
20,1678,25.8,59.9,1986,2,2
28,1938,20.5,51.7,1113,1,3
21,1594,30.5,85.0,-1936,3,1
11,1068,30.7,61.3,-174,2,0
20,1670,55.0,51.7,447,3,1
4,558,16.5,66.7,944,1,1
26,2222,55.0,69.5,3720,4,4
18,1514,27.2,70.3,3248,2,3
6,776,29.8,84.0,798,2,0
23,1802,17.4,55.9,1863,1,3
13,1241,28.0,68.6,1321,2,1
6,833,44.3,72.6,1980,2,1
4,714,47.2,57.0,1254,2,1
3,643,30.6,69.7,-195,1,0
25,1819,43.3,60.9,223,3,2
5,747,42.6,69.9,862,2,0
18,1389,19.0,74.7,-1229,2,1
16,1304,32.9,62.9,1018,2,1
8,1141,28.6,51.3,2068,1,2
6,651,53.8,73.1,-780,3,0
23,1717,34.8,68.1,2513,3,3
18,1472,28.9,59.1,3042,2,3
28,1874,39.1,53.2,954,3,3
23,1271,33.1,58.7,2111,2,3
30,1797,25.4,73.7,-1277,3,2
7,772,27.9,74.9,-14,2,0
8,922,22.7,74.8,-1115,2,0
0,360,33.7,49.0,2832,0,0
9,994,37.5,69.3,197,3,0
13,885,39.9,65.7,1946,3,2
2,467,47.0,73.4,-120,3,0
29,2006,39.4,63.3,1818,3,3
19,1037,55.0,62.8,-1513,4,1
24,1801,33.0,60.9,1810,2,3
6,838,30.4,62.3,42,2,0
26,1968,49.3,71.0,1674,4,3
5,695,48.6,79.0,-1686,3,0
11,971,23.6,58.9,107,1,1
17,1421,53.2,54.5,193,3,1
18,1288,33.4,70.5,1624,3,2
11,1231,39.6,68.5,197,3,1
4,576,28.1,63.4,-66,1,0
18,1551,33.2,55.5,172,2,1
7,830,25.4,68.3,-896,1,0
2,200,28.2,80.3,151,2,0
14,1027,41.8,65.0,-424,2,1
24,1764,33.2,80.4,-2139,3,1
18,911,29.1,54.1,81,1,1
27,1868,33.6,84.9,151,4,2
27,1923,55.0,70.5,1508,4,2
29,1687,30.0,70.5,161,3,2
23,1695,38.4,65.3,-1725,3,1
2,710,37.3,45.0,103,1,0
21,1472,34.8,79.4,307,3,2
12,899,17.9,71.3,261,1,1
8,714,47.8,60.8,-632,3,0
26,2141,34.4,59.6,2344,3,3
29,2211,26.2,70.3,-695,1,2
22,1163,35.5,74.5,349,3,1
22,1418,42.3,63.6,263,3,1
30,2176,25.0,62.7,1406,2,3
3,405,15.0,67.6,-814,0,0
25,1971,49.0,61.8,712,3,2
3,423,15.0,60.1,-123,0,0
7,776,25.7,61.8,662,1,1
1,562,19.9,63.7,2843,1,2
13,1223,30.3,62.9,1709,2,2
1,648,36.6,58.3,-251,1,0
9,790,24.1,69.8,249,1,0
18,1660,31.3,54.2,1197,2,2
11,1033,44.5,78.3,679,3,1
16,1267,29.3,65.1,1888,2,2
3,634,32.7,55.2,3273,1,2
17,1316,34.6,70.5,-2416,3,1
8,863,24.6,53.6,706,1,1
2,850,49.4,61.5,2117,2,1
29,2205,31.5,49.4,1425,2,3
11,1117,33.6,74.3,-726,2,0
11,1163,28.1,80.5,723,2,1
26,1932,21.4,71.6,1456,2,3
23,1815,36.7,50.6,1154,2,2
6,764,38.4,74.1,15,2,0
6,776,21.7,66.7,1063,1,1
23,1576,26.3,66.2,2395,2,3
30,2037,18.5,85.0,1153,3,3
23,1774,28.4,74.9,72,3,1
9,642,46.1,53.8,2064,2,1
6,592,33.7,58.2,-786,1,0
4,460,38.9,67.1,-704,2,0
27,2006,41.6,73.3,-1363,3,2
20,1353,29.1,45.0,208,1,1
16,1708,41.7,75.7,955,3,1
3,615,35.3,65.6,-215,2,0
4,676,39.0,57.2,652,1,0
24,1944,30.5,63.0,230,2,2
2,692,22.7,66.9,255,1,0
10,1216,42.5,81.7,-434,3,1
24,1786,42.7,77.1,2573,4,3
16,1162,43.0,71.8,-2330,3,1
24,1710,31.2,62.4,587,2,2
7,876,33.0,79.6,-1516,2,0
20,1695,38.9,53.6,-429,2,1
0,369,29.5,45.0,2928,0,0
30,2310,25.8,61.5,883,2,3
28,1976,49.2,70.6,194,4,2
19,1421,41.1,85.0,412,4,2
21,1369,33.8,77.7,1371,3,2
1,614,36.0,80.5,164,2,0
18,1858,42.4,68.1,-2400,3,1
14,902,28.0,62.9,1578,2,2
13,1222,40.4,74.4,-390,3,1
3,324,51.9,69.2,-292,3,0
1,303,43.4,47.9,1065,1,0
23,1347,35.0,70.0,1621,3,2
1,449,38.8,56.7,-979,1,0
18,1087,29.1,83.0,2095,3,3
26,1728,38.1,71.1,154,3,2
17,1206,24.3,74.9,1635,2,2
8,923,43.0,85.0,285,3,0
1,390,32.9,66.5,-290,1,0
21,1606,30.8,51.9,1022,2,2
0,507,39.4,68.0,1602,0,0
17,1515,52.0,74.6,558,4,1
22,1492,15.0,70.1,1161,2,2
28,1863,26.9,74.1,395,2,2
19,1308,40.9,69.2,3614,3,4
2,571,33.4,80.8,78,2,0
14,1032,15.0,66.9,3377,1,3
8,853,32.8,80.5,2571,2,2
1,200,51.7,71.1,-504,3,0
12,1460,42.7,49.2,-2164,2,1
29,1749,40.5,56.0,0,3,2
10,922,34.1,48.7,-2396,1,0
29,1642,24.3,70.4,841,2,3
5,503,37.9,60.3,-586,1,0
5,616,45.5,67.3,1390,2,1
27,1652,38.0,71.0,-161,3,2
11,1037,24.8,47.3,-1670,1,0
12,1073,30.2,60.5,-1687,2,1
28,1584,33.1,52.4,2237,2,4
29,2132,28.9,52.4,-1790,2,2
16,1249,33.0,69.0,3800,2,4
5,773,38.8,70.3,385,2,0
12,1182,33.4,49.3,414,1,1
21,1272,43.3,61.0,730,3,1
26,1965,42.3,57.4,0,3,2
27,1935,23.5,51.9,108,2,2
24,1889,37.2,54.2,3001,3,4
2,723,31.3,63.1,1519,1,1
17,1465,32.6,54.1,108,2,1
5,595,32.0,85.0,-125,2,0
27,2105,32.9,65.0,1615,2,3
30,1839,17.0,48.1,-1585,1,2
24,1400,33.9,53.7,1878,2,3
12,1024,41.0,63.6,-226,2,0
25,1884,31.7,52.7,-675,2,2
2,299,15.0,64.5,2695,0,2
18,1463,54.6,54.2,165,3,1
2,497,41.3,74.7,508,2,0
13,1234,34.4,74.4,0,2,1
12,771,46.9,74.4,1323,3,1
3,474,39.3,72.2,945,2,0
18,1032,26.5,73.7,-651,2,1
11,828,31.9,74.3,356,2,0
23,1713,34.8,69.3,2673,3,3
16,1238,26.9,66.4,801,2,2
17,1625,30.5,58.9,186,2,1
8,1088,52.5,66.4,77,3,0
5,678,35.2,66.9,-877,2,0
23,1819,55.0,46.5,861,3,2
17,1209,27.4,76.8,43,2,1
7,1239,48.4,58.7,1936,2,1
19,1499,30.3,66.9,-1097,2,1
23,1700,27.3,77.1,-292,3,1
3,369,42.3,65.6,-97,2,0
13,1079,28.8,48.9,-268,1,1
25,1690,40.2,62.1,-492,3,2
0,281,30.6,47.1,1353,0,0
0,579,19.5,69.3,-765,0,0
25,1453,34.5,70.3,-2371,3,2
13,966,41.1,77.0,643,3,1
16,1194,28.5,56.6,-420,1,1
26,2112,21.2,65.6,3485,2,4
12,909,48.2,60.9,3441,3,3
24,1821,27.8,45.0,523,1,2
2,311,22.7,77.2,114,1,0
21,1443,23.1,71.0,998,2,2
12,1376,29.3,77.1,1229,2,1
27,1742,40.4,69.3,13,4,1
18,1513,43.3,63.7,2861,3,3
6,812,33.9,67.6,1808,2,1
5,917,45.7,81.7,1045,3,1
30,2107,28.8,62.5,458,3,2
8,883,37.5,77.4,1444,2,1
27,2282,34.9,60.6,3561,3,4
26,1846,31.9,59.0,-1634,2,2
20,1576,42.5,58.5,-718,2,1
20,1378,40.8,60.6,-166,3,1
27,2009,15.0,61.5,712,2,2
4,547,19.2,45.0,-744,0,0
25,1770,30.7,72.3,-1094,3,2
25,1600,51.9,72.0,-1377,4,1
15,1361,28.8,67.3,134,2,1
27,2003,41.5,63.1,-2481,3,2
12,1114,55.0,52.9,278,3,1
27,1957,24.3,64.4,-491,2,2
24,1908,15.8,56.8,-1102,1,2
13,901,26.7,64.0,-172,1,1
30,2043,22.1,72.6,-281,2,2
16,1454,32.6,66.5,405,2,1
15,1345,25.1,57.9,1792,1,3
10,973,36.7,64.3,1826,2,2
23,1204,19.5,67.6,1911,2,3
28,2089,38.1,47.9,3616,3,4
15,1117,20.3,66.5,0,1,1
3,609,43.3,64.1,508,2,0
23,1477,28.1,69.5,-732,2,1
24,1635,46.5,71.7,-749,3,1
24,1927,43.3,64.9,0,3,2
25,1916,29.1,45.0,-1343,2,1
23,1553,40.3,62.3,0,3,2
19,1694,41.2,52.6,556,2,1
20,1338,43.4,64.4,3377,3,4
17,1136,28.1,53.5,-420,2,1
2,359,22.7,65.1,310,1,0
21,1332,34.6,57.7,-1062,2,1
28,2057,40.6,85.0,-91,4,2
26,1691,39.8,72.2,2076,3,3
3,475,29.4,70.5,-2296,1,0
24,1612,44.2,59.6,3247,3,4
19,1254,30.9,76.4,3893,2,4
7,619,43.3,63.0,-1544,2,0
5,481,35.8,77.7,-239,2,0
0,558,37.5,70.2,229,0,0
20,1307,47.1,82.0,-1987,4,1
5,760,33.6,70.3,317,2,0
21,1694,35.3,61.7,-2368,2,1
2,594,20.3,80.0,-432,2,0
22,1421,34.0,71.8,-1483,3,1
3,532,51.6,62.9,-1257,2,0
16,1336,38.9,53.9,1771,2,2
2,405,34.1,47.0,200,1,0
21,1985,30.3,65.4,3699,2,4
1,458,34.5,51.1,-834,1,0
21,1539,40.1,57.6,532,3,1
16,1352,33.3,68.8,560,2,1
13,1177,48.6,71.2,26,3,1
2,200,41.7,47.8,-1100,1,0
18,1271,33.5,53.1,-1885,2,1
5,345,29.3,60.9,-8,2,0
24,1707,22.6,65.8,-389,2,2
22,1915,51.6,71.2,-2111,4,1
11,676,39.7,70.0,323,2,1
18,1478,40.5,59.0,1639,2,2
8,1076,42.3,69.8,1361,3,1
7,1104,36.0,83.0,967,3,1
25,1793,40.2,64.9,842,3,2
0,656,35.6,55.0,137,0,0
26,1840,41.8,65.9,3021,3,4
19,1584,44.5,72.5,-1409,3,1
15,1340,17.0,85.0,1535,2,2
5,541,28.2,64.6,2282,1,2
3,683,24.4,48.1,323,0,0
22,1633,43.9,74.1,2214,4,3
19,1516,30.4,62.4,2028,2,3
2,524,40.1,70.2,2644,2,2
12,781,52.5,69.3,-349,3,0
0,200,52.8,46.6,1025,0,0
7,1048,33.6,70.1,411,2,1
29,1963,37.6,47.0,-2041,2,2
9,1039,32.3,62.5,-933,2,0
27,1824,36.4,73.7,-848,3,2
24,1723,25.5,67.5,-1776,2,1
10,1326,20.6,82.5,1876,2,2
24,1756,27.5,63.0,400,2,2
13,1111,43.9,69.2,1349,3,1
28,1916,39.8,80.1,2426,4,4
20,1364,36.8,69.5,465,3,1
6,910,42.8,74.8,2948,3,3
11,1216,37.3,69.9,3389,3,3
4,536,47.8,63.7,492,2,0
28,2021,55.0,55.2,-937,4,2
28,1655,49.5,77.4,287,4,2
29,2195,38.6,62.4,3362,3,4
4,573,30.5,60.0,232,1,0
15,1386,34.2,59.2,-1902,2,1
19,1461,44.3,69.8,1722,3,2
15,1214,32.9,79.8,326,3,1
10,984,25.9,54.6,-624,1,1
5,592,49.4,68.1,-699,3,0
29,1919,55.0,66.9,0,4,2
19,1609,36.2,68.5,135,3,1
5,658,36.3,60.7,2097,2,2
15,1326,43.7,69.2,1900,3,2
6,680,38.1,68.8,-426,2,0
21,1298,50.3,74.7,-1422,4,1
25,1748,33.6,54.7,-1010,2,1
18,1328,43.0,62.1,-299,2,1
11,795,51.9,74.0,-1817,4,0
23,1754,44.4,79.4,3151,4,4
20,1175,42.0,58.4,2065,2,3
18,1373,37.2,58.3,1961,2,2
18,1395,19.7,64.7,24,1,1
28,1923,55.0,64.9,-1910,4,2
10,834,33.4,73.6,1511,2,1
5,535,36.8,64.6,-987,2,0
5,815,39.8,53.2,-477,1,1
10,605,22.2,82.7,2776,2,2
4,673,39.3,54.9,327,1,0
9,956,36.3,47.2,-491,1,0
17,1381,46.9,66.8,-1764,3,1
4,678,43.6,78.7,-2388,3,0
16,1075,19.4,50.9,1433,1,2
16,1163,28.9,85.0,154,3,1
3,242,40.2,75.8,481,2,0
19,1508,43.9,67.2,1049,3,2
19,1535,38.9,48.9,3586,2,4
30,2115,44.4,52.9,3724,3,4
22,1369,31.4,53.8,-737,2,1
8,668,23.1,62.4,3366,1,2
14,1120,42.9,62.1,703,2,1
10,1002,31.2,58.9,387,2,1
8,1031,30.2,46.1,-788,1,0
4,301,42.2,66.6,-92,2,0
16,1074,37.4,55.0,1350,2,2
27,1669,26.4,57.2,898,2,2
14,1184,49.0,73.6,1439,3,2
2,549,35.8,57.8,-2069,1,0
7,999,55.0,57.8,3385,2,3
25,1963,39.7,51.1,225,2,2
18,1568,37.6,58.7,741,2,2
21,1799,50.2,66.2,0,3,1
26,1993,25.3,85.0,777,3,2
24,1753,27.5,82.7,1637,3,2
30,2343,23.0,55.5,210,2,2
4,633,47.8,61.0,-1608,2,0
18,1296,41.1,54.4,718,2,2
16,1435,38.9,71.7,-612,3,1
7,851,20.5,49.1,24,0,0
24,1606,40.0,61.3,-954,3,1
27,1691,42.7,76.1,1794,3,3
16,1298,33.3,52.4,183,2,1
28,1961,19.9,76.9,272,3,2
11,1067,22.6,73.5,-697,1,0
27,1689,27.5,75.6,-2476,2,1
1,615,32.2,75.7,-1717,2,0
5,913,30.7,70.5,-215,1,0
19,1281,50.6,74.6,1657,4,2
12,1089,36.4,74.1,2607,2,2
19,1455,23.2,67.1,276,2,1
9,804,40.9,67.3,975,2,1
14,1112,36.5,70.4,-2081,2,1
6,836,17.9,45.0,1384,0,1
24,1906,34.8,70.7,-1115,3,1
21,1449,33.5,68.8,1978,2,3
18,1210,31.6,72.8,-1468,2,1
30,2179,26.9,65.9,746,3,2
22,1399,35.1,59.6,3164,2,4
29,1708,25.7,52.0,1232,2,2
11,961,37.0,73.1,1720,2,2
7,673,27.9,64.6,-216,1,0
0,392,29.5,66.8,261,0,0
2,614,33.1,46.6,-1853,1,0
9,582,37.3,72.0,1519,2,1
14,1051,35.9,70.6,3009,2,3
30,1905,25.3,61.7,-553,2,2
14,1206,24.8,62.4,1336,1,3
26,1700,23.1,59.9,1277,2,3
21,1467,37.1,52.7,636,2,1
6,648,42.9,80.9,280,3,0
7,514,16.0,62.2,8,0,0
15,1423,34.4,66.9,260,2,1
23,1715,32.2,74.5,1945,3,3
13,965,55.0,57.1,-1146,3,0
9,916,52.2,67.4,-332,3,0
28,1923,45.2,67.5,351,4,2
24,2058,40.6,63.3,235,3,2
11,1251,26.9,54.2,2322,1,2
15,1268,27.9,68.9,-1209,2,1
20,1661,38.9,56.8,2114,2,3
22,1860,26.9,62.7,-2331,2,1
21,1499,41.1,71.1,436,3,2
24,1965,52.8,65.3,304,4,2
22,1776,36.2,67.0,195,2,1
18,1562,41.6,83.7,274,4,1
6,1104,41.3,65.4,2568,2,2
27,1912,41.9,80.7,341,4,2
19,1216,26.5,59.1,2962,2,3
9,1025,39.5,72.2,-1362,2,0
25,1495,42.0,51.7,2211,2,3
14,1223,15.0,68.2,-658,1,1
28,1953,33.9,66.3,-349,3,2
10,1085,34.3,65.2,65,2,0
29,1957,31.4,78.2,2300,3,4
28,2138,37.9,74.5,-1472,3,2
29,2333,36.3,66.3,3458,3,4
19,1457,38.7,70.0,-1046,3,1
2,686,39.1,78.1,-446,2,0
1,238,39.3,79.2,88,2,0
13,1156,44.0,72.0,787,3,1
14,1150,32.9,63.9,159,2,1
29,2115,32.2,70.2,-1269,3,2
14,1297,31.0,76.6,347,2,1
27,2090,44.7,52.9,1258,3,3
15,871,48.6,51.2,1556,2,2
9,979,25.5,53.8,3585,1,3
1,407,24.3,77.7,-1061,1,0
5,462,54.2,64.3,150,3,0
7,759,43.4,72.3,-1207,3,0
7,606,33.1,47.1,148,1,0
0,200,21.0,58.1,1582,0,0
17,1292,46.1,57.6,74,3,1
2,588,35.2,57.7,3432,2,2
6,766,33.2,72.6,-1527,2,0
11,847,28.3,63.9,-833,1,0
7,853,29.4,85.0,-1123,2,0
14,1270,46.0,60.7,341,3,1
14,1260,40.7,62.8,2560,2,2
7,865,42.6,60.0,1938,2,1
7,826,23.9,68.9,386,1,0
21,1696,23.6,57.2,-1340,2,1
21,1675,30.8,63.4,166,2,1
5,663,19.6,75.7,2743,1,2
9,646,33.1,50.9,536,1,1
19,1299,36.9,83.7,-1038,4,1
26,1787,15.0,72.7,547,2,2
10,1260,32.6,73.6,-505,2,1
1,719,31.4,59.8,-952,1,0
13,1300,15.0,71.6,-714,1,1
16,1115,40.9,58.1,1680,2,2
15,1186,34.3,64.9,1094,2,1
30,1968,37.4,69.2,40,3,2
4,1063,35.3,62.3,534,2,1
16,1504,34.5,76.4,283,3,1
24,1707,35.9,71.2,-675,3,2
5,652,41.6,70.5,466,2,0
3,707,17.6,66.7,-916,1,0
3,535,44.8,71.8,-1823,2,0
15,1114,26.6,70.0,2043,2,2
4,728,37.0,68.7,1076,2,1
6,952,25.9,57.8,-852,1,0
0,296,28.6,47.7,-684,0,0
29,2184,44.2,65.1,-719,3,2
4,550,33.1,63.3,-1169,1,0
21,1475,24.7,64.1,2997,2,4
19,1525,55.0,61.8,-190,4,1
19,1641,20.0,56.5,227,1,1
22,1410,41.3,62.3,1370,3,2
24,1494,25.4,60.0,3100,2,4
13,1054,34.6,48.1,1688,1,2
22,1491,22.3,70.2,256,2,2
2,1002,34.8,78.9,153,2,0
14,1064,36.6,45.0,261,2,1
12,1031,55.0,65.0,-2051,3,0
12,1072,44.6,78.8,1187,3,1
30,1651,33.5,72.5,737,3,3
14,1209,21.9,66.4,2217,2,2
20,1595,29.0,63.8,-674,2,1
13,1137,31.6,68.8,1903,2,2
27,1913,28.8,52.9,427,2,2
13,1032,55.0,58.3,-76,3,0
13,943,24.3,59.7,-798,2,1
27,1734,31.2,74.8,-196,3,2
7,987,37.7,79.9,1423,2,1
28,2140,50.3,79.1,1664,4,3
13,1248,31.5,52.6,2440,1,2
20,1462,40.9,65.1,2581,3,3
26,1612,25.3,78.0,-36,3,1
10,1205,37.9,61.6,2649,2,2
27,2338,30.1,63.3,-710,3,2
1,749,36.0,67.8,583,2,0
17,1417,39.4,64.3,1155,2,2
15,1020,40.3,72.3,-2099,3,1
10,1191,23.1,59.0,-663,1,0
28,2009,28.2,60.4,-111,2,2
27,2047,39.4,76.2,-1199,4,2
7,617,42.7,58.6,-1568,2,0
28,2298,35.6,75.4,712,3,2
3,584,27.2,76.3,239,2,0
15,1265,38.7,72.2,290,3,1
30,1930,26.3,60.9,1360,2,3
16,1376,27.8,66.8,-2441,2,1
23,1927,34.6,73.1,278,3,2
9,1208,31.1,68.1,-71,2,0
3,718,41.8,63.9,1189,2,1
1,240,41.1,68.0,135,2,0
10,1176,19.3,75.1,59,2,1
13,1160,15.0,60.2,1053,1,1
14,951,28.3,63.1,431,2,1
20,1193,26.5,75.7,3621,2,4
0,382,36.6,73.2,867,0,0
4,681,18.2,51.2,-952,0,0
10,915,19.0,63.3,254,1,0
11,1011,21.9,55.5,-1807,1,1
10,906,21.5,67.2,162,1,0
19,1648,33.3,57.4,1302,2,2
19,1335,51.3,67.4,2494,3,3
6,707,24.3,63.5,362,1,0
24,1524,51.3,64.0,-483,4,1
7,485,37.9,84.2,2239,3,2
22,1987,18.9,45.2,1576,1,2
23,1840,36.6,80.0,2186,3,3
2,662,37.1,67.4,-2347,2,0
8,803,36.9,67.0,-370,2,0
13,985,16.5,73.7,-986,1,1
19,1621,32.9,61.6,-435,3,1
7,1082,36.9,67.5,910,2,1
26,2033,47.9,79.6,192,4,2
27,2013,15.0,61.9,-1027,2,2
0,446,24.4,47.6,2261,0,0
8,748,15.0,75.3,475,1,1
25,1997,38.4,64.9,1949,3,3
4,671,36.9,56.4,-155,2,0
6,836,41.3,57.8,74,2,0
7,881,33.1,74.3,0,2,0
13,1321,31.2,73.7,184,2,1
10,624,28.5,55.6,1814,1,1
1,507,23.2,69.8,247,1,0
15,1039,44.2,66.3,1837,3,2
27,1861,31.8,73.0,91,3,2
2,613,26.0,85.0,2773,2,2
11,1098,45.2,70.8,1411,3,2
22,1815,55.0,63.2,3296,3,3
20,1259,44.3,61.9,2348,3,3
23,1622,30.7,63.2,1355,2,2
29,1828,27.3,77.8,1762,3,3
9,778,21.0,45.3,113,0,0
17,1264,32.5,57.2,2737,2,3
18,1327,34.3,57.6,20,2,1
13,1139,15.0,64.3,98,1,1
24,1529,40.3,64.4,1670,3,3
11,949,33.2,63.4,1034,2,0
28,1874,45.5,58.3,1476,3,3
16,1020,31.7,63.8,1864,2,2
14,1111,48.6,51.9,-2174,2,0
22,1755,40.9,52.7,-1841,2,1
15,1226,28.9,56.7,795,1,1
2,388,34.1,55.4,-291,1,0
7,1036,19.0,74.6,441,2,1
29,2262,47.6,81.4,-1617,4,2
16,1051,17.9,62.3,133,1,1
21,1775,46.0,85.0,2355,4,3
8,696,23.7,69.3,-784,2,0
4,497,15.0,80.6,37,1,0
1,637,52.8,51.6,-225,2,0
24,1552,32.5,57.5,178,2,1
8,969,40.6,62.2,-450,2,0
16,1095,31.1,69.9,-1354,2,1
28,2138,25.0,67.9,1523,2,3
11,1092,33.9,71.4,-115,2,0
2,496,33.6,60.2,201,1,0
20,1475,36.8,57.4,924,2,2
21,1377,27.8,66.3,-171,2,1
10,1148,23.8,50.2,1352,1,1
29,1746,45.6,52.6,243,3,2
30,1994,26.7,69.0,24,3,2
11,1244,30.4,61.4,283,1,1
6,623,55.0,68.3,3413,3,2
29,1668,45.1,61.2,-963,4,2
2,688,24.8,63.4,951,1,0
3,301,40.4,74.3,1084,2,1
17,1720,15.0,62.0,207,1,1
11,1022,33.9,47.3,-1376,1,1
3,491,29.1,51.2,-302,1,0
29,2074,24.1,58.6,-807,2,2
16,1536,41.9,50.3,-1592,2,1
25,1957,31.4,65.4,-1252,3,2
2,800,17.0,55.0,-1771,0,0
14,934,47.5,78.9,-1001,4,1
28,2095,35.0,52.3,158,2,2
12,1156,38.2,58.5,-609,2,0
22,1684,28.7,60.4,706,2,2
27,1814,15.0,82.6,372,2,2
12,1305,39.4,78.3,970,3,1
22,1279,32.1,60.9,350,2,2
0,386,28.8,64.1,-1131,0,0
7,1151,26.0,85.0,768,2,1
22,1512,55.0,68.8,1743,4,3
22,1539,55.0,59.9,2534,4,3
27,1933,31.3,80.8,-1024,3,2
21,1474,20.2,74.6,988,2,2
9,708,30.8,70.2,-1412,2,0
23,1519,31.5,56.5,3486,2,4
7,731,32.6,74.3,1270,2,1
29,2088,17.8,78.1,1530,3,3
5,500,42.2,46.8,2399,1,1
30,1768,30.8,64.1,1403,3,3
21,1630,39.8,57.6,-2194,3,1
22,1745,48.8,68.0,1606,4,3
1,634,44.5,56.2,-1763,2,0
7,787,29.6,81.0,163,2,0
22,1775,50.5,55.9,132,3,1
2,545,47.5,57.7,-254,2,0
20,1411,41.4,57.1,1109,2,2
21,1518,19.6,66.2,1413,1,2
21,1201,35.6,57.5,508,2,2
26,1770,39.2,85.0,-1164,4,2
16,1504,43.4,70.4,3697,3,4
11,939,54.2,57.7,295,3,1
27,2255,21.3,66.9,1454,2,3
26,1982,29.8,65.2,2766,2,4
17,872,27.1,71.5,1572,2,2
9,935,26.7,74.2,209,2,0
27,1751,44.8,67.3,-2378,3,2
29,1846,33.6,81.9,-884,4,2
21,1394,27.8,52.8,971,2,2
23,1300,31.9,48.3,3047,2,4
30,1922,15.0,60.3,1257,2,3
2,556,41.0,51.5,-184,1,0
6,889,22.2,69.3,-1149,1,0
22,1267,30.1,61.5,1515,2,2
14,1153,31.5,62.0,-240,1,0
14,1367,41.8,47.0,112,2,1
15,1294,37.3,77.4,353,3,1
17,1376,21.8,78.6,-2344,2,1
12,1219,53.3,60.8,-1302,3,0
11,709,26.5,60.1,-233,1,0
4,534,43.0,72.9,-289,2,0
3,395,38.4,62.7,-1156,2,0
9,636,28.8,59.5,736,1,1
30,1808,37.6,73.0,142,4,2
25,1536,20.8,74.2,344,2,2
9,885,15.0,62.6,-1099,1,0
13,1137,41.0,71.9,1817,3,2
13,928,31.5,74.9,-188,2,1
3,857,27.3,76.3,215,2,0
21,1650,52.0,78.2,-893,4,1
22,1698,19.2,67.7,-422,2,1
25,1709,36.8,66.4,199,3,2
23,1533,33.1,67.3,1317,2,2
2,200,20.0,76.6,0,1,0
22,1651,48.7,66.4,1524,4,2
29,2146,45.6,65.6,987,4,2
27,1716,30.9,45.0,106,2,2
12,994,31.6,78.5,153,2,0
18,1655,36.8,59.5,-206,2,1
22,1872,22.7,80.3,-2107,3,2
21,1563,42.4,66.6,2054,3,3
21,1530,15.0,58.5,185,1,2
17,814,15.0,53.4,2572,1,3
0,448,40.4,62.4,85,0,0
7,899,32.4,53.7,2118,1,2
18,1609,34.4,64.5,-507,2,1
27,1801,40.2,55.6,424,3,2
21,1878,38.2,65.4,1195,3,2
30,2049,49.1,84.8,303,4,2
27,1658,29.7,53.4,1109,2,2
3,689,38.8,72.8,2208,2,2
21,1872,46.2,45.0,129,2,1
17,1225,26.5,69.6,37,2,1
24,1893,51.2,57.9,-1345,4,1
7,1111,24.5,78.1,-791,2,0
15,1129,48.9,65.9,86,3,1
10,864,43.7,69.9,3112,3,2
9,791,43.5,62.2,3392,2,2
9,832,35.4,69.4,1658,2,2
12,850,30.9,53.5,87,1,0
17,1350,23.1,74.0,-338,2,1
4,822,46.4,69.3,2765,2,2
1,387,32.8,54.7,-581,1,0
14,978,26.2,84.3,677,2,1
30,1789,47.0,61.9,-483,4,2
11,634,38.2,68.0,0,2,0
0,295,32.3,60.9,393,0,0
7,1001,25.8,65.7,1940,1,1
24,2040,35.4,46.7,-1797,2,1
3,492,30.1,73.6,288,1,0
6,714,26.2,70.6,168,2,0
30,2170,17.7,46.0,-765,1,2
12,1111,55.0,52.8,352,3,1
13,1192,46.4,75.4,-513,3,1
25,1840,49.6,63.7,1717,4,3
23,1916,43.5,66.9,-2482,3,2
3,534,42.5,47.6,-2448,1,0
12,1268,48.5,71.1,1287,3,2
22,1420,28.4,72.4,-581,3,1
26,1765,35.8,66.8,111,3,1
18,1110,40.9,60.9,1597,3,2
24,1924,34.9,57.6,1406,2,2
9,881,27.6,75.9,-211,2,0
8,787,18.0,63.6,993,1,1
9,1161,43.1,59.9,3046,2,3
23,1733,15.0,46.6,188,1,1
21,1297,27.1,45.0,252,1,1
9,586,38.9,73.3,-1247,2,0
27,1638,38.0,68.3,-787,3,1
30,1960,34.2,64.1,396,3,2
15,1595,49.7,54.0,-692,2,1
7,813,37.9,77.5,2291,2,2
30,1982,49.8,46.5,-240,3,2
21,1465,34.7,51.2,1291,2,2
10,1103,34.4,75.4,1989,2,2
15,1046,40.8,66.3,-855,2,1
12,883,29.4,74.9,-331,2,1
7,919,26.1,74.2,324,1,1
2,809,41.8,61.7,-1822,2,0
20,1497,53.4,53.4,217,3,1
29,1879,39.0,56.4,-543,2,2
4,697,33.1,66.9,32,2,0
14,1266,26.7,73.4,213,2,1
21,1957,44.0,57.6,-696,3,1
23,1664,43.1,70.6,-2395,3,1
12,1382,33.4,62.4,2332,2,2
17,1146,26.4,59.7,-1066,2,1
29,2132,40.9,68.6,1857,4,3
13,814,38.2,51.8,204,2,1
6,735,55.0,62.3,1139,3,1
12,1244,43.1,73.7,342,3,1
21,1065,40.6,58.2,1335,2,2
27,1763,27.7,65.8,-578,2,1
7,967,28.3,59.4,-1040,1,0
25,1596,42.9,64.9,231,3,2
22,1821,31.9,63.9,192,2,1
25,1552,39.1,62.6,-148,3,1
27,2043,16.7,56.8,705,2,2
0,348,33.3,58.2,1914,0,0
1,512,41.3,57.6,1313,2,1
29,1902,49.2,62.9,549,4,2
8,804,29.9,56.2,171,1,0
24,1553,49.9,66.1,3488,4,4
1,318,31.7,69.1,207,2,0
26,1740,50.3,66.6,-794,4,2
0,732,16.5,52.3,1038,0,0
4,769,45.4,78.4,-822,2,0
6,493,23.5,64.3,105,1,0
14,987,36.6,55.5,1521,2,2
17,1684,33.0,45.0,1530,1,2
28,1769,26.3,77.1,-161,3,2
16,1220,15.0,45.0,85,0,1
0,723,26.2,83.0,3100,0,0
23,1725,52.1,45.0,1710,3,3
27,1685,29.0,56.8,-10,2,2
5,866,31.7,61.1,33,2,0
4,430,34.4,50.0,687,1,0
18,1358,50.0,75.1,500,3,1
2,785,30.8,71.0,1581,1,0
12,1371,37.8,85.0,-674,3,0
15,1105,40.8,71.6,1684,3,2
22,1541,36.8,75.5,-774,3,1
18,1486,55.0,52.5,-606,3,1
10,701,44.5,52.9,0,2,0
29,2043,22.6,76.0,288,3,2
7,843,39.2,84.9,-1533,3,0
16,1438,29.4,81.0,907,2,1
21,1353,37.2,80.9,1342,3,2
1,386,45.5,73.2,1214,2,0
7,842,33.9,51.3,2087,1,2
20,1113,45.1,67.8,0,3,1
23,1642,33.0,65.1,-1085,2,1
15,1298,15.0,84.9,1858,2,2
19,1570,25.0,78.0,-1605,2,1
29,2122,22.7,68.4,294,2,2
16,1239,33.2,73.8,2600,2,3
21,1568,18.6,72.0,-702,2,1
2,588,45.8,64.3,118,2,0
9,962,43.6,63.2,-1867,2,0
3,511,51.0,74.3,1028,3,1
16,1399,38.0,45.0,-820,2,1
25,1497,40.5,67.7,-2189,3,1
16,1171,32.7,77.3,156,2,1
25,1663,26.1,78.2,596,3,1
14,1098,44.1,77.5,1889,3,2
16,1401,15.1,76.6,2131,1,2
23,1583,43.8,63.5,-882,3,1
26,1739,49.3,50.3,-1225,3,1
21,1560,31.3,78.6,2853,3,3
30,1987,24.1,61.9,-2297,2,2
2,642,35.4,72.2,-962,2,0
12,932,45.9,81.1,-1576,4,0
3,211,30.5,65.6,-632,1,0
29,2219,30.8,75.3,2507,3,4
8,1182,45.4,69.1,3529,3,3
3,322,21.0,66.3,1427,1,1
30,2058,48.4,72.8,2667,4,4
1,596,24.1,50.5,158,0,0
13,1121,29.9,73.2,2342,2,2
4,330,43.3,74.6,2428,2,2
4,430,15.0,68.6,-546,1,0
22,1526,38.0,67.1,183,3,2
10,690,48.3,52.1,403,2,1
21,1817,35.8,76.0,823,3,2
8,548,38.2,77.0,197,2,0
1,642,26.4,55.8,178,1,0
1,328,33.0,60.6,-991,1,0
3,458,24.9,51.1,-424,0,0
10,990,45.4,67.1,-120,2,0
4,539,35.6,71.1,0,2,0
6,661,42.6,59.9,0,2,0
13,1342,20.5,62.0,98,1,1
28,1837,15.0,58.3,-204,1,1
27,2024,20.8,57.5,195,2,2
20,1341,27.7,50.1,0,1,1
21,1438,20.8,76.5,-1573,2,1
3,584,36.0,75.7,-159,2,0
8,690,23.6,53.3,824,1,1
0,200,45.4,75.2,2532,0,0
0,474,41.1,69.2,31,0,0
7,707,33.8,45.0,-265,1,0
26,1512,39.4,72.5,-1539,3,1
1,305,21.3,70.2,1370,1,1
8,846,23.9,73.0,1471,2,1
29,1833,22.9,66.4,1762,2,3
29,2110,46.5,77.2,-536,4,2
26,1939,51.0,68.9,1784,4,3
25,1748,37.8,57.2,1697,3,3
25,1776,41.4,52.4,163,3,2
11,906,48.9,62.6,-1535,3,0
0,590,37.6,58.5,-399,0,0
20,1604,36.7,65.4,-1289,3,1
3,692,35.4,68.1,-2188,2,0
20,1389,55.0,69.4,2869,4,3
25,1964,30.9,55.6,406,2,2
19,1123,39.7,71.9,0,3,1
2,590,28.8,64.5,-1480,1,0
2,711,31.5,70.0,3038,1,2
20,1658,22.3,79.9,947,2,2
3,590,25.3,67.3,2128,1,1
21,1679,33.6,57.6,-86,2,2
9,994,34.4,57.2,237,2,0
1,219,45.0,85.0,2444,3,1
8,643,44.2,75.8,259,3,1
4,413,37.3,66.9,-2216,2,0
16,1411,35.5,60.9,1638,2,2
24,1703,27.2,80.1,191,3,2
26,1858,24.1,68.2,409,2,2
27,2221,47.3,45.0,86,3,2
2,562,17.5,85.0,-2002,1,0
27,1991,40.3,80.6,-644,4,2
19,1840,29.9,75.6,0,2,1
12,826,48.1,60.7,426,3,1
20,1434,42.9,73.8,1687,3,3
25,1853,46.5,67.4,1940,3,3
13,932,39.2,72.8,-1338,2,1
3,384,33.1,69.5,-759,2,0
16,1161,20.1,62.9,3089,1,3
15,1394,42.8,85.0,-1098,4,1
8,786,55.0,76.1,-895,3,0
3,619,36.7,70.6,156,2,0
23,1636,38.2,70.3,3189,3,4
25,1600,39.4,61.3,466,3,2
29,2067,53.5,78.5,592,4,2
14,1080,48.1,61.8,303,3,1
6,774,52.8,69.9,-1767,3,0
25,1552,22.9,52.8,-719,2,2
22,1379,20.9,61.0,2227,2,3
3,527,54.0,66.7,938,3,0
11,1111,26.2,78.0,253,2,2
10,719,35.7,73.0,1467,2,1
1,399,35.4,72.9,1247,2,1
28,1905,39.3,67.0,227,3,2
21,1634,25.8,66.0,2229,2,3
17,1248,33.9,45.0,-1118,2,0
26,2003,35.7,61.6,444,3,2
30,2004,43.1,68.5,-1719,4,2
25,1836,28.8,63.7,-1855,2,1
1,538,37.2,49.3,404,1,0
21,1816,31.3,56.9,1393,2,2
19,1352,30.8,70.7,-1903,2,1
19,1538,28.6,59.6,109,2,1
16,1116,39.9,55.7,3509,2,3
21,1273,55.0,66.4,-551,4,1
28,1861,32.8,46.5,-1308,3,2
3,518,37.1,52.0,2051,1,1
6,670,35.3,74.9,857,2,1
11,860,22.4,56.5,3278,1,3
4,805,49.7,81.6,-2135,3,0
3,544,19.1,64.5,2450,1,2
13,1058,19.8,62.0,2379,1,2
9,809,28.1,45.4,-2468,1,0
13,1040,43.3,64.7,1897,3,2
22,1254,32.1,62.3,141,2,1
10,661,39.1,52.4,-1352,2,0
20,1351,40.8,72.4,-2023,3,1
27,1810,49.5,69.3,-326,4,2
6,684,32.0,65.3,-2340,1,0
9,1279,29.4,52.0,1718,1,2
23,2041,35.7,62.2,245,2,2
28,2033,35.6,72.0,330,3,2
4,697,24.2,45.0,-387,0,0
21,1442,37.1,51.8,148,2,1
17,1145,29.6,56.2,-742,1,1
28,1771,22.8,64.1,873,2,2
12,1389,29.0,54.5,-1691,1,0
5,1023,46.8,73.8,-612,3,0
11,1143,54.6,76.4,-997,4,1
24,1819,47.6,45.2,2091,3,3
5,498,33.1,65.3,422,1,0
5,792,29.7,81.3,304,2,0
28,1777,44.1,60.8,1134,3,2
7,363,50.3,64.0,324,2,0
28,2176,39.2,72.8,319,4,2
14,1128,30.6,72.0,1527,2,2
18,1516,21.3,59.4,-689,1,1
15,1245,29.5,61.1,234,3,1
16,1486,44.0,69.5,418,3,1
16,1391,27.8,73.2,-1516,2,1
25,1867,40.1,63.4,41,3,1
14,1190,36.0,65.4,2450,2,3
8,709,35.3,54.5,3374,1,3
25,1903,24.5,65.4,-926,2,1
15,1003,36.9,67.0,68,2,1
26,1598,35.2,57.5,-2231,2,2
24,1514,45.8,61.0,951,3,2
15,1543,42.4,54.7,0,2,1
27,2026,32.7,57.4,117,2,2
18,1427,20.3,50.8,-1403,1,1
26,2026,31.1,80.6,-255,3,1
0,222,32.9,75.5,-44,0,0
13,1239,54.9,57.2,229,3,1
0,374,37.4,67.5,2682,0,0
18,1800,31.4,59.9,1582,2,2
28,1932,48.4,85.0,1150,4,2
24,1432,34.1,68.5,2767,3,3
1,200,35.4,77.5,-1204,2,0
6,716,47.5,73.0,318,3,0
21,1302,25.1,45.0,-2050,1,1
16,1211,25.0,45.0,-787,1,1
7,1112,15.0,51.9,293,0,0
4,728,27.6,45.0,1445,0,1
3,658,34.3,62.1,3291,1,2
19,1401,44.5,60.7,1320,3,2
15,1380,55.0,48.1,-1376,3,1
10,1028,26.2,74.8,1519,2,2
30,2346,17.1,74.3,-444,2,2
23,1765,22.5,67.1,-6,2,1
9,771,33.6,45.0,212,1,0
15,1105,33.1,60.9,1486,2,2
18,1502,15.0,47.3,1277,1,2
15,1109,34.1,63.1,1214,2,1
14,1060,44.4,85.0,646,4,1
20,1642,24.6,50.6,-550,1,1
29,1686,21.3,61.6,-634,2,2
21,1540,33.2,69.5,266,2,1
25,1533,30.3,72.7,1867,3,3
10,923,22.3,62.5,-630,1,0
6,821,15.0,75.3,171,1,0
11,1052,48.8,53.6,-1643,2,0
10,719,40.5,66.1,-802,2,1
19,1859,45.9,80.1,14,4,1
6,670,46.5,71.6,976,3,1
29,2201,33.9,66.6,1632,3,3
22,1770,29.8,62.6,914,2,2
25,1864,41.0,70.0,-325,3,1
20,1539,24.4,63.4,948,2,2
22,1518,47.6,63.8,-1477,3,1
9,1092,55.0,62.1,-11,3,0
24,1817,39.9,46.8,-2221,2,1
21,1654,32.5,57.3,-165,2,1
9,970,27.1,67.5,-1119,1,1
9,1099,35.3,71.2,0,2,1
16,1515,52.7,54.7,2270,3,2
29,1682,42.8,75.9,-1323,4,2
24,2027,29.7,48.8,1370,2,3
29,1973,31.3,65.8,974,3,2
12,1263,26.2,68.7,66,2,1
19,1650,30.4,59.7,-537,2,1
2,200,38.4,78.2,306,2,0
29,1953,40.3,67.6,123,3,2
17,1256,47.8,73.8,752,4,1
10,715,39.9,69.9,-766,2,1
23,1693,39.4,58.6,0,3,1
26,1685,46.7,45.7,3039,3,4
28,2091,23.0,54.1,0,2,2
29,2006,47.0,57.1,-1279,3,2
12,917,42.6,57.5,306,2,1
23,1483,33.0,59.3,-1333,2,1
19,1461,43.3,60.2,1472,2,2
23,1597,22.6,65.4,-2097,2,1
0,762,51.9,59.9,-861,0,0
13,995,40.6,83.1,-1686,3,1
0,554,35.8,48.7,-1534,0,0
20,1619,30.5,63.5,2009,2,3
10,819,36.4,83.6,3029,3,3
3,453,25.0,57.9,-1916,1,0
12,990,23.1,45.0,1474,0,2
6,802,37.2,85.0,-670,3,0
0,687,38.1,49.5,529,0,0
22,1708,42.5,79.1,3109,3,4
28,1963,25.8,63.5,-2237,2,2
5,336,41.0,63.2,195,2,0
13,1184,38.1,59.0,3010,2,3
21,1772,33.3,45.6,190,2,1
3,617,24.6,85.0,-204,2,0
6,1049,43.9,72.2,-667,2,0
30,2346,52.7,84.2,-2052,4,2
24,1683,42.4,85.0,-88,4,1
1,504,40.4,48.0,-947,1,0
25,1634,23.9,69.4,777,2,2
26,1850,55.0,71.2,217,4,2
30,2196,35.2,65.3,-1133,3,2
3,395,37.0,68.4,2846,2,2
26,1919,22.8,62.5,152,2,2
17,1313,31.6,67.0,-1593,2,1
8,1014,46.3,58.7,185,2,0
11,830,46.3,55.0,-1793,2,0
10,976,17.3,53.3,-1614,2,0
14,949,36.4,70.8,-2060,3,0
15,1335,40.7,53.8,1027,2,1
12,1089,27.9,59.6,-169,2,0
18,1473,40.2,66.2,-131,2,1
26,1562,43.5,74.8,323,4,2
16,1531,45.5,59.7,348,2,1
6,701,29.2,71.6,-2121,2,0
22,1831,29.9,63.0,1044,2,2
1,200,21.0,69.8,982,1,1
8,489,45.5,63.5,1360,2,1
24,1748,38.4,68.9,1247,3,2
2,357,36.7,63.1,-768,1,0
21,1652,22.1,65.3,-89,2,1
24,1488,36.0,51.5,-2028,2,1
23,1582,43.2,74.3,158,3,2
2,563,31.6,56.6,1903,1,1
5,257,29.8,83.0,1748,2,1
4,570,25.5,68.9,344,1,0
25,1932,52.3,75.4,92,4,2
27,1953,33.5,52.0,1696,2,3
2,544,28.6,65.0,-285,1,0
14,1016,31.6,54.6,250,2,1
29,2088,30.8,50.8,-1857,2,2
0,335,48.3,66.6,1493,0,0
12,960,31.3,53.6,1478,1,2
29,2162,48.6,69.4,2075,4,3
26,2026,40.5,73.3,350,4,2
11,1034,29.2,56.6,1017,1,1
22,1729,19.8,53.0,82,1,1
22,1547,31.0,64.2,-505,2,1
23,1748,46.5,75.7,1404,4,2
18,1243,19.8,60.1,139,1,1
12,1086,40.5,59.5,1640,2,1
6,694,29.5,74.0,1114,2,1
7,983,34.1,79.1,0,2,0
12,1023,39.8,57.8,-1225,2,0
22,1382,24.7,54.9,942,1,2
9,861,33.6,51.8,0,1,0
24,1399,32.0,59.1,-1971,2,1
18,1528,33.4,72.7,2286,2,3
9,904,31.9,70.1,-214,2,0
12,996,42.5,65.4,-60,3,0
11,1005,31.4,75.7,185,2,1
11,1280,39.6,71.3,2878,2,2
21,1378,33.0,70.1,-1694,2,1
19,1637,29.1,52.5,2486,2,3
0,200,50.2,67.6,-60,0,0
28,1951,49.5,61.3,345,4,2
27,2127,37.7,63.9,722,3,2
9,812,36.0,63.2,270,2,1
16,1467,46.3,63.6,1869,3,2
3,674,40.3,70.8,-39,2,0
30,2133,36.0,71.8,-1120,3,2
16,1377,32.0,66.0,-115,2,1
24,1746,31.3,64.0,-2477,2,1
18,1406,35.2,54.1,-1442,2,1
16,663,36.6,73.4,-2435,3,1
1,447,34.9,81.4,341,2,0
11,846,18.0,74.7,3708,1,3
16,1488,42.2,65.3,87,3,1
14,1549,40.6,72.8,-1107,3,0
29,1837,27.9,63.0,176,3,2
24,1526,22.8,67.1,1188,2,2
20,1428,54.5,69.6,294,4,1
11,996,48.3,57.3,-270,2,0
8,603,35.4,70.5,143,2,0
18,1332,34.4,76.5,92,3,1
12,1088,33.3,73.2,-944,2,0
18,1441,31.4,58.3,-910,2,1
8,659,39.9,57.1,-887,2,0
22,1801,40.0,75.2,1334,4,2
17,1401,32.8,74.1,117,2,1
17,1256,48.7,64.1,1394,3,2
16,1169,25.4,60.6,-1176,1,1
18,1355,32.4,53.1,-343,2,1
24,1965,46.0,56.6,-2224,3,2
19,1382,22.5,50.5,-2090,1,1
14,1075,33.4,81.0,-1768,2,1
3,328,43.7,68.6,-437,2,0
0,519,39.9,69.1,2160,0,0
5,737,29.6,45.0,-633,0,0
25,1901,32.9,49.4,1423,2,3
3,502,39.3,69.4,2029,2,1
30,2191,15.0,45.4,1247,1,3
3,685,44.1,70.0,1656,2,1
3,566,31.7,61.4,289,2,0
8,660,46.1,57.9,1146,2,1
0,327,49.6,67.3,249,0,0
0,369,27.2,51.1,934,0,0
7,868,25.7,77.0,2038,2,1
28,2195,24.8,81.6,1517,3,3
10,986,30.6,63.9,-2124,2,1
26,2075,46.9,64.0,3245,4,4
16,1571,24.0,59.6,-564,1,1
10,750,24.2,72.2,258,2,1
0,319,19.7,79.4,-1112,0,0
0,204,24.1,68.9,206,0,0
8,882,30.4,45.0,-440,1,0
19,1258,24.0,57.3,313,1,1
13,1237,22.6,58.2,-705,1,0
29,2295,37.1,65.9,-535,3,2
1,285,30.9,59.9,1232,1,1
7,966,37.8,80.2,-198,3,0
23,1599,33.3,59.1,776,2,2
16,1311,30.8,73.7,1568,2,2
8,528,55.0,64.6,2907,3,2
14,895,55.0,76.7,-750,4,1
5,589,47.2,67.9,1484,3,1
20,1506,28.1,65.7,-1848,2,1
12,1000,40.9,57.7,948,2,1
29,2051,33.4,76.9,-2306,3,2
21,1567,41.6,48.8,-286,2,1
16,1177,36.1,68.3,293,2,1
3,366,50.5,64.2,97,2,0
5,704,27.2,64.4,-1593,1,0
23,1894,22.1,57.9,3007,2,3
11,858,24.0,69.2,1542,1,2
9,908,55.0,49.8,165,2,1
11,947,33.1,74.0,-1636,2,1
24,1619,52.8,75.1,-1927,4,1
29,2008,30.2,62.4,2193,3,4
8,979,31.1,60.8,-2230,2,0
9,905,55.0,61.1,-234,3,0
27,1730,20.2,71.0,-133,2,2
14,1378,35.9,67.0,357,2,1
11,778,44.4,55.5,1739,2,1
2,600,33.4,64.0,-1030,1,0
26,1766,27.7,75.7,-1267,3,2
25,1598,17.9,75.8,69,2,2
29,2154,49.0,57.9,-650,4,2
1,657,45.5,68.8,242,2,0
20,1518,19.7,56.0,-1007,1,1
15,1336,33.3,71.0,-1761,2,1
9,484,37.3,82.4,-1742,3,0
1,487,36.7,66.6,1523,2,1
27,2042,30.8,74.8,-545,3,2
16,1036,48.0,52.4,2028,3,2
3,415,32.9,52.2,268,1,0
9,805,31.9,57.4,1748,2,1
8,1017,32.5,70.0,320,2,1
11,964,26.7,64.6,-552,1,0
10,1167,37.7,81.4,24,3,0
1,836,32.7,57.4,618,1,0
27,1938,38.7,85.0,1356,4,3
15,1313,32.2,56.7,330,2,1
25,1697,36.1,67.6,601,3,1
27,1836,55.0,71.1,2437,4,4
25,1796,32.8,48.2,-794,2,2
14,1147,31.4,70.0,548,2,1
1,603,48.4,65.2,-880,2,0
6,621,24.6,68.6,158,1,0
2,305,36.8,74.3,171,2,0
9,560,26.6,63.6,454,1,1
4,533,32.4,72.3,2640,2,2
20,1429,42.5,66.7,891,3,2
24,1842,53.9,67.3,192,4,2
12,1198,37.4,59.7,373,2,1
27,1771,27.3,51.4,-171,2,1
6,847,31.4,69.9,2280,2,2
7,1006,33.8,49.5,-2100,1,0
1,372,41.4,59.3,-741,2,0
29,1900,45.3,63.5,-2447,3,2
4,728,28.6,69.8,-333,1,0
28,1986,38.7,70.8,-1946,4,2
23,1601,27.3,70.6,190,2,2
5,705,44.5,85.0,2100,3,1
24,1759,41.4,54.6,240,3,1
8,860,50.4,66.1,95,3,0
28,1761,36.0,72.2,219,3,2
6,880,32.5,57.1,126,1,0
14,1171,41.8,60.7,-1708,2,0
23,1961,18.6,58.6,1345,2,2
17,1262,32.8,79.0,213,3,1
15,1103,25.7,80.6,3178,2,3
15,1030,17.6,59.4,-143,1,1
12,1015,43.2,56.4,-814,2,0
23,1679,39.5,45.0,1009,2,2
25,1944,34.7,71.1,1921,3,3
28,1961,32.2,54.8,-1142,2,2
29,2329,23.4,69.1,3215,2,4
13,1283,29.0,74.8,2368,2,2
30,2304,17.2,63.6,-1360,2,2
16,1443,30.3,72.0,-513,2,1
23,1650,40.7,76.4,-185,3,2
23,1582,27.5,59.7,0,2,1
11,1015,22.7,57.5,-342,1,0
1,200,49.0,66.2,-2450,2,0
24,1581,49.6,56.2,1285,3,2
21,1706,31.5,52.1,-276,2,1
19,1539,18.3,64.8,-722,2,1
2,655,37.4,45.0,1230,1,1
28,1926,41.0,53.9,1805,3,3
26,1901,36.0,73.9,1704,3,3
0,461,49.6,51.5,322,0,0
19,1676,29.3,73.0,1566,2,2
8,850,37.5,50.6,-476,1,0
4,621,39.7,46.6,1469,1,1
25,1729,27.0,77.1,-213,3,2
22,1895,38.4,64.9,99,3,1
17,1231,29.9,62.3,0,2,1
8,689,36.2,57.4,2279,2,2
1,462,38.5,81.1,930,2,0
2,525,44.7,72.3,-320,2,0
4,466,30.8,66.8,420,1,0
6,942,44.5,67.0,-900,2,0
19,1524,38.2,63.1,-2005,2,1
8,908,49.1,48.1,-2056,2,0
0,200,25.2,51.4,-317,0,0
2,309,49.2,51.3,-2409,2,0
11,411,34.7,84.7,1409,3,1
22,1935,27.6,45.0,365,1,2
11,1356,40.4,55.5,1854,2,2
12,919,24.4,46.6,-1385,1,0
8,940,23.2,56.0,-1460,2,0
27,1876,32.2,72.9,2876,3,4
20,1303,45.6,67.3,3172,3,3
23,1666,26.8,65.8,-211,2,1
27,1642,30.7,66.5,246,3,2
30,2059,37.5,51.8,2679,3,4
16,1285,36.3,49.6,-1042,2,1
24,1840,38.1,79.6,2111,4,3
30,2103,41.2,49.0,-54,3,2
4,651,25.8,69.6,243,1,0
6,745,19.3,65.6,-854,1,0
27,1864,45.1,66.3,292,3,2
18,1495,29.1,76.8,454,3,2
20,1599,34.0,57.3,1207,1,2
5,793,47.7,52.2,520,2,1
6,521,30.3,66.0,1988,2,2
6,438,33.9,47.7,1397,1,1
4,702,31.5,59.0,2336,1,1
29,1992,40.2,62.1,15,3,2
27,2105,41.6,76.6,-1866,3,1
3,790,27.5,74.2,298,1,0
19,1376,36.2,65.8,1049,2,2
0,441,32.6,68.4,-849,0,0
20,1569,47.1,67.9,-681,3,1
8,1074,38.6,60.9,152,2,0
20,1623,31.6,75.3,1626,3,2
12,1188,32.0,77.6,392,2,1
27,2069,30.6,63.5,1213,2,2
28,1654,48.2,54.4,1321,3,3
21,1713,38.2,66.4,-1883,2,1
28,2137,47.9,78.4,232,4,2
0,511,40.0,57.2,-197,0,0
16,1320,15.0,60.3,-565,1,1
22,1550,24.0,80.8,2031,3,3
22,1543,30.9,62.3,1770,2,3
11,1016,48.2,70.3,0,3,0
18,1319,36.6,70.8,3782,3,4
15,1356,28.1,45.0,1755,1,2
30,2055,26.9,45.0,3187,2,4
9,1095,37.5,73.1,246,2,0
13,1080,33.7,58.7,-830,2,0
15,809,31.1,56.4,126,2,1
11,897,50.4,74.3,-882,3,1
4,276,55.0,58.4,2326,2,2
16,1329,28.3,85.0,2345,2,3
16,1680,35.0,76.4,2129,3,2
11,1196,49.1,66.0,23,3,1
11,895,42.3,45.0,-356,1,0
5,725,40.6,75.8,-578,2,0
19,1547,36.5,71.8,-2415,3,1
21,1392,38.8,55.3,885,2,2
3,363,41.9,65.1,-573,2,0
24,1676,25.3,65.2,129,2,1
17,1347,30.0,50.9,1247,2,1
16,1210,47.9,76.4,503,4,1
26,1752,30.3,72.8,-861,3,2
4,280,40.4,68.8,-1030,2,0
5,517,27.6,61.1,188,1,0
30,1888,26.2,66.8,-645,2,2
20,1645,38.4,66.9,591,3,2
10,1088,37.2,46.7,272,2,0
2,513,32.6,84.3,3133,2,2
26,2054,32.4,61.4,932,2,2
11,1049,43.8,51.0,1440,2,1
28,2077,35.9,83.7,1713,4,3
29,2182,36.6,67.0,819,3,2
20,1603,37.6,77.3,338,3,1
7,971,34.0,71.8,2220,2,2
24,1759,18.6,59.7,310,1,1
9,757,42.2,80.6,201,3,1
28,1969,29.8,76.5,1378,3,2
19,1624,35.2,85.0,2588,3,3
1,407,45.0,76.4,1131,2,1
22,1741,24.9,57.4,1017,2,2
28,1869,34.6,66.3,2189,3,3
26,1649,24.9,62.6,3099,2,4
29,1777,35.9,85.0,-647,4,2
14,1175,38.9,78.0,-1386,2,1
17,1263,40.9,58.3,-1432,2,1
17,1229,39.3,55.5,-1023,2,1
14,1182,34.1,72.3,2426,2,2
6,495,31.1,75.4,745,2,1
26,1694,24.9,78.1,1906,3,3
10,1485,42.0,73.6,-784,3,1
18,1521,24.5,65.7,-1337,2,1
6,782,49.3,70.8,326,3,0
22,1636,38.8,47.5,189,2,1
2,325,24.3,59.3,2494,1,1
10,995,35.3,65.2,-730,2,0
6,639,39.3,69.1,-273,2,0
21,1203,55.0,58.9,-851,4,1
29,1762,30.1,49.2,-554,2,2
1,603,37.1,73.4,285,2,0
24,1919,33.5,71.9,2772,3,4
14,1014,36.2,81.8,-1094,3,1
28,1704,25.2,73.4,-135,2,3
28,1938,39.6,46.0,159,2,2
22,1536,29.4,73.3,423,3,2
24,1752,31.4,62.5,476,2,2
14,1246,41.4,64.2,2768,2,3
4,500,30.2,80.4,-1263,2,0
23,1560,39.1,51.6,1570,2,2
11,1022,32.1,77.6,3161,3,3
25,1955,31.4,50.9,3005,2,4
25,1619,42.9,61.0,-1113,3,1
7,756,46.5,48.5,-2409,2,0
20,1161,51.2,65.0,-479,3,0
8,1028,41.6,68.1,1357,2,1
11,976,51.9,72.0,1125,3,1
16,1705,36.0,62.8,174,2,1
27,2094,49.8,72.6,-133,4,2
3,762,31.1,75.7,-341,2,0
30,2157,37.6,75.1,284,3,2
22,1526,15.0,55.2,958,1,2
2,364,36.3,73.7,-2039,2,0
27,1872,53.8,61.9,-1012,4,2
24,1642,15.3,58.4,-1188,1,2
8,797,41.0,61.7,-2068,2,0
11,1141,27.0,52.6,-805,1,1
20,1807,29.4,71.9,-1166,3,1
6,979,41.9,69.4,-1487,2,0
29,1818,38.4,63.7,-1279,3,2
17,1499,19.1,66.0,-954,1,1
10,824,42.9,77.2,145,4,0
15,1290,35.1,69.6,-2100,3,1
4,516,25.8,55.0,1594,1,1
3,638,19.3,67.3,-318,1,0
22,1677,42.8,66.0,334,3,1
2,380,36.2,65.5,853,2,0
18,1677,18.8,73.0,4,2,1
29,2195,38.5,58.6,3075,3,4
29,2002,22.5,75.2,968,2,3
23,1497,28.1,76.2,178,3,2
1,690,35.0,52.1,1266,1,1
28,1797,41.9,57.9,70,3,2
27,1693,46.6,59.7,2250,3,3
14,1405,39.3,72.2,-1682,3,1
10,950,30.2,58.2,252,2,1
8,1090,40.6,71.5,3465,2,3
18,1428,15.0,65.6,252,1,1
13,908,17.7,56.8,1385,1,2
0,200,24.9,76.8,196,0,0
22,1693,36.4,63.0,794,3,2
9,903,28.1,70.4,-1485,2,0
10,981,50.5,77.7,0,4,1
14,1050,46.3,45.0,-586,2,0
3,589,38.6,79.8,-921,2,0
15,1337,25.4,66.3,368,2,1
12,1203,49.6,73.5,3443,3,3
9,779,26.5,67.0,-986,1,0
11,894,33.8,71.8,2591,2,2
23,1706,40.9,72.1,-1649,3,2
28,2021,36.6,61.0,29,3,1
2,543,41.2,62.1,-236,2,0
15,1040,46.7,69.2,-392,3,1
14,1175,15.2,54.4,70,1,1
7,524,37.0,52.5,-2470,1,0
5,522,36.1,76.8,1718,2,1
11,1121,16.1,64.9,312,1,0
19,1024,42.4,59.0,-274,3,1
19,1710,34.2,50.3,563,2,1
22,1792,34.3,73.1,186,3,1
20,1206,20.4,68.4,0,2,1
22,1775,30.4,56.0,-798,2,1
2,200,37.5,48.2,200,1,0
15,1230,26.3,65.8,0,1,1
8,666,44.8,71.6,-1745,3,0
29,1788,40.4,70.2,-1887,4,2
17,1665,38.4,46.9,-1113,2,1
8,771,24.9,45.0,-995,0,0
8,669,42.2,45.9,307,2,1
10,1005,25.6,66.8,-1464,2,0
25,1724,30.6,62.0,699,2,2
6,862,39.8,60.7,-2400,2,0
20,1616,32.1,45.0,-2497,2,1
30,1783,36.7,67.7,-1873,3,2
21,1392,39.3,61.8,1332,3,2
4,306,29.6,45.0,162,1,0
11,1096,21.7,72.5,1111,1,1
17,1620,15.4,73.2,692,1,2
16,1187,23.1,66.2,3124,2,3
22,1662,38.1,58.8,-237,2,1
11,892,34.6,76.0,242,2,1
25,1601,20.0,68.9,-2324,2,1
8,935,47.0,50.0,-1802,2,0
24,2100,27.9,68.4,685,3,2
29,1920,49.2,61.2,-436,4,2
28,1796,28.0,77.6,1514,3,3
3,922,17.2,81.2,82,2,0
27,1917,34.2,72.2,-1222,3,1
5,756,42.8,52.1,-1414,2,0
13,1125,29.3,50.9,239,1,1
21,1427,38.8,62.5,2362,3,3
30,2058,41.6,63.6,-67,3,2
16,1388,44.5,54.1,207,2,1
21,1907,26.0,53.2,746,1,2
2,262,15.6,70.4,2527,0,2
2,241,34.1,53.1,-2410,1,0
8,959,29.4,65.2,3595,1,3
30,2157,28.1,66.0,34,2,2
19,1596,20.6,54.9,1819,1,2
26,2013,37.1,85.0,-997,4,1
23,1526,45.3,77.1,1782,4,3
27,2060,40.5,62.8,-450,3,1
17,1177,35.2,76.2,-650,3,1
20,1357,55.0,63.6,77,3,1
8,574,36.3,72.9,-1312,2,0
17,1251,44.3,60.8,-1644,3,1
9,1109,30.6,74.8,2388,2,2
0,426,28.1,75.1,-556,0,0
7,840,49.0,66.4,1875,3,1
20,1425,46.8,85.0,364,4,1
3,667,37.8,74.3,-518,2,0
16,1570,39.0,69.1,912,3,2
26,1847,51.8,62.2,-355,4,2
21,1458,22.5,82.9,-385,2,1
15,1198,46.6,60.3,1479,3,2
3,549,44.9,58.8,1540,2,1
27,1750,19.0,76.3,-1268,2,2
15,1192,47.6,74.7,450,3,1
14,1114,43.0,55.7,-2383,2,1
24,1670,38.7,83.5,-309,4,1
0,640,36.3,62.0,-497,0,0
26,2030,32.5,60.7,-155,2,2
4,642,27.2,72.7,2515,1,2
27,2016,25.3,61.7,953,2,2
29,1936,31.5,75.8,-491,3,2
30,1966,37.7,70.6,1295,4,3
26,1279,37.5,70.2,2575,3,4
28,2102,31.4,72.9,349,3,2
18,1117,25.4,78.6,1819,2,2
9,987,30.7,58.6,243,2,0
30,2310,17.2,71.0,268,2,2
15,1340,35.5,60.2,-1617,2,1
25,1709,33.9,67.5,783,2,2
4,803,32.5,68.1,-987,2,0
9,970,37.8,58.2,2092,2,1
27,2032,43.5,74.5,251,4,2
26,1743,26.4,64.9,135,2,2
9,572,32.3,49.3,-1419,1,0
21,1345,33.1,82.9,1287,3,2
0,200,21.8,60.4,2238,0,0
15,1147,38.1,75.0,1486,3,2
26,1818,23.4,55.8,34,1,1
23,1784,36.4,69.3,1087,3,2
30,2195,54.2,68.8,316,4,2
4,626,48.6,71.3,1634,3,1
8,796,55.0,53.5,-935,3,0
5,539,35.4,80.9,1375,2,1
30,1854,30.1,63.5,1814,3,3
24,2074,46.2,61.4,322,3,2
24,1607,24.4,49.5,2650,2,3
23,1695,31.2,79.0,1397,3,2
8,567,40.0,65.2,-132,2,0
17,1802,15.0,52.4,-921,0,1
2,599,53.6,53.7,-260,2,0
21,1434,32.5,75.6,-1889,3,0
28,2038,39.2,75.7,1529,4,3
23,1648,36.3,59.5,1174,3,2
26,1502,31.9,72.7,-818,3,2
20,1700,40.4,55.7,-2088,2,1
6,861,35.3,71.5,1396,2,1
0,444,39.6,74.4,1589,0,0
1,351,31.8,52.1,760,1,0
9,908,31.5,49.9,323,1,0
15,1302,22.5,50.1,90,1,1
13,1080,27.0,67.6,146,2,0
8,782,36.6,72.7,295,2,0
11,1014,41.0,54.0,1674,2,2
25,1986,43.8,72.7,161,3,2
20,1606,42.8,67.6,-593,3,1
21,1349,34.3,65.3,3565,2,4
22,1328,39.3,62.0,-875,3,1
15,946,47.7,66.2,-1860,3,1
20,1731,20.1,52.3,875,1,2
23,1521,39.0,60.5,240,3,2
0,295,44.5,56.9,-1389,0,0
13,1001,37.5,62.4,3547,2,3
21,1377,24.8,54.0,2217,2,2
26,1561,35.3,72.0,1491,3,3
0,290,43.1,47.2,180,0,0
5,592,45.1,60.6,1967,2,1
4,767,28.9,80.0,920,2,1
7,972,38.2,61.7,0,2,0
17,1295,53.8,65.9,-2305,3,1
7,851,36.9,65.2,722,2,0
16,1403,36.9,55.2,-2046,2,1
1,200,23.7,79.5,-1310,1,0
28,1941,34.6,63.3,123,3,2
25,1846,23.7,70.1,-36,2,2
27,1902,34.1,67.6,1360,3,3
29,2234,37.4,70.6,1865,4,3
4,563,48.4,55.8,-572,2,0
20,1578,17.6,58.6,201,1,1
18,1603,44.9,50.4,970,2,2
26,1711,24.5,77.3,1884,3,3
29,2171,40.0,56.3,574,3,2
12,1089,43.2,63.3,1354,3,1
26,1797,15.0,77.9,2168,2,3
9,806,34.0,69.0,519,2,0
28,1905,37.7,64.8,1750,3,3
21,1507,43.7,55.5,-1646,2,1
27,1826,29.2,57.1,3888,2,4
14,1518,34.7,59.8,2395,2,3
3,398,31.1,51.2,-798,1,0
9,860,16.4,47.3,-877,0,0
22,1752,51.6,69.7,1373,4,3
30,1833,55.0,79.2,392,4,2
18,1438,35.4,48.3,429,2,2
6,550,27.8,45.0,2958,1,2
25,1823,34.6,45.2,214,2,2
13,1038,23.5,77.0,2239,2,2
14,1333,32.6,72.1,1688,2,2
24,1572,34.6,71.2,847,3,2
0,538,34.0,70.5,-239,0,0
11,1003,27.2,69.8,-433,2,0
10,1300,34.9,70.5,-236,2,0
23,1802,33.6,61.8,-1950,2,1
13,1353,29.8,62.7,-241,3,1
1,441,25.3,58.7,373,1,0
27,1694,38.9,62.9,320,3,2
25,1795,39.8,62.5,2158,3,3
12,1159,50.2,85.0,2214,4,2
5,655,36.4,75.5,-755,2,0
20,1236,50.6,81.1,1834,4,3
26,1716,47.6,85.0,2035,4,3
3,471,43.5,45.0,1378,1,1
0,333,37.4,60.6,722,0,0
13,855,36.7,66.3,-1275,2,0
6,614,33.6,49.0,2740,1,2
14,1254,41.6,70.0,1223,3,2
22,1424,40.6,61.2,0,2,1
17,1259,36.4,61.6,2759,2,3
24,1788,33.9,59.7,169,2,2
22,1688,32.1,84.8,-2094,3,1
13,1191,40.6,72.2,129,3,1
7,688,36.5,71.7,2589,2,2
28,1888,20.8,76.2,633,2,2
7,620,22.5,64.6,201,1,0
26,2029,29.2,60.3,589,2,2
22,1716,38.4,64.1,1348,3,2
29,2134,50.2,75.5,-9,4,2
11,1103,39.5,63.7,214,2,1
8,833,42.3,68.6,-1276,2,0
3,200,28.2,61.0,2211,1,1
30,1942,46.1,69.3,77,4,2
25,1719,18.9,70.3,2819,2,4
11,871,42.2,66.0,1512,3,1
3,338,54.1,47.7,253,2,0
4,640,21.1,65.1,198,1,0
4,382,17.3,66.5,1436,1,1
11,848,39.0,78.2,-122,3,0
19,1193,43.4,82.5,-42,4,1
14,1576,46.7,62.0,1765,3,2
23,1438,24.8,55.5,147,2,1
29,1860,42.3,81.0,1439,4,3
24,1951,45.5,45.0,1614,3,3
10,963,28.5,60.4,114,1,0
1,200,32.4,61.0,-1150,1,0
12,920,44.4,62.6,-271,2,0
30,2200,32.6,85.0,2084,4,3
30,1954,52.3,75.3,2447,4,4
10,829,49.6,55.0,1602,2,2
4,814,24.5,63.5,-304,1,0
13,1161,32.0,62.9,1768,2,2
22,1466,35.0,81.4,159,4,1
29,2147,26.9,54.7,-1964,2,2
25,1397,44.4,78.6,2705,4,4
28,1606,42.5,71.1,2260,4,3
28,2218,30.1,62.2,1887,2,3
22,1653,48.7,63.5,-33,3,1
10,803,35.3,75.2,2197,2,2
2,655,19.5,64.1,-464,1,0
5,436,42.1,60.4,-82,2,0
7,762,29.4,66.9,2290,2,2
26,1560,36.3,70.9,2607,3,4
10,601,19.0,51.2,-390,1,0
10,762,43.3,58.0,324,2,1
6,662,39.2,45.0,-1695,1,0
3,566,29.6,59.5,200,1,0
22,1633,29.3,77.6,-290,3,1
2,671,33.5,71.7,-129,2,0
20,1845,39.2,59.1,-1196,3,1
3,402,31.6,52.0,-706,2,0
12,781,39.5,59.9,-718,2,0
19,1585,37.3,67.8,2079,3,3
17,1162,15.0,61.7,1706,1,2
23,1473,34.2,66.9,-2237,2,2
17,1543,22.4,58.1,1612,1,2
4,644,39.1,60.1,1691,2,1
28,2109,23.3,53.2,1099,2,2
14,1065,40.1,50.2,2627,2,3
21,1399,31.3,66.4,173,2,1
28,2011,19.1,61.9,2747,2,4
16,1116,34.5,73.9,175,2,1
2,417,24.8,57.2,152,1,0
21,1593,33.7,59.0,-1969,2,1
20,1610,38.5,71.7,-2344,3,1
19,1526,19.4,58.0,50,1,1
23,2053,44.9,72.3,1315,4,2
26,1747,15.0,72.7,2672,2,4
22,1546,24.7,70.5,-2012,2,1
12,1278,30.1,64.8,389,2,1
23,1816,39.0,64.3,-1402,2,1
4,638,36.3,75.9,-972,2,0
29,1961,20.9,58.7,-2401,2,2
6,485,26.0,76.2,1858,2,1
5,835,24.6,66.6,1009,1,1
23,1459,42.0,77.1,261,4,1
11,820,41.1,77.7,192,2,1
29,2264,43.6,71.3,1486,4,3
17,884,33.5,68.9,117,2,0
21,1284,19.1,66.3,2233,2,3
14,1513,55.0,45.0,-1131,3,1
23,1846,36.8,77.1,-1702,3,1
9,906,37.9,61.4,182,2,0
27,1937,35.9,59.3,2628,3,4
22,1892,55.0,60.1,-1594,4,1
16,1024,46.9,61.6,1156,2,2
2,602,40.5,75.0,149,2,0
1,525,33.7,70.3,-1475,1,0
2,668,31.3,61.6,127,1,0
27,1835,41.2,60.1,1506,3,2
29,1985,38.5,58.0,-2169,3,2
28,2030,33.3,72.8,266,3,2
21,1379,44.4,50.6,211,3,1
18,1244,49.0,77.4,227,4,1
21,1663,46.4,69.2,331,3,1
17,1423,40.7,55.4,-2390,2,1
13,1156,42.3,70.3,444,2,1
2,402,31.8,71.6,-141,1,0
15,1107,39.2,66.7,856,2,2
25,1974,38.6,57.2,1827,2,3
0,200,27.3,72.8,1170,0,0
16,1134,21.7,85.0,-393,2,1
14,1288,29.1,73.3,1433,2,2
23,1870,45.6,60.1,1296,3,2
13,1266,55.0,76.6,481,4,1
24,1981,47.3,69.7,2150,4,3
12,999,32.2,52.9,-2497,1,1
29,2116,36.3,61.7,235,3,2
7,611,25.5,50.6,221,1,0
4,687,35.8,53.8,186,1,0
22,1591,24.4,69.3,1671,2,2
1,733,25.1,67.9,-785,1,0
25,1909,49.8,81.0,-1560,4,2
10,974,51.6,62.3,1235,3,1
6,495,27.8,78.5,2990,2,2
2,200,41.0,77.9,-538,2,0
25,2105,50.3,47.3,2264,3,3
15,1283,39.6,62.7,-1581,2,1
16,1264,31.6,73.1,-1509,2,1
27,1972,28.5,71.4,-25,3,2
25,1964,43.0,71.9,1694,4,3
11,1016,21.1,72.2,717,1,1
4,412,29.3,57.2,1616,2,1
20,1512,28.2,63.3,159,3,1
27,1992,26.3,61.7,1436,2,3
11,624,29.2,56.6,1720,1,1
9,1015,16.4,73.4,2593,1,2
14,1162,42.9,63.4,1765,2,2
14,1100,40.4,72.4,-832,3,1
0,312,42.2,73.6,3193,0,0
8,509,38.2,73.5,1863,2,2
19,1427,23.7,62.2,1173,1,2
11,712,24.3,56.2,-176,1,0
30,1994,50.4,76.7,463,4,2
29,1891,39.5,58.9,1259,3,3
8,1066,45.8,79.4,974,3,1
23,1544,15.0,60.4,859,1,2
7,850,46.2,76.6,-270,2,0
11,1003,28.5,76.6,673,2,1
12,1174,26.2,63.7,-2078,1,1
27,2410,55.0,67.1,2305,4,3
28,1969,34.3,73.1,-398,3,2
10,1249,24.0,68.9,163,2,0
25,1776,19.7,70.8,1352,2,3
0,487,37.7,61.9,-1985,0,0
13,1318,42.1,49.8,-168,2,1
8,1107,22.0,64.8,1777,1,1
15,1406,25.8,65.2,1314,2,2
26,1728,26.8,67.8,219,2,2
0,417,16.1,49.7,197,0,0
28,1616,47.4,78.9,0,4,2
30,1847,31.0,63.4,-2322,3,2
27,2101,28.9,59.5,246,2,2
18,1473,39.7,61.1,-1434,2,1
7,726,19.9,85.0,1110,2,1
20,1344,33.2,61.0,977,2,2
25,1768,26.5,71.7,-323,2,2
1,472,34.0,72.4,-2415,2,0
3,462,40.6,65.8,949,2,1
13,1082,37.6,64.8,765,2,1
29,1900,33.2,77.4,-1326,3,2
2,274,15.8,79.8,-849,1,0
19,1283,30.6,73.4,268,3,1
21,1498,38.3,71.7,738,3,1
2,570,40.0,48.4,2326,1,1
1,497,31.0,55.0,2445,1,1
4,833,35.7,63.3,554,2,0
2,656,15.0,70.1,-1109,1,0
18,1644,29.1,72.2,1253,2,2
13,989,21.1,62.8,-698,1,0
29,1881,46.0,54.6,-942,3,2
12,913,33.1,77.4,1654,3,2
8,826,30.0,68.7,44,2,0
3,547,31.2,65.5,171,1,0
13,844,16.1,59.4,1227,1,1
4,200,31.1,60.9,300,1,0
3,612,48.2,56.0,1530,2,1
16,1603,39.7,49.4,-99,2,1
2,515,35.2,85.0,-2008,2,0
3,525,36.8,59.0,41,2,0
9,1089,48.2,57.5,1332,2,1
10,884,21.9,65.3,1258,1,1
9,844,45.0,57.0,-106,2,0
1,446,37.9,82.1,1692,2,1
7,816,34.3,51.5,-313,1,0
29,1876,43.2,85.0,355,4,2
20,1525,30.8,71.9,168,3,1
25,1969,45.1,78.0,-257,4,2
7,641,29.4,54.7,-846,1,0
23,1657,33.5,67.0,166,2,2
8,1144,31.4,74.1,246,2,0
3,293,42.1,65.9,-663,2,0
0,272,36.5,63.6,100,0,0
12,1205,19.2,63.4,1555,1,2
14,1066,36.0,55.6,3500,2,3
26,1597,37.2,73.5,-764,3,1
19,1513,54.3,64.6,287,3,1
13,902,28.1,81.6,-735,2,0
25,1653,37.5,54.3,451,2,2
3,647,38.6,55.8,-345,2,0
18,1369,26.0,66.3,123,3,1
2,658,25.1,67.0,-837,1,0
11,912,29.1,72.8,305,2,1
6,629,20.9,79.2,415,1,0
16,1480,42.3,72.9,-132,3,1
7,801,30.9,52.9,-1303,1,0
2,385,34.2,45.0,938,1,0
19,1652,19.4,65.4,1246,1,2
7,966,18.3,71.0,2811,1,2
2,571,29.4,51.0,963,1,1
19,1452,35.7,62.7,336,3,1
3,550,38.1,85.0,-127,2,0
21,1413,44.9,53.3,2422,2,3
9,834,40.6,56.6,-2298,2,0
25,2137,39.1,65.2,260,3,2
10,969,46.9,55.4,261,2,1
21,1829,21.2,54.2,887,1,2
4,588,40.7,71.6,1331,2,1
16,1290,43.3,54.3,1584,2,2
4,1102,38.9,57.0,651,2,0
12,961,38.5,56.2,3465,2,3
13,1173,24.5,58.1,-1781,1,0
18,1589,35.0,71.3,1499,3,2
13,1116,26.0,85.0,1349,2,1
8,869,52.3,84.7,-1332,4,0
18,1458,30.1,57.9,-671,2,1
7,906,32.9,84.7,903,2,1
12,921,31.9,68.1,190,2,0
17,1172,41.1,62.0,1153,3,2
8,996,46.7,65.0,1701,3,1
29,2159,34.2,70.1,-2161,3,2
6,765,55.0,60.3,-268,2,0
23,1753,45.8,71.6,272,3,2
13,937,47.8,66.1,1563,3,2
3,426,52.7,69.2,1197,3,0
6,917,51.4,71.7,-1112,3,0
8,849,37.4,64.5,2282,2,2
20,1340,41.1,68.0,285,2,2
30,1966,38.0,82.7,212,4,2
16,1386,55.0,67.1,0,4,1
26,1780,34.4,65.7,1926,3,3
12,981,38.5,74.9,864,3,1
11,865,27.6,60.7,3500,1,3
29,2137,37.3,70.9,3029,3,4
8,843,25.7,45.0,1469,0,1
23,1386,47.7,64.1,-113,3,1
15,1071,16.3,63.4,2253,1,2
16,1125,52.8,66.3,-345,4,1
3,278,31.4,56.4,-1262,1,0
23,1805,34.5,61.0,-1264,2,1
22,1495,51.1,73.4,-1816,4,1
22,1262,39.2,66.0,221,3,1
6,506,27.9,65.4,2722,1,2
20,1440,35.9,59.8,-394,2,1
11,948,23.3,53.4,432,1,1
8,616,30.3,82.1,-1255,2,0
2,490,37.4,58.4,985,2,0
9,544,55.0,73.4,17,3,0
12,966,42.8,70.8,-1164,3,0
27,1567,27.1,58.6,-2116,2,2
30,2237,26.0,66.3,2206,3,4
29,2066,20.6,74.7,1896,2,3
15,1243,31.3,64.4,2229,2,2
26,1658,45.8,50.1,-643,3,1
1,425,28.4,77.6,-1445,2,0
25,1971,41.8,61.5,118,3,1
7,752,27.2,63.2,2543,2,2
8,1058,30.8,73.6,1573,2,2
19,1329,42.5,71.8,2521,3,3
28,1977,42.7,54.7,57,3,2
13,994,30.7,60.7,-376,2,1
1,443,55.0,61.6,1935,3,1
27,1525,30.9,60.2,3113,2,4
2,577,44.2,75.5,-1920,3,0
4,746,42.8,48.8,-2371,2,0
25,1798,34.4,62.4,-894,3,1
27,1896,15.0,51.3,2619,1,4
0,548,35.6,67.1,-1465,0,0
6,641,29.5,78.8,2066,2,2
12,1221,46.7,64.6,-122,3,0
19,1226,47.8,66.9,25,3,1
5,551,32.8,71.0,320,2,0
29,1900,32.7,75.8,-275,3,2
14,1525,34.8,60.7,222,2,1
23,1673,23.9,67.9,1764,2,3
29,2004,33.3,54.0,326,2,2
6,795,46.6,68.0,1501,2,1
21,1902,18.9,83.6,1614,2,2
5,608,24.8,79.0,1464,2,1
30,2044,23.8,47.2,2675,1,4
2,437,32.1,64.1,-270,1,0
1,293,33.0,85.0,-138,2,0
27,1949,45.0,64.0,-792,3,2
18,1435,41.6,83.1,-141,4,1
20,1651,32.0,73.5,3026,3,3
24,2041,22.3,57.6,981,2,2
17,1135,32.1,60.2,776,2,1
10,904,22.5,70.4,0,2,0
22,1490,25.6,50.1,2288,2,3
0,535,30.3,55.5,-635,0,0
29,1639,36.2,66.1,-413,3,2
18,1095,42.3,83.4,2324,3,3
7,671,55.0,60.3,0,3,0
27,1841,37.1,64.0,2161,3,3
5,1090,46.4,71.2,3389,3,2
1,375,31.3,73.7,998,2,0
3,608,53.5,65.5,1885,3,1
3,674,21.9,66.4,1,1,0
19,1488,36.8,61.4,263,2,1
4,570,24.9,70.7,-39,1,0
19,1751,29.1,68.0,1106,2,2
6,796,44.2,81.1,-1806,3,0
25,1557,41.2,63.9,1321,3,3
10,933,42.9,65.1,1162,2,1
24,1755,35.9,60.5,-392,3,1
7,626,30.9,56.9,-676,1,0
22,1572,31.9,60.1,429,2,1
14,857,33.0,65.2,212,2,1
15,1175,25.1,60.1,728,2,1
24,1957,32.6,45.1,3567,2,4
4,634,52.1,73.6,933,3,0
11,1071,24.8,45.0,529,1,1
14,896,19.8,68.9,2420,1,2
10,909,42.7,61.6,1636,3,1
15,947,35.4,51.1,2967,2,3
4,701,33.5,65.2,658,2,0
20,1558,15.0,45.0,-9,0,1
14,1313,35.4,59.4,77,2,1
2,465,46.0,76.0,139,3,0
29,1784,53.5,57.5,44,4,2
8,1040,36.6,59.9,2085,2,2
7,782,24.9,74.1,1470,2,1
8,615,43.1,62.0,-780,2,0
24,2015,24.7,61.7,-1904,2,2
20,1403,28.5,76.2,-960,2,1
8,691,45.4,55.8,2954,2,2
4,464,38.6,64.0,-28,2,0
0,381,26.5,63.2,240,0,0
26,1518,25.0,65.5,-382,2,2
29,2163,39.2,74.1,318,4,2
20,1603,34.3,66.3,-2006,2,1
24,1546,55.0,52.5,3601,4,4
19,1377,34.6,76.8,1429,3,2
7,753,29.8,70.3,-1821,2,0
13,1033,38.2,62.2,-1584,2,1
7,639,23.0,58.5,-2003,1,0
15,1405,25.9,67.9,227,2,1
12,1133,38.7,56.7,1587,2,2
26,1646,35.6,52.0,3560,2,4
29,1976,30.9,58.1,73,3,2
16,1346,51.5,60.9,3509,3,3
25,1851,34.6,68.4,-89,3,2
6,703,34.1,58.8,2111,2,1
19,1352,38.8,70.4,838,3,2
17,1205,48.8,66.0,-1831,3,1
5,833,30.4,49.1,-470,1,0
17,1385,30.3,79.3,107,2,1
29,2394,26.2,73.1,737,3,2
9,941,39.4,64.9,1186,2,1
26,1769,37.1,50.4,847,2,2
11,786,28.7,54.6,649,1,1
8,948,46.4,72.7,2007,3,1
27,1963,34.3,63.5,1930,3,3
22,1651,35.2,67.1,10,3,2
2,200,31.9,54.4,-2208,1,0
28,2206,35.3,71.4,86,3,2
20,1576,15.0,70.6,1357,2,2
11,817,37.0,66.2,122,2,0
15,992,24.0,79.2,1031,2,1
16,1518,27.6,68.0,219,2,1
23,1711,25.3,85.0,159,3,2
19,1429,30.7,53.5,79,1,1
30,1942,27.1,61.3,-1520,2,2
23,1889,30.7,69.4,538,3,1
27,1787,25.5,57.9,1275,2,3
17,1576,47.7,62.8,702,3,1
8,829,33.4,76.2,389,2,0
16,1207,39.8,80.1,1347,3,2
25,1533,31.7,61.5,-867,2,2
10,813,47.0,78.5,592,3,1
13,1123,40.6,80.5,3008,3,3
1,449,45.2,62.4,253,2,0
11,1140,33.7,59.2,341,2,1
24,1837,23.8,67.7,-137,2,2
7,862,23.7,74.8,1978,1,2
9,873,41.9,79.5,3399,3,3
23,1828,40.7,56.3,879,3,2
27,1703,18.9,52.7,1405,1,3
15,1265,31.7,51.6,966,2,2
19,1104,49.9,75.9,-1414,4,1
22,1465,38.4,71.1,1242,3,2
18,1360,34.2,77.1,1993,3,2
19,1438,19.0,76.3,-1809,2,1
25,1636,45.1,64.1,248,3,2
24,1621,33.7,64.7,-730,2,1
12,931,32.5,81.5,2942,3,2
14,1265,31.0,82.7,-2039,2,1
14,1223,49.4,70.9,-1176,3,0
13,1269,29.3,71.5,621,2,1
4,532,39.8,53.7,241,1,0
3,483,31.3,71.5,-1312,2,0
1,704,37.1,59.3,-2153,2,0
22,1752,16.8,63.9,217,1,2
29,2058,33.4,71.5,-524,3,2
1,262,44.7,67.8,608,2,0
19,1568,35.0,72.6,-1328,3,1
29,1917,35.6,63.7,254,3,2
16,1055,41.4,57.6,-833,2,1
6,922,40.1,66.6,-773,2,0
22,1467,30.7,60.2,103,2,1
10,975,37.5,70.3,1222,2,2
6,690,32.4,63.2,216,1,0
15,1381,41.8,68.6,-714,3,1
6,882,41.4,79.5,372,3,0
1,328,34.7,84.7,-364,2,0
7,851,26.4,49.8,-1349,1,0
16,1399,36.7,74.6,-934,3,1
24,1417,21.6,85.0,-2225,3,1
29,2084,43.9,59.9,-1578,3,2
24,1640,38.5,65.2,0,3,2
22,2014,35.1,73.2,2199,3,3
2,477,31.0,72.7,253,2,0
4,535,55.0,71.1,196,3,0
10,1050,18.6,57.0,2249,1,2
6,540,36.9,54.2,-266,2,0
18,1423,15.0,80.7,397,2,1
4,582,32.6,49.8,-1136,1,0
15,1446,36.8,64.3,-342,2,1
12,897,23.5,48.2,3771,0,3
9,956,36.4,69.6,-395,2,0
30,1913,36.7,57.1,146,3,2
30,2356,25.9,75.6,311,3,2
7,1034,37.1,82.4,-1800,3,0
7,743,23.1,70.8,358,1,0
18,1452,52.9,55.6,156,3,1
20,1393,29.8,62.1,405,2,2
6,374,51.0,75.1,-577,3,0
11,927,42.8,61.2,3382,2,3
7,951,39.1,57.4,400,2,0
1,426,34.1,76.2,1196,2,0
12,1204,21.7,76.1,0,2,0
14,1001,37.0,66.2,-871,2,1
0,200,45.2,76.3,1658,0,0
19,1271,25.1,64.8,-411,2,1
21,1316,39.0,66.1,-1044,3,1
4,684,43.0,56.4,3962,2,3
4,517,44.0,58.3,1747,2,1
21,1647,47.2,63.6,80,3,1
21,1294,41.4,74.4,1962,3,3
20,1532,28.8,48.7,-364,2,2
15,1176,40.5,76.5,1838,3,2
25,1836,24.1,66.9,2349,2,3
21,1752,34.4,57.8,257,2,1
14,1117,41.4,64.7,-796,2,0
0,453,26.0,69.0,1754,0,0
28,2070,45.3,61.1,1600,4,3
26,1965,31.1,45.3,-2367,2,2
14,1209,27.9,80.9,1988,3,2
25,1659,41.1,72.0,-266,3,2
13,769,28.5,78.7,1693,3,2
17,1204,33.3,55.1,-1956,2,1
2,454,35.9,55.2,378,1,0
2,816,32.4,52.5,229,1,0
21,1599,34.0,69.8,2171,3,3
25,1527,16.9,75.1,2246,2,3
0,200,47.9,78.0,281,0,0
14,1014,27.7,80.1,-1574,2,1
30,1810,37.7,64.2,1307,3,3
29,1896,27.9,75.1,789,3,2
19,1068,41.4,61.8,-2129,3,1
28,2198,28.1,67.5,200,3,2
23,1504,38.8,67.7,161,3,1
2,541,27.1,71.3,887,1,0
21,1597,24.0,61.8,1018,2,2
20,1642,40.1,49.7,-1111,2,1
5,651,33.7,59.9,793,1,0
19,1715,29.1,63.0,1696,2,2
24,1667,41.3,63.9,891,3,2
10,914,46.9,66.1,121,3,0
12,1137,41.3,74.6,200,3,1
12,1187,33.3,63.6,1916,2,2
14,1058,53.5,70.3,-451,3,1
10,1170,39.3,69.2,2767,3,2
10,897,31.4,79.3,1509,2,1
9,1068,36.9,59.7,-469,2,0
8,732,40.8,70.5,-203,2,0
26,1291,37.7,78.8,-1082,4,2
18,1335,21.9,74.4,-445,2,1
3,436,21.5,48.3,2280,0,1
22,1818,38.7,81.2,-391,3,1
16,1617,41.8,67.0,-456,3,1
16,1646,37.2,49.8,62,2,1
27,1952,48.9,71.8,135,4,2
18,1762,50.0,71.9,327,4,1
15,1051,18.2,69.5,198,1,1
2,291,35.8,77.6,1719,2,1
1,285,21.5,72.7,1974,1,1
26,2167,42.0,54.2,-638,3,2
22,1495,50.3,79.7,1424,4,2
24,2032,35.6,75.4,-2229,3,2
23,1600,28.0,79.2,413,2,2
23,1598,42.3,69.0,98,3,1
4,773,55.0,58.8,3743,2,3
23,1835,19.9,70.0,-1575,2,1
7,807,28.5,72.7,-1301,2,0
7,780,21.1,58.7,1056,1,1
4,933,38.4,65.9,474,2,0
20,1745,27.7,45.0,-2469,1,1
5,766,31.6,67.1,199,2,0
19,1316,23.4,83.1,300,2,1
20,1603,15.0,64.6,927,1,2
25,1800,34.6,67.1,1824,3,3
24,1693,26.8,72.8,171,3,2
30,1894,37.7,82.9,132,4,2
0,202,29.6,78.4,386,0,0
4,490,29.3,69.3,187,1,0
12,1169,24.2,69.0,1106,2,1
29,2161,32.8,54.1,2081,2,4
4,843,41.7,55.2,285,2,0
24,1923,50.6,66.4,212,4,1
16,796,27.9,67.3,509,2,1
1,823,44.8,73.8,2924,3,2
2,425,44.5,62.9,-31,2,0
27,2003,55.0,66.1,2470,4,4
24,1839,43.6,72.6,1516,4,2
4,353,15.0,49.6,185,0,0
18,1313,39.4,52.7,1522,2,2
17,1296,26.5,67.8,2100,2,2
19,1707,43.3,66.4,-1386,3,1
4,319,27.6,66.7,-2400,1,0
26,1611,38.2,85.0,-890,4,2
16,1363,43.0,60.6,1592,2,2
0,470,22.4,70.6,2181,0,0
25,1873,39.8,52.7,-179,3,1
16,1302,36.7,60.6,1438,2,2
17,1497,29.6,48.6,-2431,1,1
16,1370,32.6,71.0,-903,3,1
27,2026,15.0,56.7,285,1,2
1,453,36.5,64.6,939,1,0
30,2128,41.9,79.9,-258,4,2
23,1616,33.3,66.3,3092,3,4
16,1341,30.6,59.6,14,2,1
15,1194,23.3,59.6,177,1,1
23,1927,38.4,72.0,-805,3,1
16,1333,28.7,54.4,2076,2,2
4,689,32.9,75.2,403,2,0
6,920,46.1,66.3,774,2,1
1,301,26.3,72.4,86,2,0
0,214,38.8,68.6,506,0,0
5,858,34.2,52.3,864,1,1
1,302,31.8,51.4,-451,1,0
8,455,38.4,59.6,-201,2,0
11,1258,35.8,65.3,2525,2,2
19,1293,30.9,69.0,2660,2,3
22,1769,33.5,75.6,1675,3,2
8,691,39.2,61.2,174,1,0
4,445,55.0,59.9,3385,2,2
25,1730,15.0,54.4,111,1,2
8,532,15.0,67.8,-2,1,1
11,1253,20.9,69.1,2131,1,2
11,802,35.7,70.2,2971,2,3
9,922,41.9,73.2,-1967,3,0
28,1981,53.9,60.1,-458,4,2
3,626,24.2,78.2,188,2,0
10,1043,22.9,75.6,-1472,2,1
11,1156,43.4,72.3,-1135,3,0
14,1245,36.3,55.8,-797,2,0
2,466,26.7,53.3,218,1,0
0,293,29.6,69.9,2681,0,0
19,1250,24.2,48.8,-2453,1,1
3,649,28.9,75.3,-558,2,0
1,253,34.8,52.7,189,1,0
17,1570,40.7,66.3,2833,2,3
12,1252,31.7,70.2,3130,2,3
1,558,41.1,56.7,-481,1,0
27,1893,25.6,45.0,1647,1,3
4,734,40.1,67.6,2689,2,2
17,1140,52.7,66.3,99,3,1
0,200,33.9,51.7,3085,0,0
2,547,36.0,56.5,308,2,0
5,966,54.7,66.3,1364,3,1
8,649,42.4,65.9,-1693,2,0
5,365,34.8,72.8,199,2,0
18,1442,39.4,72.4,1000,3,1
3,508,49.2,67.5,3463,3,2
23,1508,35.4,69.0,229,3,2
27,1698,29.9,63.1,-1110,2,2
2,873,43.5,62.0,232,2,0
23,1979,37.2,58.4,-277,3,1
11,1178,34.4,53.3,-242,1,1
18,1506,38.5,62.4,3151,3,3
4,854,22.2,57.2,74,1,0
14,1270,55.0,82.2,273,4,1
26,1678,33.1,77.9,1571,3,3
20,1299,41.4,67.8,138,3,1
17,1449,35.8,59.3,170,2,1
2,724,41.6,61.6,2310,2,1
23,1928,26.3,71.7,3404,2,4
22,1835,37.6,51.3,246,2,1
26,2047,55.0,69.9,828,4,2
21,1528,29.6,62.3,425,2,2
2,316,31.7,68.3,964,2,0
24,1938,34.9,70.7,-1241,3,2
20,1787,28.3,64.2,-2211,2,1
25,1583,38.3,67.1,1912,3,3
2,437,48.5,62.8,286,2,0
22,1639,38.2,68.8,209,3,1
24,1627,35.9,73.3,-1172,3,1
23,1424,28.2,47.5,19,1,1
4,723,22.6,66.5,613,1,0
12,987,52.3,62.0,305,3,1
3,480,36.9,65.3,-2015,2,0
12,1071,53.5,74.9,3239,4,3
15,1227,40.6,69.3,600,3,1
20,1373,29.9,66.7,686,2,2
13,1016,36.7,47.1,183,2,1
13,1014,32.3,69.9,-683,2,1
13,1359,41.2,61.9,-1272,2,1
11,893,15.0,58.3,590,1,1
7,839,34.0,67.1,406,2,0
10,937,32.9,68.8,940,2,1
26,1827,27.8,58.8,210,2,2
10,571,16.3,55.5,-1633,1,0
9,438,45.9,60.9,263,2,0
0,403,32.7,76.7,1367,0,0
26,1706,39.1,51.7,1835,2,3
17,1173,44.4,62.8,-1130,3,1
27,1856,15.0,62.1,-1391,2,2
25,1817,30.1,65.0,2047,3,3
19,1481,49.5,68.8,219,3,1
1,704,53.3,66.7,325,2,0
20,1396,46.2,61.5,-443,3,1
25,1547,45.1,52.9,-1051,3,1
22,1874,44.7,45.0,-1521,2,1
19,1709,35.2,63.5,1579,2,3
20,1893,34.3,63.5,-215,2,1
2,200,27.0,76.7,0,1,0
27,1660,45.9,55.9,7,3,2
16,1364,30.8,70.3,-309,2,1
9,892,20.7,72.3,1359,1,1
28,2053,35.3,61.0,393,3,2
15,1244,50.9,47.3,111,2,1
10,869,42.7,58.8,-56,2,0
27,1955,25.8,51.2,-2089,2,2
27,1665,47.4,67.1,-1784,4,2
0,369,31.6,66.5,-1082,0,0
15,1350,36.5,74.0,-989,3,1
28,2066,29.1,71.7,1781,3,3
7,635,46.2,60.3,1331,2,1
22,1950,32.3,64.5,180,2,1
29,2223,27.4,77.9,-648,3,2
0,326,43.6,72.1,-1253,0,0
16,1488,54.0,68.3,-846,4,1
22,1332,33.4,57.5,2788,2,3
12,1263,25.7,68.8,-1921,2,0
27,2023,49.6,68.6,-1536,4,2
21,1277,51.6,77.0,2470,4,3
21,1579,44.4,85.0,601,4,1
16,1266,41.4,56.2,316,2,1
14,1219,54.9,73.7,-899,4,1
14,1317,33.7,55.4,-2462,2,1
18,1712,26.7,72.0,2039,2,2
8,930,42.6,55.5,1656,2,1
2,616,30.8,82.8,-2460,2,0
4,608,43.4,75.9,-841,3,0
25,1762,37.9,72.4,-699,3,1
20,1192,15.3,70.2,314,2,1
12,964,39.3,62.8,321,2,1
22,1528,44.0,60.4,1235,3,2
14,1310,43.3,82.7,1154,4,2
10,592,32.9,70.5,-1630,2,0
24,2297,26.4,79.1,-1026,3,2
21,1325,30.2,84.9,92,3,1
2,382,31.9,68.6,-599,1,0
17,1376,23.0,66.8,-2008,2,1
15,1528,49.9,69.1,10,3,1
19,1512,53.2,54.3,-1332,3,1
24,1722,37.4,63.1,578,3,2
0,223,28.2,73.6,-1248,0,0
21,1486,20.5,62.6,1453,2,2
22,1581,31.2,69.3,1278,2,2
20,1360,31.3,47.3,-551,1,1
11,811,35.8,65.2,2232,2,2
19,1649,43.9,62.8,1610,3,2
29,1935,29.9,65.1,100,3,2
6,829,47.4,62.1,250,2,0
25,1632,26.3,67.2,209,2,2
30,2260,21.3,70.9,-927,2,2
11,983,29.1,49.6,1763,1,1
23,1822,28.5,57.2,525,2,1
6,459,42.5,61.7,1452,2,1
6,869,47.4,79.0,12,3,0
12,986,30.9,57.8,-1062,1,0
27,1852,55.0,67.6,2514,4,4
27,1920,42.8,50.8,-1134,3,2
2,410,44.9,73.1,-486,2,0
2,500,34.6,84.3,-2326,2,0
30,1800,17.2,55.4,249,2,2
5,759,48.3,76.2,2789,3,2
9,984,27.1,72.2,1398,2,2
5,429,49.9,64.2,3400,2,2
9,1012,42.9,66.4,739,2,1
12,1095,40.4,77.5,-1076,3,1
11,1425,38.3,70.1,114,2,1
5,581,33.1,45.0,1612,1,1
14,1241,23.1,72.4,2548,2,2
2,531,36.3,62.5,-434,1,0
21,1251,45.9,70.3,89,3,1
30,2089,41.2,48.3,1836,3,3
2,513,46.2,61.1,1110,2,0
10,1041,48.4,65.0,1319,2,1
7,772,38.1,70.0,933,2,1
17,1240,27.7,61.5,166,2,1
5,901,32.4,54.6,2596,1,2
30,2245,34.6,49.4,412,2,2
5,507,21.0,83.0,-2127,1,0
16,1359,38.0,77.8,-661,3,1
7,861,55.0,74.2,197,3,1
21,1953,39.1,80.1,258,4,2
17,1475,24.7,62.6,153,2,1
7,600,34.8,83.9,-1616,2,0
2,499,41.0,69.2,340,2,0
21,1564,27.4,80.7,992,3,2
28,1748,19.5,57.2,-542,2,2
1,633,34.6,66.8,999,2,1
15,1303,29.4,69.8,-453,2,1
20,1610,17.6,68.7,-1643,1,1
20,1419,37.7,65.3,-286,2,1
19,1102,35.0,63.8,-2490,2,1
27,1633,22.2,58.5,1797,2,3
16,984,27.8,72.9,-133,2,1
1,555,32.7,60.2,-1574,1,0
17,1567,33.0,63.6,1184,2,2
9,1132,34.6,47.0,-501,1,0
11,1043,23.8,66.1,-47,1,0
22,1382,34.1,72.7,-2116,3,1
11,1056,30.4,75.6,-8,2,1
1,290,42.5,51.2,2384,1,1
3,776,32.0,59.7,1291,2,1
16,1483,38.3,71.7,1172,3,1
4,827,42.9,76.4,70,3,0
7,824,21.9,70.1,160,1,0
28,1609,47.4,57.3,482,3,2
3,429,30.3,74.8,-340,2,0
15,1185,32.1,68.9,795,2,1
19,1785,37.4,55.8,-1239,2,1
17,1335,26.1,57.2,-194,1,1
29,1744,46.1,67.9,3566,4,4
21,1763,39.1,63.1,-921,3,1
17,1532,52.2,81.5,-1406,4,1
16,1281,22.3,73.7,2002,2,2
23,1698,35.8,56.4,-1496,2,1
14,1195,28.3,54.1,2570,1,3
9,1128,36.7,83.0,-496,3,0
30,2014,35.9,67.7,-2113,3,2
10,1219,40.4,66.5,1280,2,1
20,1540,27.3,85.0,2731,2,3
27,2034,35.0,63.4,1488,2,3
13,1297,33.6,62.9,338,2,1
12,1093,27.6,61.9,166,1,1
4,983,24.1,67.0,800,1,0
30,1906,25.5,62.9,172,3,2
21,1790,49.9,55.4,-672,3,1
1,200,41.5,49.8,-118,1,0
14,1136,29.9,60.9,2068,2,2
11,914,35.0,68.1,2034,2,2
1,549,48.3,57.2,2641,2,2
13,1176,35.2,64.7,257,2,1
2,560,43.3,75.1,380,2,0
28,1760,21.2,58.3,3297,2,4
3,560,47.9,53.8,375,2,0
14,1300,33.3,57.3,878,2,1
0,350,55.0,73.4,2531,0,0
9,626,37.9,70.6,1495,2,1
7,708,29.6,67.4,191,2,0
19,1682,38.4,77.0,3409,3,3
21,1380,29.1,64.0,-821,2,1
10,706,21.4,57.1,-2217,1,0
24,2018,28.6,59.7,71,2,2
23,1815,50.2,58.0,-194,3,1
12,1309,37.9,77.7,285,3,1
9,948,33.9,48.6,-1069,1,0
7,940,31.0,57.9,773,1,1
4,478,19.3,79.1,2225,1,1
14,1402,17.3,54.6,99,1,1
2,483,29.7,53.7,323,1,0
19,1465,40.6,45.0,2428,2,3
28,1664,43.4,65.3,-1094,3,2
2,200,41.6,58.8,-160,2,0
24,1888,29.6,47.8,1624,2,2
6,890,27.9,62.8,3552,1,3
13,850,55.0,74.0,956,4,1
27,1632,23.0,71.1,-231,3,2
7,940,23.8,79.4,1879,2,1
1,450,23.9,74.4,2934,1,2
4,876,27.2,73.9,-748,2,0
15,1112,29.9,77.0,1462,2,2
25,1735,38.3,69.5,706,3,2
21,1308,29.5,53.2,-1431,2,1
28,2024,15.0,84.3,0,2,1
17,1422,45.4,55.8,741,2,1
23,1523,20.0,54.0,320,1,2
30,2014,32.5,69.7,265,3,2
15,1366,39.3,74.4,165,2,1
16,1099,23.3,69.7,18,2,1
10,1013,42.3,53.8,2359,2,2
3,350,41.0,52.1,-467,2,0
29,2285,15.0,48.5,-323,1,2
8,1112,30.9,63.2,228,1,0
21,1750,17.9,55.3,256,1,2
29,1851,29.3,76.7,942,3,2
10,1031,31.7,58.6,271,2,1
1,687,49.7,85.0,-1388,3,0
9,835,29.3,58.4,0,1,0
0,647,48.8,65.7,161,0,0
3,401,20.6,55.6,-584,0,0
21,1647,54.1,67.9,-902,4,1
17,1481,37.4,58.3,2428,2,3
12,1108,32.1,75.8,-1731,2,1
17,1015,39.1,70.1,-2137,3,1
25,1883,33.4,49.3,173,2,2
17,1213,40.9,56.8,1899,2,2
9,726,45.3,60.1,1914,2,2
8,849,44.0,75.6,840,3,1
22,1726,30.6,58.0,-1453,1,1
3,367,55.0,48.6,-846,2,0
25,1883,40.1,70.8,780,3,1
18,1383,37.1,75.5,133,3,1
7,833,37.2,51.1,212,1,0
25,1590,19.2,58.6,-2219,2,1
0,410,47.5,55.4,1929,0,0
4,623,22.5,79.9,348,2,0
29,2015,34.0,68.2,-573,3,2
16,1274,19.7,61.1,-1979,1,1
9,669,51.2,59.9,3272,2,3
21,1497,53.7,57.7,141,4,1
15,1331,36.4,81.0,1523,2,2
12,734,39.4,64.6,-2011,2,0
29,2186,38.0,76.8,-1705,4,2
15,1159,31.9,77.8,-1956,2,1
24,1728,33.4,71.0,-323,3,1
25,1374,51.9,48.6,102,3,1
9,1074,35.9,70.2,521,2,1
10,1177,21.6,65.0,1839,1,1
8,786,18.8,80.3,-2369,2,0
11,1116,45.8,77.3,2399,3,2
1,489,33.2,65.3,1191,2,0
28,2220,52.6,67.8,-2459,4,2
14,892,39.5,63.9,929,2,1
23,1828,37.0,68.8,2216,3,3
9,1035,15.0,59.3,1800,1,2
9,982,31.2,54.5,-1756,1,1
6,768,28.5,70.7,1613,1,1
22,1369,41.4,59.1,-768,3,1
12,1076,41.2,52.8,-1403,2,1
16,1018,15.0,72.7,-2481,1,1
28,1874,36.7,55.9,-944,2,2
26,1876,35.2,75.2,1745,3,3
20,1514,46.0,72.2,1760,3,2
12,812,52.6,60.6,206,3,1
4,839,18.7,67.6,405,1,0
0,352,15.0,68.2,-1882,0,0
16,1275,31.0,66.5,-955,2,1
18,1385,36.2,69.9,1182,3,2
25,1588,37.2,76.6,1747,3,3
22,1527,28.9,53.9,614,2,2
25,1569,41.1,55.7,222,3,2
25,1761,35.9,72.7,314,3,2
19,1095,47.7,53.7,-2452,3,1
27,2079,28.6,74.1,-2257,4,2
7,719,36.4,66.9,-2359,2,0
28,2129,44.0,67.1,1261,3,3
13,1295,40.4,65.7,2392,2,2
19,1588,32.6,68.0,-54,2,1
12,1056,54.0,80.5,3037,4,3
16,1441,55.0,84.5,337,4,1
16,1616,29.9,68.5,1290,2,2
24,2175,26.3,52.4,1458,2,3
18,1348,34.2,61.9,-109,2,1
28,1737,27.7,62.8,1336,2,2
19,1282,25.6,78.1,2282,2,3
24,1849,15.0,71.5,-905,2,1
18,1316,45.0,69.1,1460,3,2
2,555,35.1,65.0,3792,2,2
30,2070,24.1,61.3,-1262,2,2
22,1778,43.8,67.8,195,4,1
24,1749,24.1,45.0,2206,1,3
16,949,42.8,55.2,2903,2,3
0,329,28.0,64.7,825,1,0
23,1645,40.9,65.9,924,3,2
14,1482,43.3,69.1,1488,3,1
14,1609,33.9,64.3,2164,2,2
5,677,29.5,73.8,0,2,0
20,1338,37.8,45.0,2251,2,3
19,1064,36.7,70.7,-168,3,1
11,650,44.8,52.0,-1777,2,0
30,1986,39.1,49.0,306,3,2
17,1172,36.3,67.1,2951,2,3
25,1743,27.4,45.0,44,1,2
9,866,45.7,67.6,2821,2,2
24,1575,37.1,85.0,3288,4,4
19,1322,22.9,55.0,-1562,1,1
27,1854,28.8,62.0,252,2,2
24,1826,46.6,72.6,3068,4,4
7,746,55.0,81.8,1322,4,1
21,1415,49.5,76.4,1659,4,2
1,516,16.9,76.1,226,1,0
14,1093,44.8,49.8,0,2,0
7,766,36.6,80.5,2060,2,2
9,846,30.4,65.2,1361,2,1
27,2009,51.9,60.3,-853,3,2
23,1741,39.7,69.4,2252,3,3
14,1363,30.5,62.8,1400,2,2
28,2194,47.7,63.3,295,4,2
4,464,34.0,55.7,2471,1,2
7,891,28.4,57.7,-1734,1,0
21,1657,35.3,69.5,152,3,1
22,1589,27.9,72.6,-258,2,2
18,1519,34.9,56.2,-2457,2,1
3,399,38.9,65.4,-199,2,0
4,626,36.2,45.0,-61,1,0
11,681,34.5,66.0,2459,2,2
27,1482,33.7,51.9,-1421,3,2
4,663,38.8,66.4,2742,2,2
7,780,32.5,56.1,0,1,0
5,828,32.3,76.8,2221,2,2
12,967,33.7,64.3,343,2,1
21,1946,25.4,73.0,1640,2,2
20,1982,38.4,67.6,-634,3,1
15,1168,46.9,50.3,1709,2,2
19,1483,38.0,64.2,-868,2,1
28,2147,27.0,64.6,82,2,2
10,995,22.8,64.6,3050,1,3
5,668,19.1,67.2,2018,1,0
26,2317,40.5,78.8,-337,4,2
27,2094,35.6,75.1,218,3,1
18,1422,41.1,63.3,629,3,1
4,628,35.9,59.3,-116,2,0
19,1463,26.2,77.2,1532,2,2
21,1574,17.9,53.5,-915,1,1
20,1569,26.2,72.4,-615,2,1
23,1614,20.7,84.2,133,2,1
1,533,19.7,62.3,166,1,0
6,919,44.6,61.9,1489,2,1
1,412,32.4,73.5,1701,2,1
5,514,25.9,48.0,1550,0,1
13,1122,24.2,67.1,462,2,1
0,271,43.7,55.3,2544,0,0
24,1682,39.5,85.0,1975,4,3
25,2218,21.9,61.8,0,2,2
8,1178,38.9,73.3,1212,2,1
8,893,42.6,51.9,389,2,1
20,1747,37.0,72.9,-694,3,1
3,825,17.2,56.8,-434,0,0
3,533,33.7,52.9,-1859,1,0
30,2139,35.2,46.3,-921,2,2
21,1574,49.5,70.0,167,4,1
9,849,45.6,60.4,524,2,1
11,991,43.5,68.1,-1701,2,1
5,651,45.6,81.5,2058,3,1
17,1381,22.4,62.6,95,2,1
18,1357,51.7,66.0,360,3,2
13,961,27.5,59.6,508,1,1
8,1092,46.3,78.3,118,3,0
24,1676,15.0,59.2,-1935,1,1
28,2058,24.0,57.4,-835,2,2
4,494,28.0,80.8,130,2,0
0,615,27.3,62.9,-676,0,0
16,1198,46.0,67.9,2957,3,3
11,1199,24.9,60.5,760,1,1
27,2052,41.4,68.3,2257,3,3
3,650,22.5,67.8,-1706,1,0
5,846,42.2,74.5,3162,3,2
16,1003,32.7,54.7,3402,2,3
0,430,48.8,68.3,-1750,0,0
17,1236,35.3,69.3,186,2,1
14,1229,31.0,66.4,1531,2,2
24,1550,39.7,80.4,-112,4,1
25,1787,33.9,70.5,-2473,3,2
10,587,24.3,54.1,2617,1,2
22,1761,39.1,52.2,3274,3,4
29,1790,42.2,75.9,734,4,3
11,1112,38.4,78.9,210,3,0
22,1574,46.7,58.0,271,3,2
21,1542,23.9,67.7,-1252,2,1
14,1258,38.3,57.3,-399,2,1
19,1197,44.2,79.1,-28,3,1
18,1420,43.4,85.0,-995,4,1
20,1594,28.6,61.1,988,2,2
11,832,35.1,67.2,-37,2,0
3,647,55.0,70.3,-26,3,0
6,345,27.9,59.2,52,1,0
27,1757,24.6,69.8,130,2,2
18,1697,37.7,51.6,34,2,1
13,1037,40.9,64.5,391,2,1
5,346,55.0,66.7,2369,3,2
18,1286,25.0,68.1,77,2,1
17,1464,28.0,77.2,339,2,1
17,1384,41.0,56.4,175,2,1
19,1526,35.1,66.4,289,2,1
22,1570,27.0,66.0,1623,2,2
3,481,48.7,73.3,817,3,0
24,1830,47.6,60.8,1881,3,3
30,1757,40.9,45.0,-1851,3,2
28,2053,22.5,76.7,2320,2,4
5,580,41.0,50.5,192,1,0
5,627,31.3,58.1,1036,1,1
8,617,28.0,78.1,-686,2,0
16,1386,42.2,62.1,977,3,2
25,1454,29.7,56.5,1668,2,3
15,1193,48.7,45.0,227,2,1
9,526,45.8,62.1,-566,3,0
12,950,19.2,50.7,1772,1,2
4,758,34.7,66.2,829,2,0
12,1135,36.2,51.8,1815,1,2
13,1234,31.8,70.4,79,2,1
24,1755,24.1,81.1,2484,2,3
15,1431,32.6,67.3,-1402,2,1
27,1947,39.8,73.0,282,3,2
27,1420,21.5,68.4,-2338,2,1
29,2054,50.8,60.0,2290,4,3
13,1430,23.8,61.3,1916,1,2
28,1631,39.7,67.7,3683,3,4
2,625,23.4,60.9,-755,1,0
6,966,17.6,60.7,483,1,0
12,1036,25.8,70.6,819,2,1
20,1483,37.5,57.3,-2087,2,1
9,830,15.0,78.1,1660,1,2
6,719,45.9,71.8,238,3,0
14,1146,36.1,61.9,2299,2,2
17,1212,40.7,65.5,175,3,1
9,659,23.2,76.8,1021,2,1
23,1646,44.3,57.7,1553,3,3
26,1856,44.0,57.1,308,3,2
11,1113,36.9,73.9,-1486,2,1
10,834,38.6,70.1,1424,2,1
4,200,31.2,71.0,265,1,0
6,922,25.0,47.5,244,1,0
20,1375,36.3,45.0,-53,2,1
20,1513,35.2,66.6,-654,2,1
5,676,21.3,63.7,807,1,1
25,1720,33.5,48.8,-455,2,1
21,1844,35.9,58.7,1701,2,2
18,1382,33.5,61.4,2158,2,2
25,2088,22.6,85.0,0,3,2
7,641,34.1,78.8,94,2,0
11,1109,38.1,61.6,1588,2,2
15,1032,36.0,64.7,-407,2,1
29,1799,47.8,59.9,-223,4,2
1,387,21.6,62.4,223,1,0
8,682,37.9,45.0,211,1,0
3,590,34.4,72.3,1219,2,1
4,712,42.7,82.5,2432,3,1
14,1462,41.0,69.7,-1092,3,1
8,727,38.0,71.5,195,2,0
5,817,34.4,61.9,157,1,0
2,790,52.3,79.2,-904,3,0
27,1701,51.9,75.1,-70,4,2
0,563,49.9,66.6,-354,0,0
23,1490,39.4,61.8,-75,3,1
30,1847,42.4,83.7,-1011,4,2
26,2069,20.3,76.0,-632,2,2
10,1107,27.9,68.7,1904,1,2
24,1849,33.7,61.6,2133,2,3
26,1472,32.5,82.6,-1422,4,1
14,961,22.5,57.3,1723,1,2
3,631,25.4,62.9,3180,1,2
22,1616,42.4,62.7,-7,3,1
0,560,43.7,50.5,-355,0,0
2,366,15.0,77.2,593,1,0
25,1773,31.9,74.3,213,3,2
2,588,36.1,69.7,3080,2,2
22,1912,42.2,64.3,187,3,2
28,2178,37.7,57.1,-388,3,2
19,1422,43.2,48.2,811,2,2
29,1995,48.1,45.0,-338,3,2
0,326,44.6,62.5,124,0,0
22,1344,31.8,61.9,366,2,1
23,1661,42.7,85.0,1507,4,2
28,1830,28.8,46.3,97,2,2
15,1029,42.3,57.8,-918,2,1
15,1212,28.8,62.7,2393,2,2
17,1392,29.4,71.9,333,2,1
12,1250,45.3,63.1,1789,3,2
16,1121,42.4,66.0,-1731,3,1
18,1118,38.7,69.4,-1699,3,1
3,486,48.4,79.2,3042,3,2
7,1054,43.3,65.1,-866,2,0
3,746,42.3,64.6,261,2,0
19,1477,22.8,76.4,-1037,2,1
27,1970,39.6,64.5,-163,3,2
4,519,49.1,65.9,63,3,0
24,1612,16.7,66.5,-160,2,1
10,1130,24.1,64.1,31,1,0
28,1777,43.4,67.5,210,3,2
26,1769,37.2,52.5,122,2,2
3,672,24.8,67.1,-1241,1,0
1,378,22.7,74.4,0,1,0
29,2243,17.5,52.8,33,1,2
13,1144,26.6,66.5,86,2,0
27,1852,52.8,56.8,1090,4,2
26,1722,54.1,78.9,-297,4,1
28,2072,40.4,69.8,-844,3,2
27,1535,20.5,53.7,68,1,2
0,341,42.1,68.3,2167,0,0
4,764,26.9,62.8,-2359,1,0
8,902,35.6,65.8,-3,2,0
15,1442,27.5,72.7,422,2,1
24,1641,28.9,45.0,240,1,2
27,1995,34.3,73.9,1168,3,2
8,685,55.0,56.6,326,2,0
7,431,40.9,65.5,-1957,2,0
0,359,44.3,85.0,-1137,0,0
28,2232,37.2,83.8,-539,4,1
27,1722,43.9,68.5,3670,3,4
13,839,37.5,75.4,2880,3,3
30,2099,25.4,67.7,1625,3,3
25,1769,25.9,68.1,264,2,2
18,1471,42.7,65.6,1115,3,2
30,2000,15.0,79.2,-1970,3,2
13,1159,39.8,62.8,2101,2,2
24,1637,43.5,55.6,863,3,2
13,1286,42.4,75.6,317,3,1
28,1985,42.2,55.1,776,3,2
11,850,49.0,63.5,952,3,1
14,980,34.2,58.3,2352,2,2
0,321,43.1,56.8,153,0,0
7,815,24.1,45.0,-362,1,0
19,1462,40.1,70.2,2581,3,3
16,1396,41.5,48.1,-955,2,1
3,561,20.6,59.8,-789,1,0
11,1002,37.3,76.7,-124,2,1
9,1314,25.2,60.4,-1040,1,0
10,1093,43.6,62.6,957,2,1
4,472,34.5,73.9,1570,2,1
26,1624,30.0,61.7,1523,2,2
9,844,15.8,57.6,244,0,0
6,942,38.7,73.3,199,2,0
26,1724,46.3,66.8,-367,3,2
13,1017,30.4,70.9,149,2,1
7,718,32.8,70.8,-183,2,0
14,1100,39.4,69.1,-859,2,1
2,502,37.9,85.0,297,3,0
12,993,15.0,77.2,3878,1,3
4,508,30.4,57.7,222,1,0
17,1262,28.2,67.1,-930,2,1
14,1057,28.8,67.0,126,2,1
18,1380,41.2,69.5,791,3,2
20,1284,42.5,72.8,-2261,3,1
16,1121,55.0,56.2,910,3,1
8,708,43.7,75.5,1026,3,1
17,1447,15.0,57.6,1211,1,2
23,1580,41.3,55.7,1793,2,3
7,1049,15.0,69.7,1063,1,1
16,1342,51.6,62.9,-462,3,1
18,1433,21.6,74.6,2052,2,3
25,1968,44.6,75.8,2774,4,4
3,253,42.6,71.1,-586,2,0
26,2050,40.5,64.7,-2486,3,2
28,1772,30.9,73.2,-369,3,2
20,1303,39.1,71.9,1872,3,3
20,1278,41.1,58.2,220,3,1
21,1421,39.3,76.5,892,3,2
0,649,24.3,85.0,-1479,0,0
4,933,36.3,70.8,0,2,0
6,1020,41.5,48.1,-20,2,0
24,1778,38.5,53.6,2058,2,3
6,760,35.8,68.3,-255,2,0
22,1609,33.0,48.1,-735,2,1
5,721,37.1,84.8,2735,3,2
29,2279,24.8,77.0,-1074,3,2
5,841,37.3,62.1,2284,2,2
15,1385,40.0,65.0,992,2,1
4,661,38.3,63.2,950,2,1
3,829,34.9,64.2,-1565,2,0
10,1063,29.8,71.6,191,2,0
16,1412,48.1,64.8,-2183,3,1
26,1702,30.6,52.9,190,2,2
11,1300,21.8,50.2,-1324,1,0
14,1547,51.9,80.7,391,4,1
24,1687,15.3,66.1,-731,1,1
23,1636,37.5,76.4,1915,3,3
14,1348,47.2,45.0,172,2,1
24,1652,35.5,66.3,3306,3,4
4,856,39.4,59.6,-55,2,0
29,1979,30.7,64.9,108,3,2
22,1281,42.5,64.4,89,3,1
8,699,47.2,48.0,3052,2,2
26,2043,31.6,70.9,359,3,2
29,1715,28.0,52.1,-894,2,2
26,1769,31.2,54.6,-240,2,2
14,1326,37.9,71.4,1107,2,2
8,985,55.0,59.1,258,3,1
12,1041,23.8,53.4,-1897,1,1
5,501,33.4,77.7,1366,2,1
2,256,55.0,57.1,1208,2,1
25,1575,36.3,59.1,1697,3,3
2,521,51.4,52.2,1251,2,1
12,1394,40.9,66.3,1147,3,1
2,880,26.3,53.4,347,1,0
8,957,40.5,60.7,179,2,0
3,717,29.6,53.8,-945,1,0
25,2064,31.4,54.9,1992,2,3
6,1059,34.9,55.0,602,1,1
30,1997,19.1,63.0,1540,2,3
16,1031,37.4,75.8,3306,3,3
15,1006,32.2,81.4,2279,2,2
11,1115,15.0,72.2,1304,1,1
17,1114,36.6,62.2,-1658,2,1
7,708,47.4,61.4,1986,3,1
4,542,30.1,65.9,-1141,1,0
19,1649,40.0,75.0,2012,3,2
4,593,48.5,79.9,-260,3,0
7,735,36.0,53.4,-2024,1,0
28,1858,24.6,76.3,1091,3,3
14,1162,30.4,56.4,3536,2,3
7,862,44.9,67.9,-543,2,0
25,1905,48.5,56.4,-1468,3,1
24,1806,15.0,63.0,1921,1,3
6,661,21.6,78.2,-2200,1,0
2,414,30.8,62.6,-2412,1,0
25,1986,46.9,53.8,751,3,2
12,1122,15.0,77.1,-877,1,1
28,2162,55.0,57.5,1651,4,3
0,410,32.6,76.4,189,0,0
0,473,33.9,59.9,34,0,0
14,1519,20.4,45.0,-551,1,0
12,717,29.6,76.1,1923,2,2
22,1703,43.5,77.3,-2334,4,1
9,1036,55.0,70.9,398,3,1
20,1531,33.8,61.6,270,2,2
30,2215,39.8,68.7,270,3,2
22,1869,22.0,67.5,1187,2,2
0,772,34.0,54.1,1346,0,0
18,1256,23.4,56.5,-2369,1,1
16,1114,25.9,71.0,1100,2,2
11,1040,40.0,60.0,-145,2,1
14,1060,39.0,69.1,-2113,3,0
26,1910,15.0,61.3,-1297,1,1
3,536,41.0,67.0,-1685,2,0
9,756,27.2,85.0,2156,2,2
13,1153,19.2,68.4,1507,1,2
1,259,28.5,77.4,-2117,2,0
8,619,20.9,62.9,258,1,0
22,2025,33.4,85.0,-929,3,1
7,505,15.0,73.7,-1283,1,0
29,1998,30.7,85.0,-1024,3,2
7,828,52.7,67.8,612,3,0
11,1141,40.3,75.3,-448,3,0
0,200,44.3,62.8,1377,0,0
14,1005,38.4,71.0,119,2,1
7,998,43.0,60.1,1044,2,1
21,1257,36.7,49.6,-2337,2,1
21,1539,27.1,68.9,1597,2,2
18,1602,35.9,71.3,1689,2,2
6,751,25.9,66.8,1534,1,1
30,1850,41.0,59.2,2776,3,4
14,1061,37.4,59.7,-1860,2,0
9,850,37.4,58.8,-1807,2,0
21,1989,15.2,62.1,-425,1,1
13,1323,20.4,55.4,-2116,1,1
0,433,45.0,73.2,-514,0,0
24,1391,52.7,67.5,1860,4,3
23,1597,43.7,65.7,2893,3,4
4,715,50.1,61.5,811,2,0
21,1555,23.0,55.2,2495,1,3
14,1142,41.3,60.6,121,2,1
8,831,36.3,58.4,-1456,2,0
7,813,27.9,60.5,-119,1,0
29,2004,45.9,60.5,0,4,2
29,2018,15.0,65.1,3041,2,4
4,625,33.9,60.2,79,1,0
19,1426,42.5,66.7,1413,3,2
22,2083,36.7,67.7,304,3,1
10,1120,26.7,61.6,183,1,0
27,1796,15.0,60.6,-295,2,1
15,1278,43.6,65.9,1228,3,1
27,1859,15.4,74.2,251,2,2
25,1416,34.5,55.6,1851,2,3
25,1581,31.6,70.8,-1697,3,1
18,1217,55.0,66.6,233,4,1
28,2162,47.0,69.7,9,4,2
11,1354,28.4,54.9,-301,1,0
3,431,37.1,45.0,-2012,1,0
7,976,39.5,72.5,195,2,0
23,1662,32.6,81.1,-1598,3,2
21,1462,31.4,73.6,1057,2,2
16,1155,31.7,48.2,1553,1,1
21,1651,32.3,63.5,-876,2,1
13,1082,16.4,70.9,-475,1,1
22,1681,41.2,51.5,179,2,1
12,1212,35.2,63.7,-1140,2,0
1,592,42.3,55.4,1753,2,1
17,904,28.9,63.2,3512,2,3
5,408,55.0,59.0,3331,2,2
0,387,38.6,59.7,2079,0,0
8,730,37.3,55.5,-2349,2,0
2,718,27.0,53.8,261,1,0
8,580,19.0,55.4,167,0,0
7,993,30.5,55.9,-1156,1,0
1,200,24.9,45.0,1906,0,1
24,1877,31.0,51.7,3133,2,4
29,2039,38.5,66.9,128,3,2
29,2127,39.5,60.9,-1114,3,2
30,2062,24.6,63.5,-1391,2,2
17,1446,46.1,66.7,-118,3,1
4,758,43.5,70.1,276,2,0
18,1573,31.8,66.7,-163,2,1
26,2081,35.5,79.0,1023,3,2
12,746,25.9,68.8,-1861,1,0
0,611,39.0,64.6,1018,0,0
19,1299,22.5,85.0,297,2,1
8,1005,40.5,52.1,2011,1,1
15,947,20.8,71.3,-707,2,1
4,470,17.6,65.9,-1346,1,0
5,650,34.8,58.3,2314,2,2
15,1016,43.9,77.7,-718,3,0
2,528,39.2,64.9,297,2,0
15,1314,38.4,78.4,774,3,1
6,449,40.4,55.4,856,1,1
10,791,48.5,45.0,1576,2,1
6,732,49.7,70.3,1437,3,1
28,1879,39.3,66.4,1534,3,3
18,1391,42.8,59.6,3103,3,4
1,426,40.5,80.3,-305,2,0
24,1675,30.2,73.2,-858,3,1
30,2226,32.5,64.7,2062,3,4
23,1739,26.8,73.1,3092,3,4
7,890,25.7,85.0,27,2,0
21,1583,36.3,63.6,965,3,2
11,656,42.9,46.9,-2108,2,0
3,467,43.0,60.9,249,2,0
29,1953,45.4,69.9,322,3,2
0,384,40.5,80.0,-697,0,0
1,391,44.8,61.6,376,2,0
1,233,35.4,51.3,1075,1,0
4,959,37.1,61.7,46,2,0
25,1752,36.9,51.3,27,2,2
30,2259,29.9,76.3,-273,3,2
8,891,33.3,57.8,-2086,1,0
0,200,17.0,62.8,308,0,0
19,1432,32.6,60.2,-947,2,1
0,575,52.9,67.6,-263,0,0
13,1214,15.0,85.0,-1545,2,1
7,881,38.3,73.7,-774,3,0
28,2146,32.0,62.6,63,2,2
28,1739,28.2,50.4,-910,2,1
21,1569,36.2,57.0,1644,2,2
13,901,49.4,81.7,-1254,3,0
6,528,38.6,54.0,252,1,0
1,629,41.1,64.2,-100,2,0
2,509,26.9,61.5,3512,1,2
6,901,33.3,53.6,2588,1,2
11,1063,43.1,58.2,-2077,2,0
24,1500,31.9,55.9,1924,2,3
18,1681,26.8,48.9,-511,1,1
28,1704,25.9,68.7,-185,2,2
12,1528,27.1,65.8,1480,1,2
9,780,22.2,52.3,-685,1,0
16,1485,29.5,61.1,-1151,2,1
4,660,55.0,66.5,-397,3,0
29,2021,43.0,67.8,504,4,2
2,429,46.2,78.6,2028,3,1
15,989,53.2,55.3,135,3,1
16,1466,55.0,64.7,176,4,1
8,620,40.9,56.0,-653,2,0
3,389,47.1,51.6,-1159,2,0
11,920,35.6,69.2,-1532,2,0
0,395,30.9,70.8,2010,0,0
17,1556,37.4,53.5,98,2,1
21,1930,39.6,77.6,-333,4,1
15,1344,40.2,63.8,265,3,1
21,1891,45.2,71.2,635,3,2
9,677,43.3,80.3,0,3,0
10,1119,31.7,66.6,3553,2,3
17,997,35.0,81.8,0,3,1
13,1170,39.1,54.7,-1026,2,1
26,2052,31.3,56.8,577,2,2
18,1157,15.0,63.4,2783,1,3
17,1362,22.7,59.9,1161,2,2
28,2152,35.9,57.5,-1246,2,2
19,1271,34.2,63.5,496,2,1
8,884,28.7,81.6,-1792,2,0
3,471,22.7,45.0,-590,0,0
13,1033,40.6,70.4,285,3,1
5,639,44.4,59.9,-706,2,0
2,435,29.2,49.1,2267,0,1
7,952,32.1,55.0,170,1,0
5,692,47.6,69.2,536,2,0
22,1575,19.7,67.6,-1018,1,1
24,1881,48.9,85.0,-774,4,1
22,1621,30.4,59.9,343,2,2
29,1656,45.9,60.9,-982,3,2
5,931,42.3,60.4,75,2,0
1,571,29.8,64.4,-267,1,0
4,852,24.1,75.5,-338,2,0
15,1190,55.0,64.6,1572,4,2
9,943,27.8,61.1,381,1,1
28,1884,44.5,46.5,206,3,2
28,2130,26.5,58.8,-737,2,2
22,1462,26.1,69.9,1581,2,2
24,1862,28.2,51.8,-2187,2,1
27,1772,23.4,59.7,1804,2,3
22,1370,34.8,80.1,1686,3,2
24,1594,44.7,70.3,-1447,4,1
5,849,19.8,72.5,487,2,0
0,269,36.2,79.2,742,0,0
21,1684,41.5,58.6,-1750,3,1
14,1121,23.7,68.4,-1221,2,1
7,832,26.4,69.1,1237,1,1
2,383,36.0,57.1,1963,1,1
14,1358,28.6,70.6,2749,2,3
16,1182,27.8,66.7,1005,2,2
1,357,43.6,65.7,1555,2,1
2,424,37.4,74.3,2476,2,1
11,783,39.8,64.6,3553,2,3
13,773,33.1,70.9,-1080,2,2
29,1841,40.5,51.6,125,3,2
19,1532,32.8,60.2,184,2,1
30,2071,24.8,72.3,-1702,3,2
15,1312,20.2,56.5,47,1,1
11,930,28.7,67.2,-215,2,0
5,818,28.4,65.3,2202,1,2
5,524,43.3,65.8,220,2,0
6,991,43.4,63.7,61,2,0
24,1733,38.5,69.6,393,3,2
13,1182,39.6,59.2,17,2,1
15,1134,15.0,52.1,1358,0,2
4,474,48.6,56.3,-335,2,0
10,1020,32.6,57.2,-2024,1,0
14,1233,20.0,66.3,261,1,1
22,1266,39.7,64.3,1794,2,3
5,555,28.9,58.7,-1466,1,0
1,394,32.9,70.7,-914,2,0
23,1797,33.3,69.4,-806,3,1
13,1153,31.5,67.6,2380,2,2
27,2050,45.6,64.4,3635,3,4
21,1449,32.7,70.3,913,3,2
3,497,26.8,62.8,-112,1,0
17,1634,29.9,77.2,307,3,1
19,1369,54.6,51.1,-1435,3,1
3,555,30.4,60.3,217,1,0
16,1062,32.4,55.2,2818,2,3
4,803,32.9,73.0,0,2,0
20,1611,30.5,76.5,1709,3,2
4,803,25.6,60.6,1122,1,1
30,2027,39.3,78.6,-2233,4,2
8,1022,48.9,57.7,864,2,1
26,1961,37.1,69.5,-86,3,1
22,1537,34.0,49.0,460,2,2
8,646,43.8,69.0,-511,3,0
28,1881,23.5,68.0,282,2,2
13,694,34.8,53.0,377,1,1
18,1311,48.3,52.9,101,3,1
12,683,38.9,57.7,-238,2,1
0,539,38.3,57.8,2932,0,0
1,901,30.5,70.9,-1061,2,0
11,847,33.6,45.8,-532,1,0
9,859,21.2,62.6,-630,1,0
20,1457,38.6,56.1,186,2,1
12,1287,31.8,72.9,-1523,2,0
26,1479,34.0,58.3,-1308,2,2
8,844,47.0,68.0,109,3,0
23,1687,27.9,70.4,394,3,2
13,1146,37.3,77.1,1480,3,1
19,1383,37.2,77.3,0,3,1
24,1620,55.0,77.2,209,4,1
4,678,35.7,62.0,-248,2,0
23,1795,26.7,83.3,-507,3,2
22,1647,55.0,66.0,254,4,2
21,1703,47.2,63.7,2144,3,3
10,1129,30.6,65.8,3349,2,3
16,1076,32.0,60.8,-821,2,1
5,999,37.2,63.7,2635,2,1
3,719,40.7,77.5,155,2,0
11,1412,32.1,47.4,1514,1,1
10,1042,34.9,56.3,-567,1,0
7,588,31.0,58.6,54,1,0
17,1295,34.1,63.9,520,2,1
25,1800,24.4,76.3,16,2,2
15,1002,52.9,57.6,199,3,1
5,557,39.9,71.2,-162,2,0
18,1740,24.2,69.4,773,2,2
8,1104,17.0,54.9,-733,1,0
5,645,55.0,62.4,1340,3,1
22,1470,51.8,68.2,155,4,1
8,726,44.8,59.2,-1700,2,0
12,1357,38.0,58.9,1821,2,2
8,738,29.2,46.5,1539,1,1
1,454,21.0,66.5,242,1,0
5,500,55.0,58.8,1734,2,1
4,644,46.1,71.9,-721,3,0
6,814,20.2,49.6,-1729,1,0
20,1677,32.9,50.0,1730,2,2
0,607,42.1,72.3,-1109,0,0
25,1424,35.5,63.3,409,3,1
27,2441,38.1,75.7,95,3,2
30,2166,24.5,64.7,2022,3,4
2,518,39.4,72.8,-2176,2,0
1,200,41.8,69.9,-460,2,0
18,1521,21.2,69.0,15,1,1
28,1887,43.2,78.7,1696,4,3
25,1675,42.8,62.5,1110,3,2
5,743,21.5,57.7,1770,1,1
8,389,41.7,63.5,-2130,2,0
30,1755,30.0,73.2,278,3,2
1,259,27.3,63.3,-2358,1,0
16,1261,15.0,51.5,1464,1,2
6,943,51.4,60.1,-662,3,0
27,1976,37.9,59.1,-1918,3,2
24,1791,37.2,72.6,1558,3,2
19,1243,41.3,56.4,-647,2,1
16,1500,41.5,72.2,-2207,3,1
14,814,36.1,56.8,221,2,1
19,1349,29.9,74.4,-1248,2,1
3,703,40.8,61.8,-2420,2,0
9,951,27.7,55.8,-367,2,0
28,2168,24.2,68.1,113,2,2
30,2495,37.6,64.5,240,4,2
14,1273,25.4,66.7,111,1,1
27,2223,26.8,64.2,-1050,2,2
15,1378,52.9,48.5,456,3,1
12,1002,27.3,72.5,145,2,1
8,870,38.6,51.6,3698,2,3
0,559,18.9,71.2,-301,0,0
19,1385,49.3,45.0,-2316,2,1
27,2041,44.7,79.7,-96,4,1
22,1656,50.3,62.3,-1098,4,1
26,1666,27.1,68.3,373,3,2
6,851,44.6,68.0,-34,2,0
30,2081,34.4,57.1,1538,3,3
11,1104,23.2,69.6,-737,1,0
22,1599,25.4,56.5,-294,2,2
10,893,36.9,77.2,-2183,2,0
27,1912,46.3,64.8,-2439,3,1
18,1221,26.2,62.7,-304,2,1
16,1441,45.4,74.3,3083,3,3
