count,co2_level,ldr_value,temp,humidity,fan_speed,light_intensity
17,2768,158,42.5,60.9,3,4
8,1427,63,31.4,69.2,2,3
6,1311,38,35.2,65.0,2,3
19,2956,337,30.4,63.2,3,4
7,1301,140,22.8,61.1,1,3
13,2394,99,40.4,57.8,3,3
2,547,7,38.3,59.3,1,2
13,2354,344,29.0,55.1,2,3
14,2000,121,37.5,64.8,3,3
4,1139,857,39.7,49.4,1,0
10,1712,268,41.7,82.1,3,3
12,2173,742,38.5,56.3,2,2
8,1262,262,38.0,62.1,2,2
12,2119,917,26.2,51.8,2,1
7,1205,96,31.4,59.0,2,3
18,2904,575,24.4,59.4,2,3
11,1982,32,32.1,73.4,3,3
15,2557,163,31.3,49.7,2,4
8,1413,285,15.6,61.8,1,2
16,2404,423,53.0,51.3,3,3
15,2490,7,38.6,58.2,3,4
17,2828,796,42.9,53.2,3,2
18,2637,657,43.3,61.0,3,3
4,1107,451,33.5,63.6,2,2
9,1528,562,44.5,64.2,3,2
12,1788,814,32.7,65.1,2,1
10,1638,863,13.0,62.9,1,1
20,3000,492,30.2,60.3,3,3
14,2032,50,24.0,65.3,2,4
4,996,9,45.9,76.8,3,3
1,200,804,25.6,70.8,1,0
20,3000,69,50.5,74.7,4,4
3,922,757,34.3,55.7,1,1
0,480,186,23.8,70.3,0,0
4,684,620,32.7,51.2,1,1
19,2752,521,23.9,70.1,2,3
13,2431,947,47.1,67.4,3,1
8,1553,768,30.9,49.4,1,1
16,2476,75,29.6,76.2,3,4
7,1351,48,22.0,52.0,1,3
8,1534,508,34.2,60.9,2,2
8,1179,344,32.7,79.2,2,2
16,2349,677,25.0,68.7,2,2
14,2214,834,40.6,54.4,3,2
19,2831,454,48.8,55.4,3,3
5,1131,420,48.1,43.2,2,2
6,1448,841,24.6,61.7,1,1
19,3000,1000,26.5,62.8,2,2
6,1102,865,38.0,64.5,2,1
8,1274,67,47.4,68.2,3,3
0,355,27,45.0,53.3,0,0
3,895,131,31.8,57.4,1,2
20,3000,733,13.0,73.5,2,3
9,1442,102,14.7,51.0,0,3
6,1327,274,42.4,71.2,3,2
19,3000,978,20.7,43.0,1,2
6,1479,886,51.2,57.2,3,1
14,2057,895,31.9,79.7,3,1
5,1132,980,35.2,80.2,2,0
11,1735,723,24.0,50.7,1,1
19,2889,753,44.1,59.3,3,2
3,800,405,45.4,64.6,2,1
12,1855,51,28.7,49.4,2,3
19,2885,199,26.1,71.7,3,4
13,2156,527,26.6,76.2,2,2
1,501,111,34.0,75.7,2,2
6,1069,729,37.1,51.6,2,1
10,1609,340,24.9,54.1,1,2
18,2787,753,24.0,72.4,2,2
15,2218,411,43.9,82.2,4,3
16,2449,531,17.4,65.3,2,3
8,1389,752,21.3,62.5,0,1
14,2313,750,18.8,58.9,2,2
7,1225,585,24.4,62.4,1,1
16,2312,848,23.0,58.1,2,2
0,387,10,25.6,64.8,0,0
0,564,1000,21.3,57.8,0,0
12,1748,85,38.7,65.8,2,3
2,453,507,34.7,69.6,2,1
4,766,412,32.6,58.4,2,2
15,2465,940,28.6,64.7,2,1
16,2313,659,25.5,43.0,1,2
2,459,779,33.3,83.0,2,0
18,2709,771,39.8,52.6,3,2
11,1717,84,13.8,64.1,1,3
9,1582,148,29.8,60.6,2,3
13,2154,85,48.0,65.5,3,3
1,430,327,36.1,56.3,1,1
6,1381,392,31.2,46.7,1,2
16,2299,711,23.3,55.0,2,2
16,2322,59,37.3,71.9,3,4
12,2129,831,40.5,60.9,2,0
9,1515,80,39.4,47.6,2,3
1,738,859,40.7,66.1,2,0
20,2860,62,43.1,71.0,3,4
10,1815,774,29.3,63.8,2,2
10,1965,575,23.4,69.3,2,2
20,3000,412,22.5,53.0,2,3
16,2262,69,32.6,43.0,2,4
19,3000,406,33.3,59.8,3,3
16,2683,2,40.3,61.8,3,4
17,2428,5,16.6,77.2,2,4
10,1578,476,39.0,65.8,2,2
5,1121,398,34.8,69.1,2,2
1,302,887,53.0,45.4,1,0
19,3000,527,35.9,77.9,3,3
5,1440,693,22.2,62.6,1,1
17,2733,107,28.6,69.5,3,4
14,2175,92,34.8,68.0,3,3
11,1766,554,36.3,55.7,2,2
7,1623,117,37.1,65.3,2,3
8,1420,56,34.4,76.8,3,3
18,2552,464,18.3,66.0,2,3
18,2948,456,32.7,67.5,2,3
17,2522,949,32.7,47.8,2,2
15,2283,984,39.8,69.8,3,1
9,1564,95,28.2,60.0,2,3
0,200,665,28.3,49.8,0,0
17,2552,46,41.6,67.7,4,4
4,1044,819,17.8,78.2,1,1
10,1731,696,21.6,57.5,1,2
16,2547,894,32.4,65.1,3,2
11,1517,124,28.8,73.4,2,3
1,536,374,35.0,83.0,2,1
2,579,79,36.1,57.1,1,2
2,657,377,29.6,53.5,1,1
19,3000,91,28.9,65.2,3,4
20,3000,32,30.9,66.4,3,4
4,847,854,30.0,64.1,1,0
17,2728,80,45.7,68.9,4,4
4,676,880,29.3,72.9,2,0
9,1502,562,34.1,60.4,2,2
3,845,52,22.7,75.4,1,2
11,1623,543,18.4,53.3,1,2
13,2116,502,28.8,61.2,2,2
13,1964,576,30.6,65.7,2,2
5,1105,317,35.4,76.4,2,2
4,1041,377,28.7,54.5,1,2
16,2506,101,33.8,57.6,2,4
9,1802,927,18.1,55.1,1,1
3,387,442,34.3,63.3,1,1
20,3000,856,18.5,48.0,2,2
8,1453,466,30.2,68.5,2,2
17,2663,359,29.5,82.0,3,3
13,2124,110,41.4,56.5,2,3
5,937,73,40.9,61.1,2,3
4,952,69,48.6,58.0,2,2
8,1500,77,25.9,72.7,2,3
17,2639,103,13.0,60.0,2,4
3,1147,951,34.1,52.3,1,0
17,2553,693,13.0,61.7,2,2
9,1531,617,32.3,74.9,2,2
10,1913,1000,50.2,53.9,3,1
15,2340,48,49.5,47.4,3,4
2,556,48,33.7,66.0,1,2
4,845,744,46.3,67.8,2,1
16,2484,772,23.6,61.3,2,2
8,1546,608,30.5,64.7,2,2
8,1322,361,35.8,67.5,2,2
10,1938,516,18.2,61.8,1,2
11,2001,602,53.0,76.1,3,2
4,821,748,28.3,68.7,1,1
16,2416,955,34.6,57.3,2,2
14,2460,353,32.2,65.4,2,3
13,2304,716,35.8,80.1,3,2
16,2267,31,23.6,66.6,2,4
14,1911,380,37.0,62.3,2,3
9,1643,1000,36.5,49.2,2,1
9,1667,17,26.3,58.5,2,3
18,2668,893,15.9,59.5,2,2
20,2908,43,27.3,61.8,3,4
2,591,550,51.4,53.1,2,1
9,1702,448,13.0,83.0,2,2
17,2729,72,28.2,65.1,2,4
8,1455,346,25.1,63.5,2,2
4,1111,33,20.6,63.9,1,3
20,2990,31,23.3,74.5,3,4
7,1108,757,14.9,70.5,1,1
0,526,755,41.0,48.2,0,0
17,2807,115,27.2,52.0,2,4
9,1381,545,43.7,63.7,2,2
14,2106,507,24.8,64.2,2,2
3,821,345,44.1,71.4,2,2
1,738,575,37.5,46.6,1,1
15,2363,55,39.2,61.9,3,4
1,491,962,34.3,61.2,1,0
10,1845,393,45.0,59.9,2,2
18,2734,436,37.4,74.0,3,3
3,993,278,32.0,57.7,1,2
11,2128,898,28.3,54.0,2,1
9,1558,531,48.5,60.9,3,2
1,338,368,29.4,68.4,1,1
10,1659,566,47.3,73.1,3,2
19,2711,902,49.7,62.9,3,2
1,535,431,46.2,66.3,2,1
7,1324,306,40.9,47.7,1,2
19,3000,507,34.1,65.6,3,3
0,656,332,47.9,60.8,0,0
12,2005,929,43.1,70.8,2,1
18,2984,37,33.3,73.5,3,4
11,1864,864,33.9,55.7,2,1
14,2250,441,44.4,65.0,3,3
4,611,43,23.1,72.6,2,2
7,1181,74,19.8,61.2,1,3
7,1155,351,32.5,53.0,1,2
7,1331,794,42.6,56.1,2,1
18,2847,331,36.0,51.2,2,3
3,905,912,24.1,69.2,1,0
15,2222,301,37.8,65.1,2,3
2,618,389,33.5,52.9,1,1
13,2252,485,44.4,58.2,3,2
18,2723,488,50.6,72.1,4,3
6,1288,883,53.0,62.1,3,1
3,803,88,40.2,55.8,2,2
8,1429,122,29.0,48.9,1,3
13,2295,563,29.6,65.7,2,2
3,818,56,39.4,62.3,1,2
6,942,799,52.4,59.3,3,1
6,1025,551,39.9,76.2,2,1
7,1413,987,39.6,58.2,2,0
1,478,861,19.6,56.7,1,0
17,2323,940,36.9,49.7,2,2
11,1965,808,39.0,72.3,3,1
4,1098,187,35.2,73.9,2,2
7,1389,376,24.3,75.9,2,2
0,323,400,50.8,52.6,0,0
20,2914,48,43.2,65.5,3,4
20,3000,903,43.7,83.0,4,2
20,2962,549,37.1,68.1,3,3
14,2514,950,31.9,58.8,2,2
8,1631,926,37.8,69.8,2,1
9,1809,427,22.1,65.9,2,2
5,1175,610,19.9,70.6,1,1
8,1395,924,34.6,49.7,1,1
3,860,158,30.1,52.7,1,2
3,810,567,21.9,61.5,1,1
7,1354,137,25.3,53.9,1,3
18,2645,786,39.6,54.7,3,2
12,1820,220,30.3,79.7,3,3
1,606,521,22.8,61.5,1,1
19,2798,16,30.1,74.9,3,4
7,1133,1000,30.8,68.9,2,0
12,1925,895,43.8,67.9,3,1
16,2688,448,31.3,67.5,2,3
12,1944,371,38.9,67.2,3,3
2,723,789,24.1,74.8,1,0
13,2106,74,30.8,52.4,2,3
0,435,447,36.6,56.7,0,0
3,988,514,22.1,68.6,1,1
12,2136,52,31.6,83.0,3,4
4,932,397,48.6,54.4,2,1
19,2848,354,42.7,61.1,3,3
19,2669,828,40.4,64.8,3,2
16,2313,610,42.3,56.7,3,2
1,693,128,22.0,66.7,1,2
17,2672,537,16.9,75.0,2,3
11,1746,85,27.8,71.1,2,3
6,1236,79,24.4,55.6,1,3
7,1439,734,31.8,63.4,2,1
17,2502,445,19.0,83.0,2,3
9,1272,79,23.3,77.7,2,3
11,1732,60,46.3,59.5,2,3
6,1325,389,16.4,74.6,2,2
17,2738,816,37.5,61.5,3,2
3,747,61,38.6,64.8,2,2
20,3000,488,44.5,60.3,3,3
4,857,46,50.8,49.5,2,3
19,3000,988,40.9,68.7,3,2
0,454,903,40.5,83.0,0,0
5,972,272,35.3,59.3,1,2
20,2928,93,20.5,80.6,3,4
13,2064,62,37.1,62.1,3,3
2,660,870,21.2,52.6,0,0
3,820,44,31.7,74.3,2,2
10,1741,64,34.9,44.6,2,3
4,1140,553,32.2,51.2,1,1
1,597,390,32.7,56.7,1,1
17,2511,666,23.8,55.4,2,3
19,2940,553,30.5,75.0,3,3
14,2252,989,43.2,59.6,3,1
2,563,59,20.5,73.5,1,2
5,949,22,20.1,69.3,1,3
7,1328,421,34.9,44.6,1,2
13,2196,518,35.3,64.5,2,2
15,2523,376,45.4,68.9,3,4
11,1947,506,36.8,57.7,2,2
7,1250,126,31.4,47.9,1,2
5,806,337,31.3,48.0,1,2
10,1810,50,42.3,43.0,2,3
2,805,122,43.0,80.6,2,2
0,200,808,20.6,73.6,0,0
15,2589,1000,29.2,66.1,2,2
8,1547,885,38.7,57.3,2,1
11,1784,367,53.0,73.9,3,2
10,1624,74,24.9,59.6,2,3
1,663,955,43.9,66.4,2,0
11,1947,63,47.0,65.8,3,3
3,500,85,38.9,76.5,2,2
1,303,766,34.8,58.5,1,0
16,2515,870,34.9,51.0,2,2
3,898,598,31.6,52.4,1,1
6,1222,319,17.7,70.3,1,2
14,2216,70,14.1,63.1,2,4
8,1569,125,22.4,72.3,2,3
2,553,542,44.5,52.4,2,1
13,1888,324,27.2,69.8,2,3
18,2696,567,32.0,66.3,3,3
17,2412,38,50.6,70.2,4,4
9,1486,939,53.0,60.7,3,1
0,217,336,29.9,60.2,0,0
1,378,580,36.3,63.6,2,1
14,2281,488,28.8,45.1,1,3
10,1661,605,48.9,71.3,4,2
19,2990,394,17.1,61.9,2,3
12,1979,754,17.5,60.2,1,1
12,2062,565,33.3,81.0,3,2
2,825,546,30.2,61.3,1,1
9,1340,988,17.7,83.0,1,1
17,2460,686,24.3,76.2,3,2
1,713,402,27.7,60.8,1,1
9,1361,66,16.7,64.9,1,3
1,416,625,41.2,52.4,1,1
1,626,606,37.2,59.8,2,1
17,2566,351,48.3,51.4,3,3
5,1148,552,38.9,49.5,1,1
15,2109,1000,20.2,63.5,2,1
16,2220,788,38.9,57.1,3,2
18,2980,122,32.4,62.3,3,4
2,594,44,24.8,49.1,0,2
19,2832,707,53.0,70.5,4,3
14,2208,487,19.9,66.8,2,2
16,2503,31,31.4,66.1,2,4
1,420,70,25.1,52.3,1,2
6,1202,528,15.8,65.1,1,2
18,2837,437,37.6,53.0,3,3
9,1396,436,25.5,69.4,2,2
3,846,103,36.1,48.4,1,2
7,1150,17,29.6,64.1,2,3
1,480,65,24.7,58.7,1,2
0,397,962,39.4,55.5,0,0
9,1790,84,30.0,59.2,2,3
8,1356,149,41.3,62.9,2,3
2,663,771,27.4,70.1,1,0
15,2377,957,13.0,45.8,1,1
16,2600,880,37.7,68.2,3,2
14,2185,75,24.7,52.2,2,4
5,1381,892,33.8,45.0,1,1
20,2909,823,37.5,50.5,3,2
6,1223,788,39.2,47.6,2,1
13,2024,50,19.8,43.0,1,4
9,1599,83,46.1,68.3,3,3
20,3000,33,39.5,69.3,3,4
15,2295,577,31.4,73.7,2,2
17,2725,320,22.5,83.0,3,3
3,768,122,51.9,66.6,3,2
20,3000,86,35.1,66.0,3,4
12,1766,412,50.0,67.3,3,2
12,2037,480,27.9,71.7,2,2
3,955,463,36.1,67.4,2,1
8,1421,394,38.2,77.3,3,2
17,2741,788,20.0,70.5,2,2
5,1364,860,40.6,56.1,2,1
10,1846,511,23.5,64.2,2,2
9,1333,904,39.2,76.6,3,1
19,2799,948,31.6,70.2,3,2
8,1528,420,46.5,66.7,3,2
5,864,784,47.5,53.0,2,0
14,2276,52,39.1,55.7,2,4
1,788,385,17.8,55.5,0,1
9,1841,600,23.3,56.6,1,2
7,1679,366,24.8,80.3,2,2
15,2359,156,27.8,74.9,1,3
3,711,871,28.3,79.6,2,0
2,800,631,26.3,45.5,0,1
15,2380,538,41.8,57.1,3,3
13,2129,79,53.0,47.3,3,4
18,2885,166,34.1,67.3,3,4
20,3000,226,31.6,51.4,2,4
13,2341,54,33.7,48.2,2,4
4,1262,738,36.9,83.0,2,1
19,2852,495,31.5,55.5,2,3
11,1667,69,33.2,79.9,3,3
12,1838,711,36.8,83.0,3,2
6,1304,396,46.7,71.3,3,2
9,1644,104,16.3,56.8,1,3
2,541,77,39.3,61.4,2,2
4,751,452,30.1,59.8,1,1
20,2971,525,46.0,63.2,3,3
11,1656,316,30.4,82.4,2,2
10,1799,277,23.5,80.4,2,3
3,939,120,21.9,75.8,1,2
4,956,877,52.6,75.7,3,0
17,2675,101,13.2,73.7,2,4
2,550,950,31.6,51.1,1,0
0,660,818,29.1,71.2,0,0
12,1922,296,30.1,66.6,2,3
14,2136,70,27.2,71.8,3,4
3,733,92,26.7,64.1,1,2
8,1334,573,38.6,62.6,2,1
18,2503,461,25.4,73.8,2,3
15,2248,59,39.4,66.3,3,4
17,2930,692,41.0,83.0,4,3
16,2492,87,35.5,59.5,2,4
17,2438,784,38.9,64.0,3,2
14,2089,873,27.6,50.9,2,2
16,2475,349,36.0,73.6,3,3
4,841,790,47.7,60.1,2,0
3,682,923,13.2,52.5,0,0
5,1214,108,41.2,72.3,2,3
18,2594,38,26.1,72.9,3,4
15,2172,769,34.3,47.4,2,2
14,2096,505,36.9,57.7,2,2
2,428,410,37.8,51.9,1,1
14,2326,643,53.0,66.8,3,2
9,1577,409,44.2,69.3,3,2
15,2490,311,29.0,52.0,2,3
6,1173,527,24.8,62.2,1,2
1,789,551,44.2,57.0,2,1
17,2569,773,53.0,73.6,4,2
9,1782,560,48.9,67.1,3,2
3,911,882,21.7,46.1,1,0
7,1334,490,27.0,46.1,2,2
1,567,8,39.6,73.5,2,2
20,3000,289,27.1,50.0,2,4
11,1964,87,50.1,50.3,3,3
15,2190,996,32.6,69.9,3,1
2,539,450,44.9,58.4,2,1
16,2515,360,35.5,55.7,3,3
3,787,412,53.0,63.5,3,1
15,2347,116,44.6,65.4,3,4
18,2624,757,27.7,63.6,2,2
17,2512,636,44.3,57.1,3,3
19,2959,836,43.4,77.3,4,2
9,1367,284,38.5,60.5,2,3
15,2133,932,22.9,80.8,2,1
15,2697,427,44.2,57.7,3,3
4,1003,733,31.3,61.1,1,1
15,2455,38,35.7,77.0,3,4
16,2828,566,32.3,50.8,2,3
18,2763,12,29.8,71.7,2,4
17,2338,71,48.3,66.4,3,4
4,964,361,50.8,53.7,2,2
3,693,953,36.4,49.3,1,0
6,1144,51,27.0,53.3,1,3
14,2156,64,41.4,78.2,3,3
19,2702,498,28.6,71.6,3,3
8,1095,987,29.1,52.6,1,0
4,975,903,38.5,70.7,2,1
9,1751,781,27.8,72.5,2,1
10,1345,941,23.8,60.4,1,1
6,1068,590,27.6,62.1,1,1
5,1110,380,23.4,70.2,1,2
14,2202,90,33.1,66.0,2,4
10,1541,771,26.3,43.0,1,2
1,845,270,35.1,48.1,1,1
9,1541,736,40.4,54.9,2,1
7,1278,28,46.2,45.0,2,3
7,1490,715,31.2,61.7,2,1
18,2687,685,23.5,48.7,2,2
20,2781,0,24.5,46.7,2,4
11,1767,23,30.6,64.7,2,3
20,2884,772,34.1,50.4,2,3
18,2301,418,16.9,68.5,2,3
13,1994,273,17.0,73.7,2,3
12,1988,275,38.5,62.6,2,3
19,2765,391,26.7,72.0,3,3
9,1734,421,26.8,72.3,2,2
20,3000,1000,31.2,49.0,2,2
1,499,442,29.6,59.4,1,1
5,1048,614,22.0,54.9,1,1
6,1256,941,35.1,57.9,1,1
11,1717,639,44.5,72.8,3,2
19,2926,80,25.9,49.6,2,4
7,1362,315,29.6,49.6,1,2
2,450,1000,36.1,59.3,1,0
17,2608,566,36.0,44.9,2,3
5,1079,302,36.1,55.9,2,2
12,1978,870,53.0,52.6,3,1
10,1482,387,17.4,65.5,1,2
14,2127,37,47.8,58.7,3,4
13,2083,107,39.7,63.8,3,3
18,2645,46,34.7,77.7,3,4
0,200,568,30.7,54.2,0,0
13,1992,110,33.8,64.5,2,3
12,2052,528,22.0,69.8,2,2
12,1738,513,44.9,52.8,2,2
3,616,444,18.2,64.6,1,1
17,2414,82,32.8,60.0,2,4
17,2556,523,42.4,69.8,4,3
18,2622,440,40.2,80.2,4,3
10,1575,756,22.1,83.0,2,1
2,918,416,33.4,43.6,1,1
14,2191,88,32.5,78.4,3,4
6,1097,915,27.1,63.0,2,0
18,2813,821,29.4,61.1,3,2
9,1617,376,28.0,58.3,1,2
19,2900,805,45.0,65.6,3,2
1,720,62,48.0,68.2,2,2
16,2448,41,46.0,54.8,3,4
18,2715,913,13.0,70.5,2,2
11,1895,512,32.6,65.2,2,2
18,2760,367,38.1,57.6,3,3
9,1414,315,42.1,56.2,2,2
5,1078,403,41.7,56.4,1,2
3,576,106,27.0,46.9,1,2
19,2961,16,53.0,64.9,4,4
20,3000,33,26.6,68.3,2,4
0,404,939,39.8,52.5,0,0
10,1898,44,29.8,64.0,2,3
16,2548,930,25.0,47.2,2,2
15,2356,849,28.5,69.0,3,2
5,990,730,38.3,53.4,2,1
8,1321,770,30.0,62.5,2,1
17,2685,362,36.7,68.3,3,3
11,1669,931,13.0,66.8,1,1
3,812,916,18.4,60.8,1,0
5,1125,965,15.8,54.8,0,0
3,923,606,45.3,59.4,2,1
17,2644,283,27.7,59.1,2,3
14,2253,404,16.8,65.8,2,3
16,2480,693,37.0,75.2,3,2
7,1546,492,39.6,80.9,3,2
12,1997,341,33.5,66.0,2,3
11,1635,0,41.0,66.1,3,3
5,1194,560,36.6,67.7,2,1
17,2672,273,24.3,75.4,3,4
10,1639,98,42.2,83.0,3,3
12,1718,497,48.6,69.4,3,2
3,971,303,27.7,49.2,1,2
0,446,87,13.0,63.1,0,0
3,640,463,34.8,56.4,1,1
15,2359,813,22.1,62.8,2,2
9,1203,988,39.9,62.7,2,1
8,1766,479,39.8,61.8,2,2
11,2014,340,30.0,67.6,2,3
10,1539,147,43.8,61.8,2,3
9,1655,341,53.0,66.3,3,2
18,2745,603,22.8,83.0,3,3
8,1182,515,34.1,74.7,2,1
17,2787,404,35.9,61.6,3,3
9,1493,406,42.1,70.7,3,2
5,995,143,45.8,60.4,2,2
14,2162,443,39.4,61.1,3,3
7,1481,45,34.9,65.9,2,3
10,1718,88,32.7,59.2,2,3
5,1147,575,31.7,51.8,1,1
1,542,855,22.4,56.2,1,0
12,1868,263,35.3,71.1,3,3
19,2617,984,22.1,52.9,1,2
20,2745,369,32.0,61.7,3,4
5,1280,96,53.0,83.0,3,3
9,1718,565,22.2,70.8,2,2
16,2469,546,28.8,80.7,3,3
5,825,22,24.6,72.3,1,3
17,2475,458,36.8,75.4,3,3
20,3000,964,40.8,79.0,4,2
7,1154,43,46.8,50.7,2,3
13,2035,851,37.4,49.9,2,2
7,1285,384,39.4,63.6,2,2
20,2945,851,48.9,62.3,3,2
2,543,809,33.3,61.4,1,0
11,1775,14,36.1,56.5,2,3
20,3000,451,35.5,59.2,3,3
15,2181,263,19.6,69.7,2,3
18,2635,317,51.0,67.4,4,3
3,579,401,40.6,64.3,2,1
14,2320,868,38.9,72.2,3,2
18,2764,100,14.5,66.4,2,4
4,798,915,53.0,58.7,2,0
12,1813,109,53.0,70.1,3,3
7,1300,753,42.2,83.0,3,1
14,1986,957,27.7,69.3,2,1
1,586,984,51.8,61.7,2,0
8,1402,665,29.1,62.3,2,1
20,3000,482,29.3,62.3,3,3
3,614,703,21.4,52.8,1,1
10,1716,98,38.8,83.0,3,3
20,2802,309,39.5,56.3,3,4
14,1991,32,36.8,74.9,3,4
0,281,17,18.1,60.4,0,0
19,3000,100,27.5,69.1,3,4
7,1275,932,32.5,66.4,2,1
7,1491,839,50.3,51.0,2,1
10,2029,767,49.1,69.2,3,2
4,1068,113,35.0,65.5,2,2
17,2617,131,28.7,47.6,2,4
0,412,53,34.2,66.5,0,0
2,438,507,40.2,63.4,2,1
3,850,655,46.0,55.6,2,1
1,638,107,31.1,48.2,1,2
15,2207,699,37.4,78.5,3,2
18,2627,317,23.2,56.2,2,3
10,1848,513,43.3,69.0,3,2
12,2082,765,24.9,56.8,2,2
20,2886,904,23.9,59.9,3,2
17,2777,429,23.9,56.7,2,3
6,1130,46,29.2,64.1,1,3
13,1989,834,21.6,83.0,2,1
7,1412,802,47.9,59.2,2,1
13,2036,774,22.7,73.3,2,2
15,2504,792,25.1,43.0,2,2
8,1266,40,37.3,69.9,2,3
6,1087,806,30.3,47.6,0,1
0,631,146,25.3,62.9,0,0
17,2717,635,32.8,57.9,3,3
20,3000,787,13.0,65.9,2,2
2,728,456,22.0,43.3,0,1
7,1389,77,25.8,73.3,2,3
14,2131,36,27.0,57.7,2,4
0,326,580,53.0,52.8,0,0
20,2791,475,36.1,69.8,3,3
5,1012,806,30.6,65.6,1,1
1,665,60,39.8,74.0,2,2
2,339,9,40.9,71.6,2,2
4,1013,994,44.7,77.0,3,0
6,1059,72,21.5,78.2,2,3
13,2033,0,19.8,69.3,2,4
13,2149,21,38.2,53.1,2,4
19,2850,300,39.7,51.1,3,4
2,634,14,36.8,63.6,1,2
14,1975,251,39.1,69.5,3,3
20,2959,459,37.4,52.7,3,3
4,1004,4,47.4,52.9,2,3
18,2958,805,31.6,51.5,2,2
0,460,345,13.2,54.6,0,0
4,1119,597,29.2,62.5,1,1
17,2543,882,30.2,50.8,1,2
1,227,117,24.4,63.3,1,2
12,1850,505,23.5,64.3,2,2
15,2201,103,38.6,61.1,3,4
11,1568,782,13.0,75.7,2,1
7,1301,360,48.0,47.2,2,2
0,200,58,40.7,58.8,0,0
3,890,501,30.6,72.3,2,1
3,853,87,22.1,70.2,1,2
16,2454,829,38.0,43.0,2,2
6,1217,832,20.6,61.8,1,1
15,2277,79,28.0,59.6,2,4
9,1498,718,53.0,65.7,3,1
12,1822,171,31.4,61.7,2,3
10,1435,1000,34.0,50.6,1,1
11,2009,885,26.7,69.3,2,1
19,2846,49,29.3,82.8,3,4
11,1815,886,40.0,73.3,3,1
6,1399,920,38.5,49.3,2,0
17,2522,359,24.9,54.6,2,3
13,2032,414,36.9,72.1,3,3
2,745,1000,32.1,61.3,1,0
7,1413,729,21.3,78.5,2,1
17,2730,72,39.5,57.6,3,4
7,1113,921,30.3,47.3,1,0
20,2932,405,45.2,57.3,3,3
12,1943,812,13.4,57.6,1,1
8,1531,235,24.9,65.2,2,2
7,1271,105,38.0,61.9,2,3
18,2672,36,19.6,80.9,3,4
1,520,0,31.0,58.1,1,2
10,1755,737,36.1,57.1,2,2
15,2186,461,40.8,75.5,3,3
3,1121,125,30.7,46.6,1,2
2,621,66,23.6,83.0,1,2
5,1012,25,42.7,74.1,3,3
4,994,863,33.5,74.2,2,0
14,2236,823,39.4,64.3,3,2
7,1075,506,42.2,71.3,3,1
10,1503,505,40.1,66.7,2,2
16,2488,829,26.8,65.6,2,2
20,3000,74,34.3,69.3,3,4
16,2552,682,30.4,44.8,1,2
11,2065,923,35.1,59.0,2,1
1,618,589,36.4,69.6,2,1
8,1393,838,13.0,63.7,1,1
7,1443,440,38.1,58.3,2,2
14,2068,437,36.2,75.6,3,2
4,979,233,13.8,76.1,1,2
13,2305,1000,47.7,74.8,4,1
8,1387,630,20.0,68.5,2,1
14,2423,160,24.8,65.8,2,4
19,2983,899,35.9,50.4,2,2
2,864,818,38.8,53.6,1,0
11,2157,82,25.5,59.4,2,3
5,1270,742,40.5,50.4,2,1
11,1934,652,25.9,75.4,2,2
7,1387,143,35.1,61.2,2,3
9,1544,50,13.0,66.3,1,3
1,337,393,18.6,67.2,1,1
5,1044,168,22.6,61.1,1,2
16,2310,803,32.7,73.3,3,2
12,1854,908,20.7,68.1,2,1
3,759,741,22.6,55.7,1,1
7,1581,341,30.5,52.0,1,2
20,3000,77,28.2,55.4,2,4
18,2608,930,34.7,50.4,2,2
14,2133,1000,44.8,73.1,3,1
3,910,926,35.7,53.2,1,0
10,1828,400,31.3,75.3,2,2
20,2906,959,23.6,47.3,2,2
4,915,352,19.9,57.1,1,2
7,1019,592,37.5,43.1,1,1
17,2514,234,34.3,52.0,2,3
3,589,1000,22.0,45.9,0,0
20,2968,693,26.6,83.0,3,3
8,1450,85,26.1,61.3,2,3
5,1102,47,32.0,64.1,1,2
20,2892,423,34.1,73.6,3,3
17,2809,934,13.0,72.9,2,2
15,2415,506,30.4,52.1,2,3
16,2221,550,34.3,43.0,2,3
7,1735,541,13.0,62.7,1,2
6,1152,409,16.5,61.8,1,2
20,3000,379,30.1,48.0,2,4
17,2522,891,33.1,66.5,3,2
2,370,916,53.0,66.3,3,0
16,2445,1000,29.3,63.0,2,2
7,1318,71,38.6,79.0,2,3
14,2295,392,34.4,56.0,2,3
18,2980,860,27.3,57.8,2,2
17,2418,939,33.0,68.0,3,2
9,1560,699,42.3,60.1,2,1
13,2020,380,36.1,62.3,3,3
0,321,464,43.1,53.5,0,0
10,1773,91,31.1,56.3,2,3
9,1529,117,13.1,69.4,1,3
7,1506,1000,31.6,63.8,2,0
11,1553,559,47.8,73.6,4,2
8,1498,463,28.1,63.1,1,2
15,2367,1000,30.6,60.1,2,1
10,1743,723,25.4,68.9,2,2
8,1289,956,24.3,52.3,1,1
11,2082,57,19.5,68.2,2,3
5,931,804,15.7,64.9,1,0
11,1971,556,29.8,62.2,2,2
3,854,409,25.0,47.8,1,1
11,1707,522,36.9,72.8,3,2
17,2632,936,13.0,62.1,2,2
18,2791,66,24.2,72.2,3,4
16,2364,21,29.2,55.7,2,4
0,519,982,53.0,50.9,0,0
4,881,49,34.9,65.2,2,2
5,1197,843,13.0,54.0,0,1
19,2827,1000,32.6,52.7,3,2
16,2398,5,28.1,81.7,3,4
8,1445,92,32.9,73.5,2,3
2,579,73,29.1,66.5,1,1
0,200,558,37.2,59.9,0,0
5,907,873,13.0,63.2,1,0
16,2503,482,29.4,76.1,3,3
16,2472,109,23.6,61.3,2,4
4,972,457,24.5,60.7,1,1
19,2959,910,34.3,75.4,3,2
10,1532,472,13.0,83.0,2,2
12,1854,434,28.0,76.7,2,2
8,1645,313,35.9,49.2,1,2
15,2274,714,31.9,68.4,3,2
6,1456,51,44.5,58.9,2,3
15,2378,312,36.9,43.0,2,3
8,1597,0,25.2,69.6,2,3
5,832,840,26.4,49.8,1,1
15,2329,851,30.1,63.6,2,2
19,2971,856,43.9,57.8,3,2
10,1813,554,13.3,63.4,1,2
8,1014,136,28.8,53.4,1,2
3,770,31,37.1,60.5,2,2
0,450,364,53.0,72.1,0,0
3,660,948,30.9,75.6,2,0
6,1293,338,23.4,70.3,2,2
6,1020,773,43.4,54.5,2,1
15,2341,869,13.0,78.9,2,2
10,1809,657,27.7,76.0,2,2
9,1340,389,53.0,77.9,3,2
3,940,35,31.0,67.3,2,2
1,762,884,21.5,64.2,1,0
8,1644,77,33.1,76.9,3,3
1,286,384,28.1,56.5,1,1
1,462,35,36.4,56.6,2,2
15,2264,341,38.5,62.4,3,3
20,3000,673,53.0,81.4,4,3
14,2177,170,50.4,67.8,3,3
8,1490,511,21.4,72.7,2,2
19,2990,769,33.0,50.0,2,3
9,1301,393,22.9,63.1,2,2
14,2343,676,13.0,47.1,1,2
0,595,58,38.3,71.0,0,0
15,2476,869,24.6,57.3,2,2
14,2250,529,33.5,74.3,3,2
11,1770,273,32.5,77.6,2,3
14,2236,433,25.5,69.1,2,3
19,2860,32,26.7,72.9,3,4
14,2087,443,37.1,71.1,3,3
0,275,749,38.2,72.8,0,0
17,2598,843,20.1,49.4,1,2
16,2451,416,48.1,62.2,3,3
2,738,881,32.3,73.5,2,0
5,1108,26,50.1,54.9,2,3
2,807,271,41.8,49.7,1,2
17,2712,56,47.0,52.4,3,4
4,897,854,24.0,54.6,1,1
11,1813,1000,31.6,66.5,2,1
13,2308,123,13.0,43.0,1,3
2,614,319,29.8,71.8,2,1
10,1653,886,46.6,76.5,3,1
11,1798,99,41.7,67.4,3,3
18,2614,993,39.9,55.1,3,3
9,1669,841,42.6,62.3,2,1
3,981,286,21.4,52.7,1,2
4,853,831,18.0,70.8,1,0
13,1832,287,50.7,45.2,3,3
1,693,848,40.1,73.6,2,0
17,2605,453,34.1,74.3,3,3
7,1377,808,50.8,63.7,3,1
12,1665,79,29.9,72.8,2,3
13,1930,891,18.0,62.0,1,1
3,885,473,27.6,67.2,1,1
10,1631,36,25.1,55.2,1,3
6,1225,820,35.0,72.2,2,1
0,358,680,20.9,57.2,0,0
7,1332,595,43.1,58.3,2,1
5,1102,225,19.9,67.6,1,2
7,1278,702,32.7,57.7,2,1
10,1634,986,53.0,59.0,3,1
11,1756,83,47.4,77.9,3,3
16,2394,653,41.3,60.9,3,2
14,2201,314,29.0,47.9,2,3
8,1702,909,45.0,76.0,3,1
13,2206,432,35.0,43.0,2,3
16,2187,354,24.8,66.3,2,3
15,2315,923,21.6,58.9,2,1
7,1362,87,13.0,62.8,1,2
3,671,7,30.2,66.9,1,2
18,2783,452,26.3,64.3,2,3
1,717,912,26.1,60.3,1,0
18,2943,759,25.4,55.7,2,2
12,1757,844,30.6,71.4,2,1
13,2020,295,33.6,65.0,2,3
19,2948,957,29.5,79.9,3,2
2,638,856,37.7,46.2,1,0
0,518,563,28.4,72.3,0,0
3,879,489,32.5,59.4,2,1
12,1947,824,39.5,74.7,3,1
20,2851,54,50.4,50.1,3,4
8,1279,858,26.2,77.2,2,1
8,1332,840,40.5,49.8,2,1
1,426,45,31.7,72.8,1,2
1,746,305,17.9,79.7,1,1
7,1320,926,33.6,52.0,1,1
5,1194,462,25.5,54.9,1,2
0,608,75,40.0,61.3,0,0
0,403,96,41.6,77.6,0,0
6,1465,329,18.1,72.6,1,2
8,1704,562,38.2,69.6,3,2
16,2107,48,34.2,83.0,3,4
6,1209,343,30.6,69.4,1,2
14,2067,828,31.1,52.2,2,2
9,1732,97,28.0,65.6,2,3
4,899,708,16.1,44.4,0,1
1,343,857,31.3,61.6,1,0
14,2114,87,29.1,64.6,2,3
16,2411,96,24.2,43.8,1,4
6,1291,773,29.3,72.5,2,1
15,2350,920,40.9,52.5,2,2
9,1722,390,28.8,61.3,2,2
8,1520,71,25.2,66.0,2,3
2,793,879,14.0,64.3,0,0
13,2145,88,44.5,48.6,2,3
9,1343,743,26.7,73.0,2,1
8,1479,97,34.4,64.9,2,3
11,1725,432,36.7,63.6,2,2
10,1824,619,40.2,54.4,2,2
3,681,892,38.0,73.1,2,0
18,2829,692,38.0,67.5,3,3
14,2030,41,28.3,62.9,2,4
3,911,75,27.5,67.7,1,2
6,1007,806,37.4,72.3,2,1
3,781,392,39.4,52.8,2,2
2,806,457,28.0,73.8,1,1
18,2857,714,24.5,77.1,3,2
3,796,508,18.6,82.4,2,1
13,2174,33,49.2,68.7,3,4
20,3000,31,52.3,48.1,3,4
4,868,54,18.8,68.0,1,2
17,2608,23,37.3,55.9,2,4
14,2093,434,37.4,46.7,2,3
11,1504,423,24.2,65.8,2,2
13,2172,862,45.9,60.3,3,2
10,1467,1000,53.0,60.2,3,1
9,1798,92,43.4,43.0,2,3
15,2343,74,25.0,54.0,2,4
5,980,347,52.5,62.6,3,2
14,2218,816,35.1,55.0,2,2
14,2103,402,53.0,70.2,4,3
17,2611,865,34.0,49.7,2,2
4,997,395,53.0,63.3,2,1
11,2029,64,36.3,55.1,2,3
0,321,0,50.7,71.7,0,0
20,2905,676,46.7,72.6,4,3
15,2322,322,40.6,75.3,3,3
14,2176,754,36.4,48.5,2,2
16,2553,875,27.6,68.8,2,2
15,2113,16,32.1,47.4,2,4
1,413,819,42.6,63.8,2,0
14,2485,103,33.7,68.3,3,4
16,2381,403,36.5,62.7,3,3
12,1995,0,22.8,52.4,1,4
10,1799,45,21.8,56.1,1,3
11,1570,92,20.2,58.0,1,3
9,1342,287,44.4,72.4,3,2
2,677,26,42.1,63.3,2,2
18,3000,365,47.6,59.3,4,3
16,2419,851,38.5,69.8,3,2
7,1255,329,24.1,64.8,1,2
13,1842,691,37.3,67.2,3,2
14,2178,71,32.4,53.0,2,4
19,3000,403,30.0,55.9,2,3
3,751,106,22.0,63.7,1,2
18,2735,451,32.4,55.1,3,3
11,1833,133,42.4,72.1,3,3
9,1499,426,49.7,57.9,2,2
18,2779,759,24.0,83.0,3,2
19,2673,113,45.4,58.6,3,4
11,1910,646,33.9,79.8,3,2
2,682,79,32.6,69.0,1,2
3,822,431,30.6,63.1,1,1
9,1554,477,39.6,57.6,2,2
15,2470,0,39.6,70.5,3,4
10,1675,912,30.4,54.4,2,1
16,2270,60,33.1,51.2,2,4
2,564,279,40.8,66.3,2,2
7,1698,848,53.0,69.3,3,1
17,2765,35,22.3,65.5,2,4
3,935,911,38.1,51.6,1,0
0,530,106,24.2,71.3,0,0
14,2048,4,27.9,63.3,2,4
12,2039,600,27.0,58.6,2,2
16,2407,335,34.9,56.6,2,3
5,835,909,31.9,70.6,2,0
13,1822,542,44.2,64.9,3,2
15,2441,190,48.5,65.9,3,3
0,439,486,48.2,59.3,0,0
18,2795,154,15.6,58.7,2,4
11,1645,536,36.8,43.0,1,2
10,1852,936,39.1,69.1,3,1
12,2024,646,21.8,65.4,2,2
2,781,802,32.1,50.1,1,0
14,2483,690,42.2,66.5,3,2
10,1734,995,34.1,66.9,2,1
17,2465,81,45.8,62.1,3,4
6,1204,792,27.7,67.3,1,1
17,2386,800,31.4,83.0,3,2
13,2248,516,29.3,50.8,2,2
12,2000,41,36.3,58.2,2,3
20,2945,435,27.5,62.0,3,3
19,2545,8,53.0,75.9,4,4
18,2874,392,33.8,68.0,3,3
8,1468,482,38.7,54.5,2,2
2,591,16,21.0,57.0,1,2
19,2799,144,23.6,61.3,2,4
12,1936,535,30.7,69.3,2,2
2,615,848,38.6,50.0,1,0
4,1037,509,29.7,63.6,2,1
18,2651,52,53.0,68.0,4,4
8,1740,822,35.9,60.8,2,1
19,3000,537,37.7,58.9,3,3
18,2583,328,25.9,73.0,3,3
10,1439,471,20.1,67.9,1,2
9,1822,909,40.9,66.1,2,1
16,2352,141,27.1,63.2,2,4
10,1664,442,13.0,64.7,1,2
10,1688,108,23.8,56.4,2,3
17,2851,111,46.4,69.9,4,4
18,2840,519,13.0,60.2,2,3
18,2672,528,39.4,72.1,3,3
11,1946,172,28.9,58.1,2,3
15,2344,813,28.8,59.3,2,2
17,2621,855,53.0,69.4,4,2
18,2718,442,18.1,70.6,2,3
14,2153,936,32.9,61.4,3,1
12,1808,917,30.7,70.1,2,1
17,2735,463,38.7,52.1,3,3
17,2694,354,40.5,67.4,3,3
6,1135,103,26.0,65.6,1,3
7,1334,280,38.3,77.1,2,2
2,337,762,17.4,67.3,1,0
4,1083,167,22.0,75.3,2,2
15,2204,374,37.2,57.9,2,3
9,1573,351,43.1,81.9,3,2
14,2076,62,53.0,63.4,3,3
6,1258,55,27.7,62.8,1,3
20,3000,896,39.4,54.6,3,2
5,1201,11,46.2,80.5,3,3
16,2325,96,47.5,63.2,3,4
17,2476,879,29.8,51.0,2,2
12,1746,327,41.3,66.5,2,3
11,1687,978,23.7,57.9,2,1
19,3000,881,33.3,62.5,3,2
18,2651,181,18.7,57.8,2,4
1,234,371,43.7,60.5,2,1
13,2100,586,24.1,64.6,2,2
5,953,88,36.4,69.2,2,2
3,485,832,28.1,66.0,1,0
10,1656,850,49.3,72.6,3,1
1,466,276,35.3,62.0,1,0
1,641,817,44.9,60.9,2,0
4,866,583,13.5,71.9,1,1
8,1645,700,39.0,77.0,3,1
18,2684,232,51.2,50.0,3,4
2,654,99,36.8,69.4,2,2
4,519,70,43.6,69.2,2,2
11,1719,416,38.4,43.0,2,2
12,2085,71,37.2,56.0,2,4
9,1592,789,17.9,52.0,1,1
1,679,798,33.2,75.0,2,0
2,949,583,47.0,59.7,2,1
12,2159,717,36.5,54.6,2,2
13,1974,849,43.3,66.2,3,1
2,712,980,16.3,66.2,1,0
18,2760,588,22.8,69.0,2,3
7,1203,256,13.0,51.8,0,2
0,357,89,24.8,63.6,0,0
15,2228,1000,25.0,59.0,2,1
20,3000,533,41.7,52.3,3,3
20,3000,369,42.7,59.8,3,4
14,2157,916,33.1,49.4,2,1
11,1645,134,33.1,57.6,2,3
9,1716,476,48.8,55.4,2,2
11,1830,370,35.9,64.1,2,3
11,2082,815,44.6,73.7,3,2
18,2549,282,43.2,56.0,3,3
15,2244,530,22.9,48.2,1,3
14,2332,310,46.2,81.5,3,3
13,1852,698,28.9,75.3,2,2
16,2661,653,34.9,47.3,2,2
18,2601,96,50.2,59.1,3,4
16,2409,759,22.0,66.9,2,2
7,1432,78,37.7,80.1,3,3
3,636,766,50.6,66.1,2,1
2,561,72,34.2,54.0,1,2
11,1631,141,40.5,58.1,2,3
14,2468,450,19.0,60.6,2,3
20,2956,798,13.0,59.4,1,2
19,2630,44,53.0,70.5,4,4
13,2123,487,27.9,58.8,2,2
1,478,371,33.4,62.8,1,1
1,545,149,50.1,44.0,2,2
12,1930,54,28.1,61.3,2,4
8,1407,908,28.0,66.2,2,1
11,1809,394,38.2,83.0,4,2
9,1626,930,53.0,72.8,3,1
3,803,685,44.9,61.2,2,1
15,2196,854,32.6,62.5,2,2
0,200,367,47.1,43.3,0,0
8,1323,407,30.8,57.3,2,2
18,2759,699,13.0,60.7,1,3
17,2660,233,33.2,62.2,3,4
14,2012,668,46.5,62.6,3,2
14,2116,762,34.4,62.2,2,2
18,2657,899,39.0,56.1,3,2
6,1299,116,28.8,78.1,2,3
14,2256,773,21.4,63.1,2,2
2,598,968,38.0,68.6,2,0
19,2924,541,35.0,66.6,3,3
13,2127,578,25.8,72.1,2,1
6,1127,142,20.9,70.9,2,2
0,574,518,42.3,55.5,0,0
18,2459,403,32.8,53.9,3,3
17,2633,668,32.9,66.0,3,3
1,630,303,30.5,43.0,0,1
11,1953,41,29.7,54.9,2,4
17,2760,54,31.5,51.0,2,4
17,2654,69,47.0,54.5,3,4
7,1181,542,26.6,59.8,1,2
16,2621,1000,52.1,72.6,4,1
11,1564,79,32.4,56.0,2,3
17,2540,994,37.9,45.3,2,2
10,1638,794,39.6,43.0,2,1
1,600,428,18.3,51.1,0,1
3,736,494,26.3,61.5,1,1
20,3000,54,35.2,83.0,3,4
17,2767,89,44.8,83.0,4,4
2,649,451,28.2,56.0,1,1
9,1600,442,35.2,70.6,2,2
5,732,151,24.8,67.1,1,2
9,1712,984,43.4,55.0,2,1
6,1016,56,26.5,50.4,1,3
13,1928,828,36.5,60.5,2,1
9,1398,425,48.8,66.0,3,2
10,1531,505,33.4,57.7,2,2
4,875,483,13.0,56.1,0,1
10,1690,50,35.5,64.9,2,3
11,1953,689,23.4,77.6,2,2
10,1390,113,47.9,61.7,3,3
12,1590,550,14.9,71.3,2,2
7,1501,544,24.0,70.8,1,2
12,1422,856,23.3,64.0,2,1
14,2426,815,26.0,58.5,2,2
1,405,935,17.8,59.4,0,0
8,1667,890,28.0,58.0,1,1
1,461,99,18.2,51.4,0,2
15,2296,83,53.0,66.0,3,4
2,866,274,35.6,63.3,2,2
14,2412,107,24.7,48.5,1,3
17,2785,908,25.3,54.6,2,2
18,2706,136,29.8,43.0,2,4
5,1215,297,26.8,62.1,1,2
0,333,426,27.0,67.5,0,0
3,807,572,40.5,62.5,2,1
11,1769,412,30.5,65.2,2,2
6,1293,973,50.0,51.7,3,1
17,2785,367,39.6,66.8,3,3
13,1977,28,21.8,59.3,2,3
0,319,685,34.7,74.0,0,0
16,2300,410,20.0,55.8,2,3
10,1892,609,53.0,58.9,3,2
10,1354,908,34.4,57.2,2,1
2,504,421,22.5,65.0,1,1
12,1848,903,33.0,69.8,2,1
18,2681,853,40.0,50.6,3,2
2,656,21,35.0,62.9,1,2
16,2119,1000,32.9,53.7,2,1
7,1487,42,24.1,49.7,1,3
16,2332,771,25.7,66.7,2,2
11,1895,329,31.6,58.3,2,2
1,440,397,26.5,60.8,1,1
12,2016,679,42.5,62.6,3,2
10,1965,35,15.7,63.9,1,3
9,1568,444,29.1,64.0,2,2
8,1510,835,20.1,56.4,1,1
0,657,83,41.9,67.6,0,0
16,2473,109,42.1,57.1,3,4
9,1897,969,28.6,63.1,2,1
2,614,121,32.9,52.3,1,2
16,2465,852,38.5,60.4,3,2
0,714,434,53.0,64.6,0,0
4,1027,17,28.3,51.9,1,3
1,594,101,26.1,62.5,1,2
20,2897,689,46.5,64.5,4,3
20,3000,69,21.4,58.2,2,4
13,2052,458,48.3,57.6,3,3
3,762,62,23.7,64.3,1,2
3,636,71,48.9,61.8,2,2
3,944,52,29.0,51.3,1,2
10,1719,517,38.1,81.2,3,2
20,2914,931,30.1,63.5,3,2
5,1140,436,33.1,64.7,2,2
16,2576,65,37.9,63.5,3,4
8,1371,124,28.4,72.2,2,3
16,2450,443,37.1,68.8,3,3
16,2619,435,31.1,48.6,2,3
14,2252,103,47.0,67.1,3,4
12,1867,76,36.8,68.9,3,3
17,2693,192,28.6,66.8,3,4
12,1798,541,41.9,58.6,2,2
8,1703,718,35.6,52.0,2,1
14,2125,877,26.9,48.4,1,2
3,736,476,53.0,55.8,2,1
15,2089,375,24.3,70.9,2,3
10,1718,730,38.6,83.0,3,1
16,2568,472,25.7,74.5,3,3
20,2889,71,27.3,52.9,2,4
9,1555,867,44.7,63.9,3,1
14,2159,274,16.4,74.4,2,3
1,644,161,24.6,65.9,1,2
16,2428,982,13.0,66.2,1,2
17,2691,544,43.0,55.1,3,3
17,2373,349,25.1,71.4,2,3
7,1131,760,37.3,74.9,3,1
4,1164,1000,39.0,52.7,1,0
14,2050,190,45.7,69.3,3,3
4,1060,148,38.3,68.3,2,2
13,2171,56,33.9,57.8,2,3
3,911,164,49.8,58.4,2,2
12,1929,328,30.1,75.3,2,3
1,544,393,50.0,71.3,2,1
2,638,24,31.7,75.6,1,2
7,1448,912,35.7,70.3,2,1
20,3000,387,33.2,43.0,2,4
1,694,442,26.6,50.7,1,1
0,359,563,37.9,47.8,0,0
4,782,226,36.9,55.5,1,1
10,1672,964,26.6,69.5,2,1
6,1158,272,19.3,83.0,2,2
17,2695,916,30.8,83.0,3,2
15,2553,21,32.0,65.1,3,4
0,450,723,30.7,83.0,0,0
3,677,331,48.6,69.2,2,2
2,668,794,33.2,62.0,1,0
2,638,784,50.9,72.6,2,0
19,2913,43,29.8,75.6,3,4
7,1367,748,53.0,60.2,3,1
2,645,813,43.7,52.7,1,0
1,803,681,30.5,66.0,1,1
9,1682,517,30.2,68.9,2,2
20,2592,730,13.0,59.3,2,2
11,1777,442,47.5,58.6,3,2
19,2947,522,35.5,73.1,3,3
15,2239,981,13.0,51.3,1,1
13,2146,830,28.1,73.4,2,2
14,2204,863,20.2,62.1,2,2
6,1062,50,30.7,75.3,2,3
4,796,917,48.2,43.0,1,0
5,968,603,25.4,54.6,1,1
17,2581,74,38.7,83.0,3,4
1,478,396,25.0,76.9,1,1
4,789,350,28.3,43.0,1,2
5,1132,139,36.4,62.1,2,3
20,2712,551,34.7,77.4,3,3
13,1883,6,41.9,65.2,3,3
2,722,527,37.8,71.0,2,1
10,1457,404,28.6,47.0,1,2
20,2864,858,13.0,73.9,2,2
16,2425,343,33.2,67.0,2,3
18,2877,744,36.8,51.9,3,2
13,1949,588,48.6,67.8,3,2
7,1342,564,31.4,67.3,2,1
10,1682,515,35.7,76.9,3,2
1,636,758,13.0,72.8,0,0
6,1124,501,34.3,62.5,2,1
15,2355,918,29.4,66.6,2,2
14,2017,583,29.3,67.9,2,2
8,1790,414,18.6,53.2,1,2
9,1561,290,21.4,69.2,1,2
2,793,367,24.6,64.5,1,2
19,2947,565,22.9,48.6,2,3
0,656,393,33.5,60.9,0,0
10,1791,875,35.1,67.8,2,1
5,1035,404,13.1,57.5,1,2
2,438,143,20.7,51.7,0,2
13,2165,1000,26.1,57.5,2,1
14,2227,58,38.2,70.8,3,4
9,1618,456,25.1,72.6,2,2
9,1814,103,22.4,70.4,2,3
17,2541,537,37.2,43.0,2,3
8,1231,32,40.2,58.2,2,3
19,2869,666,45.9,61.6,3,3
0,365,821,53.0,69.9,0,0
19,2879,610,24.4,78.0,3,3
10,1992,999,31.4,62.3,2,1
2,817,594,43.6,51.5,2,1
13,2164,836,27.7,67.3,2,1
13,1978,900,34.4,63.3,2,1
11,1906,277,44.7,67.8,3,3
3,701,670,40.1,47.8,1,1
5,873,801,44.2,63.8,2,0
6,1078,850,24.7,49.5,1,1
19,3000,166,31.1,54.2,2,4
10,1999,764,34.9,60.3,2,2
16,2368,87,40.0,73.5,3,4
18,2632,464,51.9,54.6,4,3
15,2466,493,39.4,65.6,3,3
15,2275,933,27.2,59.7,2,1
10,1714,346,35.9,65.4,2,3
6,1300,1000,13.1,56.5,2,0
7,1473,85,38.1,82.6,3,3
0,454,929,20.7,61.3,0,0
18,2545,56,19.4,58.2,2,4
9,1647,80,37.4,54.3,2,3
12,1841,52,42.2,48.4,2,3
16,2376,726,25.6,53.3,2,2
9,1432,251,42.2,66.2,2,3
16,2398,554,29.3,73.9,3,3
9,1708,907,29.9,72.5,2,1
3,773,459,36.4,65.2,2,1
18,2703,346,31.5,56.4,2,3
11,1879,341,13.0,58.6,1,3
8,1631,89,34.2,76.0,2,3
1,505,559,48.3,62.4,2,1
4,743,66,31.7,43.0,1,2
17,2806,360,38.8,80.4,3,3
2,943,1000,38.3,75.6,2,0
11,1609,273,52.2,60.9,3,3
9,1627,294,44.1,63.6,3,3
19,3000,534,27.0,57.0,2,3
19,2784,487,32.4,47.6,2,3
19,2756,420,39.0,66.7,3,3
18,2441,867,19.4,75.1,2,2
9,1717,770,21.3,52.3,1,1
11,2020,416,25.0,82.1,2,2
18,2620,842,20.7,64.2,2,2
5,1117,862,45.4,54.0,2,1
9,1799,7,42.7,76.4,3,3
17,2539,785,16.0,83.0,3,2
19,2832,325,51.6,71.1,4,4
19,2912,287,47.6,54.8,3,4
9,1168,645,48.3,67.8,3,1
9,1603,835,42.9,44.5,2,1
17,2509,410,39.2,61.4,3,3
14,2107,802,31.1,70.9,3,2
14,1905,860,15.2,65.7,2,2
3,659,59,32.7,67.3,2,2
3,680,451,24.3,50.1,1,1
1,638,883,33.1,59.5,1,0
9,1509,915,16.4,58.1,1,1
0,200,770,19.2,57.1,0,0
0,272,48,30.1,57.1,0,0
12,1849,771,33.8,58.0,2,1
17,2521,872,35.9,56.6,2,2
4,1030,979,18.1,59.9,1,0
1,590,920,24.1,78.1,2,0
4,888,608,27.8,43.0,1,1
0,802,984,47.1,67.1,0,0
16,2372,47,19.8,67.8,2,4
18,2765,801,47.7,60.1,4,2
12,2069,86,28.1,50.7,1,3
5,1244,602,22.5,66.2,1,1
4,938,35,32.9,63.5,2,2
12,1673,553,31.0,60.0,2,2
3,805,453,21.6,61.6,1,1
3,618,714,36.7,72.3,2,1
13,2147,915,36.7,62.8,3,1
3,793,619,51.1,55.2,2,1
12,1838,88,26.1,73.5,2,3
5,1158,87,25.2,49.2,1,2
16,2313,466,31.6,75.5,3,3
11,1924,117,53.0,64.2,3,3
5,1027,834,30.9,60.5,1,1
11,1556,824,39.6,74.9,3,1
2,494,427,32.7,64.4,1,1
2,830,822,23.5,74.0,1,0
11,1897,0,35.7,61.5,2,3
6,1009,300,40.1,62.5,2,2
13,2038,526,13.0,58.6,1,2
15,2326,721,28.4,43.0,1,2
8,1563,66,19.2,63.4,1,3
4,906,342,25.8,69.3,1,2
9,1441,342,53.0,50.4,2,2
7,1334,81,30.4,65.5,2,3
14,2328,110,20.5,74.0,2,4
0,209,466,45.9,66.1,0,0
13,2048,418,27.8,43.0,1,3
18,2812,723,30.6,70.5,3,2
8,1412,400,30.2,67.2,2,2
1,230,1000,31.8,61.7,1,0
5,987,74,40.5,57.6,2,3
14,2197,441,26.7,64.3,2,3
16,2491,913,30.5,65.3,2,2
8,1553,475,44.3,73.2,3,2
7,1484,70,39.2,56.2,2,3
16,2457,949,35.7,53.7,3,2
16,2549,391,45.0,62.3,3,3
18,2932,469,13.0,72.4,2,3
3,415,254,34.5,56.9,1,2
8,1453,892,41.4,70.6,2,1
7,1103,816,27.7,65.6,1,1
14,2252,65,31.2,67.9,2,4
17,2649,552,18.7,71.0,2,3
20,2816,269,40.4,75.1,3,4
19,2837,720,33.8,59.8,3,3
7,1306,134,30.7,63.9,2,3
9,1702,514,34.4,65.7,2,2
18,2742,360,39.1,49.1,3,3
15,2664,595,37.8,72.1,3,3
20,3000,47,31.1,63.8,3,4
3,599,494,52.4,69.8,2,1
2,626,930,35.5,49.0,1,0
4,857,117,19.9,59.6,1,2
20,2744,692,22.7,56.2,2,3
11,1867,88,42.3,83.0,3,3
7,1121,368,39.0,68.9,2,2
15,2524,297,37.9,66.1,3,3
20,3000,350,51.1,80.4,4,4
10,1673,21,33.1,68.2,2,3
7,1232,67,42.5,55.8,2,3
1,618,404,42.0,56.2,1,1
9,1703,208,41.9,52.6,2,3
5,917,749,41.3,63.4,2,1
19,2849,584,35.7,43.0,2,3
5,1114,382,30.2,49.5,1,2
15,2164,409,26.2,59.6,2,3
4,811,691,28.0,83.0,2,1
0,253,47,38.6,51.7,0,0
0,271,602,29.3,63.5,0,0
2,687,935,37.8,62.3,2,0
19,2835,21,31.3,71.7,3,4
17,2720,603,39.9,71.6,3,3
5,1016,756,48.3,63.0,2,1
11,1827,85,13.0,69.7,2,3
0,410,167,43.5,73.6,0,0
20,3000,613,44.9,66.4,3,3
1,589,114,34.0,52.7,1,2
13,1865,835,36.1,69.1,3,2
10,1769,686,34.0,67.0,2,2
11,1820,533,34.9,64.7,2,2
18,2791,856,44.6,69.9,4,2
14,2205,782,40.9,68.3,3,2
17,2575,867,20.1,68.5,2,2
18,2811,68,41.5,69.3,3,4
4,704,626,29.7,52.7,1,1
6,1344,418,35.8,65.3,2,2
6,1414,80,35.6,47.7,1,3
16,2390,758,26.4,55.9,2,2
15,2126,116,53.0,72.9,4,3
7,1401,604,27.2,70.1,2,1
14,2317,865,28.6,54.0,2,1
15,2244,39,31.3,55.2,2,4
17,2580,475,24.2,82.7,3,3
2,836,78,32.0,77.3,2,2
16,2505,763,18.6,73.1,2,2
14,2027,76,42.0,54.3,3,4
8,1444,468,19.3,63.5,1,2
3,862,1000,16.5,62.4,1,0
12,2130,62,19.7,55.4,1,3
20,2989,877,53.0,70.6,4,2
18,2539,675,32.1,62.9,2,2
19,2876,822,22.7,53.5,2,2
2,659,582,40.0,57.5,2,1
6,1204,240,53.0,52.8,2,2
3,616,854,43.7,63.4,2,0
5,833,47,16.3,75.4,1,2
17,2498,804,31.9,60.0,2,2
19,2940,801,32.8,48.8,2,2
19,2986,4,42.4,60.2,3,4
5,976,302,32.7,68.2,2,2
16,2493,301,27.2,66.9,2,3
16,2433,469,30.0,55.3,2,3
13,2209,869,21.4,79.2,2,2
0,358,447,25.8,60.5,0,0
18,2786,65,22.9,51.8,2,4
18,2550,1000,27.3,65.1,2,2
1,617,1000,22.0,57.3,1,0
16,2525,863,36.7,69.5,3,2
13,1816,82,47.1,57.7,3,3
7,1417,93,15.2,58.5,1,3
1,507,668,43.2,81.6,2,1
9,1538,378,40.0,72.6,3,2
5,1155,930,44.2,73.9,2,0
0,671,161,37.1,43.0,0,0
2,808,429,24.7,67.0,1,1
8,1743,376,36.2,46.4,2,2
9,1574,16,18.9,60.1,1,3
17,2617,80,45.8,54.6,3,4
11,1795,47,26.9,66.0,2,3
20,2973,7,30.7,56.7,2,4
15,2256,393,44.1,58.8,3,3
10,1973,24,29.0,59.3,2,3
7,1371,708,30.1,71.1,2,1
3,712,367,41.4,62.5,2,1
12,2023,850,32.5,56.7,2,2
14,2225,468,53.0,72.8,4,2
5,1297,27,41.9,58.7,2,3
4,926,662,36.1,45.9,1,1
4,1018,46,53.0,64.0,2,3
15,2460,462,20.1,75.0,2,3
20,3000,430,36.5,55.6,3,3
12,2180,723,50.1,67.5,3,2
5,1010,378,13.0,81.6,1,2
6,1217,75,49.6,56.0,2,3
19,2809,286,40.3,77.8,3,4
3,764,75,15.3,61.0,1,2
16,2565,85,36.1,47.0,2,4
6,833,743,16.8,59.8,1,1
12,1793,541,37.1,54.0,2,2
1,485,896,34.0,81.5,2,0
9,1591,84,16.0,72.1,1,3
11,1875,313,26.4,67.7,2,3
3,794,642,38.0,79.9,2,1
1,771,998,24.1,57.7,1,0
7,1644,98,42.3,57.7,2,3
19,2633,72,27.7,59.3,2,4
8,1418,560,43.7,69.9,2,1
16,2600,586,44.1,58.0,3,3
5,1043,1000,16.4,74.3,1,0
20,2953,132,34.9,53.3,2,4
16,2599,839,50.3,53.1,3,2
1,751,118,15.2,56.4,0,2
13,2161,601,25.2,54.9,2,2
16,2536,352,42.0,58.5,3,3
7,1266,542,36.1,54.2,1,2
20,2871,736,13.0,46.7,1,3
6,1251,351,31.8,70.0,2,2
18,2443,897,30.7,73.0,3,2
18,2868,64,13.0,75.7,2,4
14,2347,62,42.9,64.8,3,4
15,2463,1000,45.3,69.7,3,2
15,2358,103,13.0,48.7,1,4
5,990,839,20.1,75.9,1,0
12,1969,545,45.0,71.1,3,2
3,871,553,41.6,63.3,2,1
14,1752,37,37.6,68.4,3,4
16,2352,304,39.4,64.7,3,3
17,2683,347,25.5,73.2,2,3
14,1963,860,41.9,64.3,3,1
20,2935,437,46.3,62.9,3,3
2,880,96,46.9,78.8,2,2
16,2624,126,24.3,70.5,2,3
2,547,518,32.7,63.0,1,1
1,285,808,27.8,55.2,0,0
8,1411,843,27.4,63.2,1,1
9,1734,411,28.4,59.7,2,2
9,1553,122,38.9,61.2,2,3
6,1176,430,29.2,59.4,2,2
1,408,314,53.0,55.8,2,1
5,1040,302,30.3,50.5,1,2
17,2568,506,19.9,69.6,2,3
1,502,727,52.7,56.2,2,0
5,1200,430,32.7,52.9,1,2
20,2960,36,26.9,54.7,2,4
8,1706,803,45.3,60.9,3,1
12,2098,123,44.6,63.4,3,3
12,1976,476,13.0,62.4,1,2
10,1774,60,30.6,43.8,1,3
11,1627,75,39.7,59.3,2,3
6,1324,381,24.2,77.0,2,2
9,1571,820,30.6,55.6,2,1
14,2439,593,30.5,67.6,2,3
16,2301,441,30.0,71.7,3,3
6,1110,692,13.0,61.7,1,1
19,2892,752,42.4,43.0,3,2
16,2444,102,47.1,78.7,4,4
12,2133,425,31.0,55.0,2,3
6,971,524,34.1,70.2,2,1
8,1763,452,39.3,64.6,2,2
15,2001,380,37.4,44.4,2,3
0,415,253,50.3,50.0,0,0
11,1713,103,39.3,59.9,2,3
4,911,471,33.3,43.0,1,1
4,799,650,48.6,83.0,3,1
3,867,303,27.8,55.0,1,2
3,636,1000,32.8,65.2,1,0
8,1533,943,25.1,59.9,1,1
17,2320,414,38.5,74.6,3,3
11,1875,395,35.1,62.6,2,2
12,1779,104,48.0,65.1,3,3
19,2866,6,26.4,60.7,2,4
18,2898,391,43.0,60.4,3,3
11,1679,456,48.3,77.5,3,2
16,2401,916,24.2,61.7,2,2
4,951,960,40.8,71.1,2,0
17,2891,105,18.4,68.4,2,4
15,2032,654,40.6,83.0,3,2
12,2099,87,36.6,56.9,2,3
20,2807,700,34.0,83.0,4,3
9,1863,75,24.1,66.3,2,3
8,1196,17,41.5,49.6,2,3
3,825,459,13.6,68.6,1,1
3,980,444,30.3,55.9,1,1
12,2143,648,25.0,72.0,2,2
14,2178,465,38.3,50.0,2,3
14,2024,558,27.5,59.9,2,2
6,974,201,30.0,44.6,1,2
4,655,489,32.2,63.4,1,1
18,2704,949,21.8,59.6,2,2
15,2167,49,31.8,46.6,2,4
1,621,322,43.5,57.1,2,1
17,2519,559,40.2,56.0,3,3
3,733,694,22.2,62.9,0,1
1,260,881,22.0,61.3,0,0
12,1855,389,33.9,67.4,2,3
1,433,497,30.7,67.8,1,1
7,1290,359,38.8,73.0,2,2
12,1969,955,21.6,57.8,1,1
19,2631,350,53.0,62.7,4,3
12,1829,451,44.7,59.9,3,2
9,1944,330,40.4,65.6,3,2
18,2764,376,42.0,73.9,4,3
18,2505,829,41.1,70.3,3,2
1,266,550,34.8,57.8,1,1
13,1818,113,38.1,81.8,3,3
19,2888,352,31.1,61.1,3,3
9,1738,4,45.7,71.5,3,3
9,1427,87,17.3,63.1,1,3
19,3000,979,26.4,65.6,3,2
9,1486,87,32.1,45.5,1,3
20,2998,249,29.1,62.6,2,4
3,990,757,33.6,59.0,1,1
3,1150,555,30.5,62.3,1,1
20,3000,102,32.5,64.4,3,4
1,381,818,38.7,48.1,1,0
14,2396,750,28.1,77.0,3,2
10,1722,92,32.6,43.0,1,3
14,2253,380,33.0,56.0,2,3
13,1984,74,26.0,68.5,2,3
0,424,695,36.2,55.6,0,0
13,2100,858,32.8,70.2,2,2
5,1269,66,38.1,66.1,2,3
18,2844,763,27.5,68.5,3,2
11,1837,966,26.2,48.1,1,1
19,2946,734,48.3,65.4,4,3
16,2232,719,21.8,54.2,2,2
8,1517,438,47.3,72.5,3,2
13,2081,567,44.2,59.7,3,2
11,1904,401,23.5,52.7,1,3
7,1108,429,14.7,53.4,1,2
18,2781,750,52.7,54.6,3,2
9,1803,126,53.0,52.4,3,3
0,576,110,26.4,51.4,0,0
18,2878,64,46.1,75.6,4,4
19,2779,57,38.5,68.4,3,4
1,512,75,24.6,68.5,1,2
7,1259,783,22.8,69.5,1,1
3,976,479,34.6,50.5,1,1
19,2933,131,13.0,73.4,2,4
14,2096,716,17.8,62.4,2,2
1,466,104,16.8,58.2,0,2
3,872,344,43.3,49.7,2,1
2,757,120,41.9,45.6,1,2
13,2130,0,38.0,60.0,2,4
18,2709,382,15.1,43.0,1,3
11,1887,737,30.3,54.4,2,2
2,479,439,31.7,65.4,1,1
1,490,211,48.7,66.4,2,2
7,1567,393,25.1,64.4,2,2
10,1664,110,23.8,64.9,2,3
0,200,224,43.3,75.2,0,0
4,1057,67,30.7,60.5,2,2
16,2234,41,28.0,58.2,2,4
9,1812,63,46.5,55.4,2,3
6,921,651,34.2,56.4,1,1
5,978,409,22.3,64.1,1,2
3,940,43,24.6,63.7,1,2
12,1837,88,23.2,65.4,2,3
0,264,916,31.0,62.5,0,0
9,1681,69,37.3,73.5,3,3
6,1226,440,19.8,44.0,0,2
12,1810,2,33.8,56.3,2,3
6,1173,120,22.8,78.8,2,3
16,2453,846,38.7,54.1,3,2
17,2500,838,34.2,69.5,3,2
7,1382,54,28.6,66.8,2,3
11,1570,79,35.8,55.4,2,3
17,2521,952,30.5,43.0,2,2
14,2267,570,20.8,67.7,2,2
15,2536,874,28.5,70.4,3,2
4,751,893,35.7,50.3,1,0
3,802,320,41.8,64.0,2,2
2,753,297,53.0,59.1,2,2
16,2289,302,36.6,58.9,3,3
0,398,1000,53.0,68.3,0,0
6,1569,555,36.8,61.9,2,2
18,3000,557,35.3,58.2,3,3
5,1199,778,28.1,73.5,2,1
10,1631,342,42.7,69.8,3,2
15,2594,46,26.5,69.1,2,4
17,2545,914,34.8,50.8,2,2
7,1228,106,39.0,50.9,2,3
20,3000,95,45.4,76.0,4,4
16,2425,396,46.1,83.0,4,3
16,2486,807,32.5,59.9,3,2
6,1138,463,28.6,45.5,1,2
6,1025,729,43.8,71.2,2,1
10,1787,325,28.7,61.5,2,2
4,860,77,36.1,54.7,2,2
20,3000,352,33.6,57.3,2,4
19,2878,739,31.9,57.0,3,3
20,2835,411,41.7,62.1,3,3
7,1387,719,32.5,61.4,2,1
14,2322,768,22.8,65.5,2,2
7,1164,112,32.1,79.8,2,3
8,1472,448,41.7,64.9,3,2
4,926,863,46.2,71.0,2,0
0,493,404,19.2,53.7,0,0
6,843,310,30.2,53.6,1,2
7,1168,475,17.3,74.0,1,2
2,779,307,27.8,49.2,1,2
17,2630,446,33.3,64.8,3,3
13,2152,534,48.8,46.0,2,2
11,1928,718,23.3,73.8,2,2
2,666,840,22.6,80.2,1,0
2,638,554,35.4,61.6,2,1
15,2429,44,28.8,59.1,2,4
4,701,528,26.8,54.9,1,1
4,1107,564,37.5,60.1,2,1
17,2751,71,31.3,62.7,3,4
6,1177,838,28.0,73.0,2,1
16,2625,93,32.5,75.1,3,4
4,780,116,30.1,73.5,2,2
3,783,889,41.7,82.5,2,0
18,2702,377,17.8,83.0,3,3
16,2485,434,28.4,60.9,2,3
0,395,107,41.6,57.1,0,0
14,2117,904,42.1,83.0,3,2
0,442,596,36.7,58.3,0,0
15,2349,996,29.9,46.1,2,1
4,1171,57,25.4,78.2,2,3
2,496,787,35.0,78.1,2,1
14,2325,107,22.1,57.6,2,3
10,1719,0,44.9,76.4,3,3
13,1922,815,36.1,46.7,2,2
19,2770,956,30.2,66.4,3,2
11,1943,191,53.0,80.9,4,3
19,2934,929,28.8,43.4,2,2
4,678,954,32.6,66.2,1,0
11,1893,570,29.6,63.2,2,2
6,1481,90,35.0,66.0,2,3
13,1831,420,26.7,70.0,2,2
11,1919,102,16.3,53.2,1,3
0,487,132,49.2,49.5,0,0
3,569,935,33.0,58.7,1,0
17,2548,727,14.3,72.8,2,2
1,448,609,26.8,61.5,1,0
18,2678,814,35.8,65.8,3,2
4,1088,835,53.0,83.0,3,0
18,2589,1000,40.9,71.6,4,2
6,1180,678,28.3,62.8,1,1
6,1320,108,24.9,51.3,1,2
9,1490,576,49.2,73.2,3,2
3,720,1000,27.1,43.0,0,0
5,1238,923,21.5,71.9,1,1
1,218,659,30.6,47.0,1,0
8,1366,351,33.1,66.0,2,2
5,1467,884,32.1,66.6,2,1
0,780,771,36.0,51.0,0,0
1,692,864,32.8,54.8,1,0
15,2493,400,40.5,50.1,3,3
3,638,10,25.2,67.4,1,2
9,1513,664,46.1,81.3,3,2
20,2928,47,13.0,61.7,2,4
16,2493,520,39.9,61.7,3,3
13,1978,1000,49.2,53.7,3,1
2,692,502,45.8,79.9,3,1
12,2081,74,37.7,72.2,3,3
6,1232,420,20.6,43.0,0,2
6,1114,73,51.3,71.1,3,2
13,1955,259,36.7,74.7,3,3
13,2182,877,34.1,67.4,2,2
12,1933,106,37.9,71.4,3,3
2,868,924,37.6,51.3,1,0
14,2012,385,17.5,69.6,2,3
1,513,43,49.6,83.0,3,2
16,2653,335,33.8,66.1,3,3
13,2200,662,39.5,57.1,3,2
8,1397,864,39.5,58.3,2,1
6,1348,637,29.9,62.3,1,1
4,1054,346,34.7,60.6,2,2
6,1500,359,45.9,70.5,2,2
9,1533,43,34.5,52.4,2,3
11,1730,804,32.2,54.5,2,1
20,2742,757,33.1,46.0,2,2
12,1914,150,19.6,59.7,1,3
3,1001,326,41.2,64.2,2,2
16,2607,801,31.4,69.2,3,2
14,2234,561,21.4,61.8,2,2
6,1061,518,32.4,69.5,2,2
10,1414,595,30.8,64.5,2,2
12,2063,191,19.1,68.9,2,3
0,315,0,44.9,54.8,0,0
2,728,49,28.7,77.4,2,2
10,1592,84,38.0,69.7,3,3
12,2046,140,35.2,62.0,2,3
2,696,81,30.0,60.1,1,2
9,1835,47,30.2,64.5,2,3
0,325,32,49.0,83.0,0,0
3,886,398,24.0,56.8,1,2
8,1392,611,14.2,53.4,1,1
7,1205,961,28.9,64.5,1,1
17,2460,102,27.9,65.9,2,4
7,1362,73,40.1,63.7,2,3
4,661,458,27.2,58.8,1,1
3,795,405,31.4,62.9,1,1
13,2215,133,23.2,72.2,2,4
9,1664,377,28.9,65.3,2,2
16,2446,748,48.9,66.8,4,2
9,1535,150,36.5,64.2,2,3
8,1440,868,22.2,68.0,1,1
14,2139,86,37.5,48.1,2,4
3,743,27,41.0,55.6,2,2
19,2818,539,14.0,60.3,2,3
9,1573,525,49.0,54.1,3,2
6,1304,764,17.3,62.7,1,1
2,732,441,27.6,43.6,0,1
1,827,660,36.7,74.4,2,1
14,2241,664,21.5,74.0,2,2
4,815,87,27.9,69.7,1,2
0,533,86,24.2,57.7,0,0
0,200,849,33.2,75.3,0,0
4,861,579,48.3,65.3,2,1
0,762,99,27.7,43.0,0,0
7,1289,788,31.8,50.4,1,1
8,1392,10,30.5,70.7,2,3
6,1013,445,52.9,69.2,3,2
5,1150,117,26.7,62.4,1,2
5,1075,1000,49.1,68.5,3,0
17,2798,833,24.2,74.2,3,2
17,2846,754,27.5,60.5,2,2
4,631,649,28.9,74.4,2,1
8,1176,552,27.7,64.2,1,2
2,610,314,20.5,70.3,1,1
5,1046,770,15.5,74.3,1,1
2,822,432,35.2,51.8,1,1
14,2403,54,48.4,68.6,3,4
14,2122,66,27.5,76.5,3,4
20,2874,37,37.7,54.2,3,4
13,2089,498,33.6,63.4,2,2
5,1189,850,42.0,59.0,2,1
6,1503,436,13.5,73.4,1,2
5,957,73,24.2,67.8,1,2
13,2140,678,21.9,69.7,2,2
7,1159,275,23.8,59.7,1,3
13,2023,493,47.0,52.9,2,2
18,2841,870,25.6,57.1,2,2
8,1435,360,13.0,81.3,2,2
15,2261,520,19.7,81.2,2,3
1,785,853,25.5,71.0,1,0
11,1825,481,24.2,71.3,2,2
4,826,70,30.4,65.9,1,2
6,1103,1000,40.2,77.2,3,0
13,1977,559,25.0,68.8,2,2
8,1385,43,29.4,67.2,2,3
8,1414,421,24.1,74.2,2,2
20,2868,453,18.4,57.6,2,3
7,1446,867,23.6,83.0,2,1
7,1304,447,52.7,71.3,3,2
5,1116,47,32.2,66.3,2,3
6,1117,813,27.5,54.4,1,1
1,752,322,18.6,66.9,1,1
6,1294,100,29.5,71.9,2,2
16,2498,781,20.2,58.9,2,2
13,1796,82,48.1,62.3,3,3
17,2499,440,30.8,52.7,2,3
6,1369,739,40.5,67.6,2,1
6,1166,499,33.6,43.9,1,2
3,693,939,53.0,79.7,3,0
19,2845,346,27.4,56.8,2,4
8,1414,517,25.9,52.2,1,2
13,2137,1000,28.1,69.3,2,1
6,1640,267,44.6,78.9,3,2
19,3000,92,37.6,46.8,3,4
12,2029,68,31.9,56.2,2,3
6,1205,482,28.0,74.2,2,2
15,2399,738,27.7,70.3,2,2
17,2356,399,37.2,63.1,3,3
18,2959,285,18.5,63.9,2,4
13,2043,473,24.3,56.6,1,2
2,919,1000,40.6,60.2,2,0
11,1990,440,35.4,49.4,2,2
10,1852,798,34.6,66.5,2,1
20,3000,967,25.2,60.0,2,2
1,679,5,34.7,54.1,1,2
4,842,424,21.4,77.3,1,2
10,1861,970,29.6,64.7,2,1
2,460,627,45.0,64.0,2,1
14,2053,811,32.9,71.6,3,2
3,840,545,29.4,48.0,1,1
0,296,471,21.9,61.8,0,0
12,2110,863,28.8,72.2,3,1
7,1377,367,40.4,70.3,3,2
9,1406,501,15.9,68.7,2,2
15,2356,33,45.3,83.0,4,4
12,1833,422,31.4,48.3,2,2
1,660,310,43.7,63.5,2,1
20,3000,57,26.0,43.0,2,4
16,2493,1000,47.7,68.6,4,1
13,2261,79,18.7,47.1,1,3
20,2964,206,42.9,72.9,4,4
14,2268,587,37.5,52.0,3,2
11,1957,436,24.8,66.0,2,2
17,2695,50,30.6,43.0,2,4
3,873,59,32.3,74.6,2,2
2,550,867,32.1,79.9,2,0
17,2837,504,27.7,67.0,3,3
1,680,44,41.3,74.4,2,2
4,945,449,29.6,49.1,1,2
9,1732,808,30.8,70.6,2,1
20,2831,91,29.6,63.3,2,4
8,1521,357,18.2,57.7,1,2
2,686,100,13.1,68.3,2,2
7,1288,276,22.1,77.4,2,2
17,2634,894,18.9,69.9,2,2
1,714,710,41.7,43.0,1,0
11,1777,1000,29.7,64.6,2,1
18,2875,421,44.7,79.6,4,3
17,2241,115,42.6,57.0,4,4
18,2797,104,23.3,53.6,2,4
8,1391,754,28.5,63.7,2,1
17,2586,354,42.2,58.3,3,3
4,1050,371,37.2,45.6,1,2
7,1505,446,18.1,45.2,0,2
11,1691,97,40.0,66.8,3,3
0,479,427,17.6,54.0,0,0
17,2441,796,34.1,75.4,3,2
0,581,497,26.2,64.0,0,0
17,2545,337,37.7,56.1,3,3
20,3000,0,23.2,62.4,2,4
4,1194,19,27.2,68.0,1,3
9,1600,355,33.6,68.5,2,2
7,1355,18,32.3,74.4,2,3
3,836,618,34.7,64.2,2,1
8,1285,881,34.5,83.0,2,1
13,2389,104,16.8,62.4,2,3
20,3000,442,44.4,65.6,4,3
17,2573,90,37.0,56.5,3,4
12,2022,49,28.3,59.8,2,3
16,2325,549,20.6,66.2,2,3
20,3000,336,47.8,64.7,4,4
5,942,411,51.9,63.3,2,2
15,2241,131,33.5,55.6,2,4
11,1862,890,30.4,67.9,2,1
17,2456,71,48.2,47.4,3,4
6,1330,82,28.6,75.1,2,3
1,613,64,13.0,56.7,0,2
1,475,56,53.0,70.3,3,2
16,2615,397,22.1,66.7,2,3
20,3000,987,19.6,62.5,2,2
15,2319,872,53.0,54.3,3,2
20,2545,45,23.4,64.4,2,4
17,2709,1000,50.7,69.7,4,2
2,530,933,34.5,70.9,2,0
0,393,404,13.0,62.1,0,0
19,2828,63,51.6,64.6,4,4
12,2271,860,19.0,61.1,2,1
9,1502,448,35.7,70.4,2,2
2,758,954,20.3,55.4,0,0
14,1994,734,33.4,56.8,2,2
18,2665,78,23.7,59.1,2,4
19,3000,535,53.0,66.9,4,3
4,679,0,31.8,61.4,2,3
10,1911,864,38.2,54.2,2,1
12,1981,54,32.9,76.0,3,3
19,2782,619,30.7,57.0,2,3
12,1814,738,29.6,43.0,2,2
1,727,520,34.1,56.0,1,1
0,518,100,46.6,58.9,0,0
14,2325,335,27.3,61.0,2,3
1,244,577,39.2,63.3,2,1
11,2107,1000,32.7,46.9,2,1
1,831,345,40.2,64.6,2,1
3,558,41,20.8,76.9,1,2
5,879,1000,40.4,71.4,2,0
15,2176,763,21.0,63.3,2,2
14,1857,698,42.5,56.8,3,2
3,718,136,44.5,64.5,2,2
1,527,663,51.5,55.9,2,1
18,2821,68,30.1,58.3,2,4
1,412,300,39.5,70.9,2,1
2,545,596,38.6,61.0,2,1
6,889,758,17.6,64.6,1,1
3,831,614,30.4,68.1,1,1
6,1091,393,46.6,52.3,2,2
8,1372,928,27.8,68.9,2,1
17,2819,269,35.0,82.7,3,4
15,2259,315,34.1,72.5,3,3
6,837,917,45.8,55.6,2,0
16,2271,827,23.4,73.7,2,2
12,1939,102,21.8,72.2,2,3
10,2002,419,35.4,44.8,2,2
11,1899,490,37.2,61.2,2,2
6,1293,37,34.1,83.0,2,3
2,556,256,39.9,47.2,1,2
9,1401,0,38.7,79.7,3,3
5,892,724,37.3,71.7,2,1
10,1738,306,19.7,70.8,2,2
11,1725,879,41.7,54.9,2,1
18,2862,463,29.3,56.3,2,3
12,1635,677,39.4,64.3,2,2
7,1679,763,50.8,60.4,2,1
0,452,669,30.3,62.3,0,0
5,1057,996,37.8,72.6,2,0
4,911,116,26.5,61.0,1,2
1,373,549,25.8,78.5,1,1
5,1261,94,42.2,78.0,3,2
9,1552,906,41.5,70.2,2,1
19,2894,942,38.2,69.8,3,2
20,3000,476,31.6,65.4,3,3
3,691,437,39.0,67.9,2,1
2,374,103,33.9,58.9,1,2
2,630,702,33.1,59.6,1,1
8,1131,794,44.3,55.8,2,1
9,1554,490,48.0,53.8,2,2
7,1343,465,13.0,62.1,1,2
2,788,614,30.0,68.2,1,1
2,637,84,16.9,66.1,0,2
7,1581,102,43.9,74.0,3,3
15,2157,636,26.9,76.5,3,2
4,1000,943,40.0,75.6,2,0
14,2473,38,40.8,56.9,3,4
5,986,737,19.2,62.1,1,1
4,1015,918,36.0,67.8,2,0
11,1647,90,44.7,71.6,3,3
6,1168,102,47.0,61.5,2,3
1,732,605,31.4,58.3,1,1
16,2227,505,30.8,65.1,2,3
19,2878,660,36.0,75.2,3,3
11,1817,716,14.1,58.1,1,2
2,654,745,19.4,43.2,0,1
5,1058,323,42.7,58.9,2,2
14,2076,355,40.3,64.7,3,3
9,1883,12,34.2,58.8,2,3
19,2684,764,21.7,72.9,3,2
19,2893,16,27.3,61.9,3,4
2,536,571,15.5,43.0,0,1
12,1663,866,33.7,65.0,2,1
6,1198,894,32.3,68.0,2,1
12,1891,203,34.2,65.0,2,3
11,1761,118,14.7,44.9,0,3
13,1897,796,30.7,69.2,2,2
8,1553,953,29.9,75.6,2,1
19,2860,75,27.9,58.5,2,4
2,753,961,48.7,53.0,2,0
9,1667,570,18.0,61.8,2,2
6,1457,924,41.5,47.1,2,1
1,323,803,34.3,76.3,2,0
18,2869,768,38.2,54.8,3,2
7,1268,435,32.9,60.8,2,2
14,2254,383,27.6,77.1,2,3
4,849,741,31.2,61.7,1,1
5,1090,854,48.4,56.9,2,0
9,1420,566,42.5,68.9,2,2
11,1967,741,41.1,72.5,3,2
3,844,216,35.2,59.5,1,2
10,1807,745,34.1,53.4,2,2
12,1715,42,44.2,66.8,3,3
10,1652,10,37.3,78.4,2,3
1,720,1000,23.4,83.0,2,0
11,1870,999,27.4,59.6,2,1
1,466,710,42.4,57.8,1,0
11,1669,1000,25.7,58.4,2,1
0,418,1000,27.3,58.9,0,0
5,1128,763,15.0,61.9,1,1
4,1004,10,26.1,69.9,1,3
2,668,655,32.1,83.0,2,1
11,1753,392,24.1,43.6,1,2
17,2453,272,30.9,55.6,2,3
11,1505,435,33.2,76.0,3,2
2,742,841,29.3,53.7,1,0
17,2637,413,35.2,51.3,2,3
17,2994,875,37.1,72.0,3,2
1,333,5,53.0,73.6,3,2
15,2342,771,45.4,72.8,3,2
16,2524,924,47.0,74.8,3,2
11,1990,577,43.1,66.4,3,2
13,2405,65,49.2,55.4,3,4
9,1362,995,51.4,66.4,3,1
15,2383,277,40.2,77.7,3,3
17,2521,49,28.9,63.4,2,4
5,932,282,53.0,76.8,3,2
18,2713,656,41.5,68.3,4,3
3,782,810,34.5,66.7,1,0
20,3000,478,33.8,57.5,3,3
12,1935,935,31.6,62.7,2,1
16,2469,54,36.2,75.9,3,4
17,2662,744,45.8,54.7,3,2
7,1343,28,42.0,49.9,1,3
13,2075,392,27.5,56.1,2,3
17,2464,897,53.0,57.3,4,2
12,2138,270,16.7,75.7,2,3
0,494,95,39.5,65.9,0,0
11,1806,818,38.2,53.3,2,2
9,1560,876,51.6,47.9,3,1
17,2790,505,37.3,63.4,3,3
10,1598,90,21.4,64.0,2,3
17,2441,788,25.7,70.2,2,2
9,1419,936,38.3,68.8,3,1
1,337,309,28.9,56.0,1,1
0,258,541,34.8,54.0,0,0
6,1276,464,19.6,52.8,1,2
0,335,0,27.7,71.8,0,0
9,1566,449,53.0,62.0,3,2
5,839,88,41.3,75.4,2,2
4,786,334,29.5,59.2,1,2
4,941,750,44.5,56.8,2,1
1,680,139,30.6,73.4,2,2
19,2827,772,31.6,57.7,2,2
19,3000,464,43.9,60.0,3,3
14,2221,917,19.6,61.7,2,1
17,2479,16,31.6,51.6,2,4
4,922,55,25.6,64.2,1,2
19,3000,123,27.7,72.0,3,4
11,2012,30,40.2,55.6,2,3
8,1300,172,39.1,65.8,2,3
17,2690,477,41.2,43.0,2,3
11,1736,511,39.8,74.1,3,2
14,2026,507,33.1,67.8,2,3
14,2153,475,48.8,51.1,3,2
15,2242,329,33.3,73.8,3,3
3,721,363,26.7,63.1,1,1
7,1735,68,29.0,56.3,2,3
3,939,416,13.0,55.9,0,2
9,1550,770,52.1,50.8,3,1
15,2504,829,37.2,78.6,3,2
1,608,321,40.2,53.7,2,1
4,822,752,23.1,76.5,1,1
2,625,736,26.1,66.6,1,0
8,1363,142,26.2,66.5,1,3
16,2430,396,21.9,69.9,2,3
9,1476,802,34.9,60.3,2,1
12,1739,476,38.1,64.1,2,2
0,645,344,44.7,57.9,0,0
20,2920,223,23.7,52.8,2,4
20,2942,423,27.4,63.7,2,3
4,1004,840,38.9,59.2,2,0
10,1910,101,48.2,68.6,3,3
15,2188,94,28.6,54.0,2,4
19,2925,787,44.8,69.3,3,2
20,2845,492,37.5,75.0,3,3
18,2833,455,32.7,66.5,3,3
0,234,310,30.6,83.0,0,0
7,1333,537,34.9,65.0,2,2
19,2872,90,53.0,81.0,4,4
8,1347,632,30.7,46.5,1,1
4,909,109,37.7,71.7,2,2
17,2874,526,44.7,77.9,4,3
3,838,1000,22.7,75.2,1,0
18,2840,948,31.6,64.9,3,2
3,964,551,47.8,66.2,2,1
8,1469,162,32.0,63.3,2,3
9,1537,1000,17.9,54.5,1,1
16,2251,466,38.2,58.7,3,3
18,2827,1000,16.6,67.1,2,2
1,628,360,37.3,65.9,2,1
10,1698,826,33.1,57.0,2,1
14,2210,913,24.8,77.0,2,1
15,2666,887,36.6,71.2,3,2
8,1353,803,15.7,71.1,2,1
5,1169,912,31.2,63.1,1,0
5,915,773,42.3,62.4,2,1
12,1776,449,53.0,43.0,2,2
6,1475,381,22.5,62.0,1,2
12,1806,136,46.2,72.1,3,3
18,2649,668,24.9,70.1,2,3
10,1918,468,28.0,68.5,2,2
19,2658,506,25.4,67.4,2,3
0,279,370,28.2,77.7,0,0
4,678,54,36.2,65.4,2,2
20,3000,78,32.4,75.7,3,4
13,1765,861,36.2,73.1,3,1
17,2549,707,37.9,60.4,3,2
1,578,836,38.8,55.2,1,0
19,2838,367,32.8,59.7,2,3
19,2818,557,25.2,54.0,2,3
0,361,439,27.0,65.0,0,0
13,1981,608,38.5,45.5,2,2
11,1932,432,26.9,60.1,2,2
19,3000,364,32.3,63.8,3,4
3,878,928,50.4,51.9,2,0
5,953,59,39.8,51.6,1,3
18,2709,456,13.1,53.8,1,3
17,2547,344,37.2,56.7,3,3
9,1611,751,41.2,54.5,2,1
1,757,719,36.2,60.6,1,0
8,1498,282,24.8,73.0,2,2
16,2303,878,27.2,51.3,2,2
0,438,380,20.9,66.3,0,0
12,2009,72,13.0,65.5,2,4
7,1491,895,26.8,69.3,2,1
2,693,847,26.8,56.9,1,0
17,2468,924,23.2,67.4,2,2
13,1911,919,38.0,61.7,2,1
4,857,58,34.2,63.2,2,2
17,2760,135,13.4,79.8,2,4
10,1483,412,23.5,77.1,2,2
18,2703,56,30.5,65.1,3,4
16,2720,805,21.6,52.9,2,2
9,1465,678,34.9,68.0,3,1
7,996,315,31.3,75.7,2,2
6,1188,64,41.3,62.2,2,3
18,2877,97,30.8,49.0,2,4
6,979,70,25.4,61.4,1,3
12,1396,374,33.4,72.3,3,2
3,874,587,52.9,67.8,3,1
11,1802,67,40.9,63.5,3,3
1,654,980,24.2,83.0,1,0
10,1685,1000,32.5,60.3,2,1
17,2544,32,38.2,56.3,1,4
9,1458,516,32.3,55.3,2,2
4,842,103,25.1,54.0,1,2
6,1158,360,31.7,53.6,2,2
17,2849,22,22.9,46.2,2,4
3,673,922,40.6,51.7,2,0
1,621,23,39.8,49.4,1,1
4,1036,78,42.6,61.1,2,2
12,1977,576,33.1,48.1,2,2
3,971,480,43.9,61.5,2,1
2,683,633,25.7,54.9,0,1
13,1895,957,34.3,72.3,3,1
16,2422,922,25.5,78.0,3,2
17,2372,801,23.8,55.5,2,2
13,1973,730,26.2,59.5,2,2
10,1866,454,22.5,56.1,1,2
4,681,211,37.2,69.1,2,2
4,1076,47,33.3,59.4,1,2
1,369,922,49.1,58.1,2,0
5,992,600,37.4,68.4,2,1
20,3000,364,34.2,64.6,3,3
17,2798,878,27.8,57.4,2,2
1,695,380,17.0,64.1,1,1
16,2840,111,25.2,58.4,2,4
16,2387,64,23.9,66.0,2,4
9,1562,840,19.9,70.9,2,1
10,1631,521,33.2,70.9,2,2
15,2074,950,20.8,80.3,2,1
11,1970,512,35.7,73.3,3,2
15,2334,100,22.3,83.0,3,4
7,1457,66,21.9,63.6,1,3
6,1220,82,44.1,49.6,2,2
0,257,102,36.8,57.2,0,0
0,298,708,32.0,69.8,0,0
19,3000,568,29.2,62.9,3,3
1,500,100,29.1,63.1,1,2
1,500,240,28.6,68.8,1,2
20,2779,571,38.2,68.1,3,3
0,200,594,34.2,60.5,0,0
13,2045,669,29.9,63.8,2,2
7,1052,125,19.9,56.4,1,3
16,2308,798,34.7,57.3,2,2
20,3000,52,34.5,51.5,3,4
13,1835,654,38.9,83.0,3,2
16,2579,68,44.7,64.1,3,4
14,2042,241,32.8,67.0,2,3
3,726,503,24.1,55.0,1,1
13,1825,484,29.6,75.4,3,2
3,728,464,42.2,56.5,2,1
16,2430,527,39.5,75.1,3,3
9,1837,909,26.6,53.4,1,1
7,1493,516,42.6,71.5,3,2
1,408,289,36.0,56.8,1,2
2,620,460,19.0,72.4,1,1
20,3000,394,46.6,66.6,4,4
3,846,67,47.4,74.9,2,2
10,1759,833,45.5,57.7,3,1
9,1314,260,25.7,67.8,2,2
12,1747,367,28.9,58.1,1,2
11,1848,388,25.8,59.0,2,2
18,2579,106,33.6,83.0,3,4
8,1201,470,42.5,54.2,2,2
11,1884,49,31.1,53.6,2,3
15,2069,898,21.3,61.4,2,1
17,2578,641,39.0,43.0,2,3
0,200,180,47.7,65.6,0,0
15,2658,849,32.7,83.0,3,2
20,2978,24,32.3,79.8,3,4
6,1288,93,42.2,56.3,2,3
2,967,406,36.2,64.8,2,1
3,838,813,29.4,66.2,1,0
4,963,299,32.1,47.9,1,2
17,2595,733,33.9,61.8,2,3
10,1487,287,20.1,62.6,1,3
11,1846,927,34.1,46.9,2,1
0,567,435,53.0,56.6,0,0
13,2259,495,44.5,50.6,3,2
2,320,431,53.0,56.1,2,1
12,1593,73,24.0,53.9,1,3
16,2635,749,39.9,61.3,3,2
19,3000,330,26.4,65.0,2,4
14,2114,59,53.0,62.7,3,4
4,1007,464,53.0,74.5,3,2
16,2593,233,38.6,56.3,3,3
7,1415,488,37.5,61.3,2,2
9,1549,829,17.4,59.5,2,1
18,2610,845,45.7,83.0,4,2
0,387,648,43.0,53.8,0,0
15,2236,860,47.2,61.7,3,2
5,903,88,43.9,79.0,3,2
8,1189,990,43.2,61.6,2,2
7,1415,532,45.5,47.8,2,2
11,2093,330,30.7,58.9,2,3
0,560,318,37.3,59.5,0,0
4,830,351,44.1,50.7,2,2
4,1051,545,48.5,68.6,3,1
7,1365,349,19.6,79.3,2,2
17,2640,583,22.4,70.3,3,3
1,244,493,30.2,69.7,1,1
4,723,397,32.7,68.7,2,2
12,2030,473,24.7,63.5,2,2
12,1870,1000,16.8,44.9,1,1
16,2648,63,35.4,53.2,3,4
9,1474,460,32.9,48.6,2,2
14,2017,416,29.5,58.2,2,3
14,2197,407,42.1,58.3,3,3
0,424,9,25.7,62.2,0,0
15,2277,65,27.3,50.4,2,4
15,2253,791,24.7,62.5,2,2
11,1746,0,15.3,61.3,1,3
12,1924,60,53.0,55.7,3,3
5,1057,855,33.9,66.3,2,1
18,2807,829,22.7,49.6,2,2
14,2160,963,38.6,70.6,3,1
0,200,596,36.5,47.4,0,0
4,929,470,32.8,61.8,1,1
19,2704,918,27.7,61.1,2,2
3,901,91,32.1,59.5,1,2
9,1577,783,27.0,48.0,1,1
8,1484,426,35.6,55.5,2,2
3,934,784,34.1,77.3,2,0
19,2672,730,48.3,66.5,4,3
8,1510,0,30.2,65.7,2,3
7,1224,996,47.5,55.3,2,0
6,1493,744,22.0,58.5,1,1
2,801,861,21.4,48.0,0,0
14,2247,876,52.1,53.8,3,2
16,2432,277,32.0,65.5,2,3
1,573,902,40.8,79.2,2,0
12,2104,37,41.1,70.3,3,4
11,1677,61,39.1,67.2,3,3
6,1516,73,39.4,65.4,2,3
16,2257,496,29.2,61.1,2,3
16,2445,1000,33.7,47.3,2,1
20,2892,87,37.0,54.0,3,4
19,2990,729,31.7,53.8,2,3
5,1163,487,23.0,52.9,1,2
17,2579,1000,39.3,71.3,3,2
12,1896,516,39.3,46.6,2,2
19,2805,867,36.1,60.1,3,2
11,1576,456,26.1,71.8,2,2
15,2254,83,32.5,44.6,2,4
7,1354,944,37.8,79.4,2,1
16,2585,260,34.4,43.0,2,3
14,2526,472,21.1,68.3,2,3
15,2190,0,38.6,76.0,3,4
18,2737,476,37.8,50.4,2,3
15,2108,45,29.8,56.0,2,4
10,1755,412,14.7,54.7,1,1
9,1585,132,33.1,55.7,1,3
2,958,32,18.2,79.5,1,2
2,530,269,41.8,67.6,2,2
18,2729,456,31.5,54.8,2,3
20,2976,338,43.0,61.6,3,4
1,518,542,44.2,70.2,2,1
8,1539,365,42.8,75.5,3,2
3,964,878,36.1,61.4,2,0
16,2550,841,26.0,58.8,2,2
6,1076,458,34.7,66.6,2,2
18,2510,879,33.6,60.9,2,2
2,696,1000,13.0,56.0,0,0
5,996,62,27.4,50.4,1,2
19,2814,374,30.4,60.6,3,3
9,1355,421,22.3,80.5,2,2
14,2244,546,30.8,54.7,2,2
5,1123,57,43.5,62.8,3,3
0,633,762,40.1,51.4,0,0
0,272,553,21.6,43.0,0,0
10,1264,821,30.0,54.3,2,1
14,2225,367,27.6,62.8,2,3
10,1876,297,35.1,56.0,2,3
12,1770,300,53.0,68.9,3,3
6,969,66,22.5,77.3,1,3
18,3000,878,51.1,67.2,4,2
6,1165,227,22.8,61.0,1,2
20,3000,352,22.7,66.0,2,4
1,694,529,28.9,60.2,1,1
18,2523,579,32.8,76.2,3,3
1,527,870,26.0,43.0,0,0
11,1744,523,30.6,62.5,2,2
6,1007,812,30.8,55.2,1,1
15,2331,948,41.2,54.8,3,1
0,493,508,37.4,53.2,0,0
2,821,1000,33.3,65.2,2,0
12,2210,47,28.8,52.4,2,4
18,2700,33,39.2,63.5,3,4
0,654,823,48.2,56.0,0,0
5,1064,518,41.3,52.7,2,1
18,2831,454,38.9,76.3,4,3
10,1733,717,35.1,77.7,3,2
11,1641,844,20.7,54.5,1,1
5,1254,773,35.5,66.4,2,1
16,2192,91,43.2,62.8,3,4
3,734,530,40.9,73.9,2,1
7,1139,907,26.2,77.4,2,1
0,499,380,37.3,53.8,0,0
9,1755,639,30.7,46.9,2,2
7,1232,768,32.9,70.1,2,1
9,1603,866,25.7,69.1,2,1
1,582,843,32.8,67.8,1,0
16,2109,415,13.0,73.4,2,3
10,1734,102,22.9,53.7,1,3
14,2313,764,43.0,57.3,3,2
14,2171,67,22.1,61.7,2,4
19,2743,12,29.7,65.1,3,4
6,1040,711,34.0,67.8,2,1
10,1850,473,20.5,74.7,2,2
10,1687,409,36.5,50.7,2,2
11,1718,45,17.6,51.9,1,3
1,607,363,25.6,47.1,0,1
18,2686,137,40.0,52.0,3,4
2,567,924,35.7,69.9,2,0
4,1025,330,38.4,70.6,2,2
10,1781,886,44.1,71.3,3,1
19,2850,35,36.7,64.0,3,4
6,1141,105,40.1,69.2,2,3
17,2718,707,21.2,68.0,2,2
2,534,466,31.0,56.5,1,1
0,205,95,29.5,53.2,0,0
3,779,77,34.1,63.7,1,2
14,2006,380,39.8,59.5,3,3
7,1197,60,22.1,53.3,1,3
16,2478,448,41.4,56.0,3,3
4,1220,425,22.2,59.1,1,2
7,1508,41,45.6,47.5,2,3
20,2893,142,23.8,68.1,3,4
2,983,722,31.2,49.8,1,1
12,1890,720,26.3,61.6,2,2
12,1968,413,42.2,51.2,2,3
1,702,69,21.8,70.9,1,2
3,939,75,24.5,45.9,1,2
3,489,62,27.4,61.5,1,2
15,2200,571,45.1,56.4,3,2
18,2908,950,40.2,60.7,3,2
7,1276,494,16.0,58.3,1,2
3,482,64,34.2,83.0,2,2
12,1820,904,24.5,71.4,2,1
5,1032,107,34.7,43.0,1,2
6,1061,625,24.5,63.2,1,1
5,941,805,38.0,52.1,2,1
15,2051,984,22.7,58.0,2,1
1,478,511,38.5,83.0,2,1
14,2309,909,48.1,80.3,4,2
14,2044,1000,31.5,47.4,2,1
2,796,844,37.5,59.0,2,0
2,831,83,16.3,59.0,0,2
8,1345,852,29.9,63.8,1,1
3,929,242,21.4,49.0,0,2
8,1384,90,31.8,63.4,2,3
15,2213,790,39.9,67.0,3,2
16,2379,76,28.5,56.3,2,4
12,2164,527,17.9,72.2,2,2
19,2873,83,28.5,69.5,3,4
12,2042,74,40.9,78.2,3,3
14,2167,125,44.9,43.0,2,3
14,1949,488,23.0,57.7,1,2
18,2587,1000,41.8,47.3,3,2
7,1478,373,41.9,76.5,3,2
16,2484,436,42.1,66.7,3,3
7,1296,714,28.1,73.7,2,1
13,2202,419,31.2,75.5,3,3
4,986,359,28.8,57.1,1,2
17,2529,458,32.6,77.7,3,3
5,1185,79,44.5,56.4,2,3
3,834,171,47.1,49.6,2,2
11,1830,483,42.2,47.4,2,2
16,2406,78,42.9,53.0,3,4
18,2719,419,44.0,71.8,4,3
11,1681,1000,23.9,47.2,1,1
20,3000,789,32.0,63.4,3,2
3,788,670,28.4,43.0,0,1
2,622,161,30.5,73.9,1,2
8,1366,852,35.6,49.9,2,1
5,891,186,33.7,54.7,1,2
4,887,374,23.0,59.6,1,2
8,1637,888,42.9,56.9,2,1
15,2388,500,32.5,66.8,3,3
0,532,424,17.6,63.2,0,0
18,2708,742,27.3,70.7,3,2
7,1327,83,40.7,43.0,1,3
0,482,1000,22.8,60.7,0,0
10,1618,382,35.9,71.4,2,2
20,2881,68,38.3,60.9,3,4
10,1609,603,33.9,57.9,2,2
12,2010,131,23.8,74.7,2,3
16,2542,0,29.9,57.0,2,4
0,361,272,36.9,71.1,0,0
5,915,986,23.9,49.6,1,0
2,773,805,25.6,62.6,1,1
20,3000,848,29.1,73.7,3,2
3,786,0,47.6,61.3,2,3
18,2769,101,13.0,57.5,1,4
6,1475,854,36.6,64.0,1,1
17,2628,881,25.8,58.3,2,2
5,876,572,43.5,53.7,2,1
13,2060,352,38.6,77.4,3,3
12,2075,383,36.4,49.4,2,3
9,1790,631,35.5,70.9,2,2
11,1888,91,13.0,83.0,1,3
7,1292,90,26.0,71.0,2,3
7,1222,427,50.0,74.2,3,2
3,1079,811,19.8,77.7,1,0
14,2249,731,33.2,57.8,2,2
12,1918,560,49.2,82.0,3,2
9,1634,347,27.4,68.5,2,2
9,1236,889,47.8,69.5,3,1
12,1943,827,22.4,81.5,2,2
3,643,747,39.2,43.0,1,1
0,320,430,28.4,51.4,0,0
4,1039,562,16.4,61.5,0,1
10,1840,60,35.2,67.8,2,3
1,702,509,34.5,57.9,1,1
1,515,83,28.6,56.3,1,2
12,1994,455,40.9,59.5,2,2
2,474,21,39.5,52.9,1,2
5,682,825,41.0,73.7,2,0
17,2686,19,28.3,53.9,3,4
20,2750,17,37.5,77.4,3,4
20,2937,837,29.6,83.0,3,3
5,913,84,48.0,63.4,2,4
5,1145,806,15.6,68.9,1,1
15,2189,264,39.3,61.3,3,3
16,2169,356,40.7,50.5,2,3
0,552,330,30.6,66.7,0,0
5,1148,771,15.4,68.7,1,1
16,2515,66,19.7,65.4,2,4
3,573,470,20.4,79.0,1,1
9,1583,546,15.9,55.5,1,2
5,1221,621,26.5,68.3,2,1
10,1733,938,44.4,55.6,2,1
12,2018,958,39.9,65.3,2,1
11,1980,692,30.3,62.8,2,2
12,2367,874,38.8,55.0,2,2
12,2027,503,30.4,46.7,2,2
20,2762,124,27.6,46.3,2,4
4,917,694,13.0,75.3,1,1
13,2264,920,44.9,67.9,3,1
15,2214,693,41.4,49.9,3,2
12,1910,107,36.0,74.7,3,3
15,2375,95,40.2,53.7,3,4
18,2893,952,24.9,66.6,2,2
9,1525,578,34.2,60.1,2,2
7,1337,312,31.4,68.7,2,2
6,1404,646,37.9,64.2,2,1
2,542,834,31.7,65.9,1,0
18,2763,367,39.7,50.9,3,3
12,2049,688,34.7,57.2,2,2
6,1149,44,35.7,52.2,2,3
1,695,64,27.2,70.4,1,2
7,1513,46,24.4,77.4,1,3
18,2389,54,37.4,73.8,3,4
12,1928,341,38.9,60.4,3,2
13,2069,729,40.7,65.4,3,2
6,1209,525,45.4,57.2,2,2
11,1779,367,45.4,62.5,3,3
7,1628,507,32.4,72.9,2,2
7,1426,458,23.0,76.3,1,2
12,1863,275,19.2,59.6,1,3
1,654,115,47.5,59.6,2,2
11,1905,505,26.8,60.8,2,2
19,2674,53,35.7,67.6,3,4
1,471,91,43.9,71.1,2,2
11,2042,21,38.0,61.8,2,3
16,2508,21,31.8,61.2,2,4
20,3000,426,46.3,67.9,4,3
19,2753,97,29.6,65.4,2,4
9,1664,466,21.9,54.6,1,2
6,1173,876,34.4,69.3,2,1
11,1876,874,29.0,59.1,2,1
8,1559,146,48.1,55.6,3,2
10,1642,971,53.0,61.3,3,1
0,452,76,34.7,63.4,0,0
17,2439,958,40.3,69.4,3,2
1,694,523,32.7,46.9,1,1
13,1949,310,38.9,66.5,3,3
7,1284,190,42.0,64.7,2,2
16,2382,954,23.5,60.3,2,2
12,1609,394,46.0,75.3,3,3
12,1781,768,19.4,76.0,2,2
17,2739,273,42.1,71.5,3,3
20,3000,904,41.5,45.8,3,2
0,407,698,29.9,53.4,0,0
12,1941,755,35.2,49.7,2,1
4,1145,142,28.6,43.4,1,2
16,2586,154,23.7,51.0,2,4
0,593,75,30.4,72.0,0,0
4,827,947,33.8,69.5,2,0
19,2581,52,35.7,63.2,3,4
5,1262,73,33.6,60.3,2,2
20,2962,982,39.2,68.3,3,2
20,2975,79,26.0,62.7,2,4
1,627,844,30.2,71.1,1,0
4,1225,960,30.6,67.0,2,0
18,2696,51,41.4,55.9,2,4
4,924,564,42.6,68.7,2,1
11,1810,727,20.1,69.0,2,1
16,2618,948,39.5,78.7,3,2
12,1658,588,26.4,79.7,3,2
10,1578,688,51.2,49.5,2,2
4,773,675,29.1,57.0,1,1
1,388,304,38.2,72.5,2,1
5,1102,870,34.8,68.1,2,0
4,734,53,23.3,68.5,1,2
18,2674,791,36.1,58.1,3,2
3,441,791,31.7,65.0,1,1
5,709,82,25.5,44.2,1,2
15,2453,938,39.2,68.6,3,2
2,475,570,30.7,54.5,1,1
18,2954,854,21.8,78.7,3,2
14,1980,925,29.0,63.3,2,2
8,1597,947,38.1,62.0,2,1
20,2628,74,24.2,63.0,2,4
16,2501,79,27.3,64.1,2,4
20,2933,669,22.4,48.4,2,3
7,1290,78,39.9,62.4,3,3
8,1360,854,40.8,75.9,3,1
10,1767,506,24.3,64.3,2,2
20,3000,59,30.3,72.1,3,4
3,704,120,28.8,64.0,1,2
10,1719,841,30.6,63.2,2,1
7,1377,137,26.1,56.2,1,3
12,1539,255,21.8,83.0,2,3
15,2286,464,48.8,52.3,3,3
8,1376,0,27.4,83.0,3,3
17,2641,604,36.7,43.0,2,3
6,1170,601,46.7,66.4,2,1
1,405,317,26.7,71.5,1,1
7,1261,119,30.2,67.6,2,3
13,1911,38,37.6,59.2,2,4
16,2829,457,24.5,59.3,2,3
8,1523,304,27.5,73.0,2,2
15,2163,898,39.3,43.0,2,1
15,2166,473,35.1,69.6,3,3
0,235,479,31.3,43.0,0,0
17,2602,541,41.0,47.8,2,3
12,1911,476,50.8,43.9,2,2
2,557,453,35.5,66.1,2,1
17,2718,807,23.0,47.9,2,2
14,2200,480,17.5,63.7,2,3
8,1546,580,20.4,65.3,2,2
8,1442,243,43.6,49.1,2,2
9,1618,506,48.2,56.1,3,2
6,1073,814,41.2,66.0,2,1
9,1710,377,16.5,68.1,1,2
18,2830,792,32.5,55.0,3,2
9,1674,558,26.9,48.1,1,2
4,876,367,25.6,65.2,1,2
8,1331,973,35.3,66.9,2,1
6,1142,29,36.4,78.6,2,3
1,760,92,15.1,56.8,0,2
10,1613,69,36.3,67.3,2,3
3,824,604,25.0,59.7,1,1
13,2089,966,32.9,77.9,3,1
18,2677,530,45.7,63.2,3,3
6,800,411,39.4,68.9,1,1
12,2182,147,21.6,46.1,1,3
7,1372,553,30.8,72.9,2,2
1,422,307,30.6,43.0,1,1
9,1616,97,43.2,75.6,3,3
16,2445,134,27.7,52.4,2,4
2,826,739,35.1,61.9,1,1
16,2239,1000,29.8,60.6,2,1
11,1851,1000,41.6,43.0,2,1
16,2494,523,27.9,73.7,3,3
2,921,128,24.0,63.1,1,2
18,2622,60,27.9,55.2,2,4
16,2540,774,14.0,62.8,2,2
9,1629,445,48.5,50.5,2,2
1,464,389,33.4,55.3,2,1
7,1234,316,33.9,73.9,2,2
12,1963,445,35.7,60.2,2,2
2,504,734,37.2,65.2,2,0
6,1103,925,44.8,51.6,2,0
12,2161,907,40.6,71.0,3,1
16,2501,174,30.1,63.6,2,3
18,2630,892,41.8,71.9,3,2
2,874,38,30.2,60.0,1,2
12,1698,215,31.0,57.3,2,3
9,1887,823,42.2,62.4,2,1
12,2110,785,29.7,62.2,2,2
4,1026,413,13.0,65.8,1,2
13,1879,47,26.8,77.3,3,3
12,1864,447,22.7,53.8,1,2
19,2752,581,35.4,64.0,3,3
16,2365,2,33.6,68.3,2,4
9,1325,133,30.7,52.7,1,3
1,766,981,33.2,71.1,2,0
10,1787,581,35.6,78.3,3,2
15,2476,754,31.8,52.4,2,2
8,1693,865,36.1,45.2,2,1
4,1184,222,37.9,46.4,1,2
15,2310,81,17.6,67.7,2,4
20,3000,56,36.4,45.6,3,4
14,2082,86,44.3,59.3,3,4
18,2769,447,47.2,76.5,4,3
6,1510,20,36.3,79.9,3,3
4,1192,499,47.2,83.0,3,2
7,1251,78,21.1,58.0,1,3
19,3000,539,48.2,69.7,4,3
2,601,36,35.8,43.0,1,2
19,2686,461,53.0,56.8,3,3
7,1038,633,32.1,62.5,1,1
14,2191,197,29.6,65.2,2,3
17,2464,491,34.5,76.1,3,3
11,1908,506,52.5,55.1,3,2
12,1984,539,34.2,66.9,2,2
0,450,787,27.3,57.8,0,0
12,1904,68,20.6,62.7,1,3
15,2279,531,21.9,77.3,2,2
2,611,291,33.6,57.7,1,2
12,1969,132,30.8,72.8,2,3
6,1458,93,29.8,64.1,2,3
6,747,318,41.7,58.4,2,2
8,1492,328,46.7,56.3,2,2
17,2951,374,31.6,68.0,3,3
2,716,656,33.0,63.0,2,1
2,551,912,14.7,73.2,1,0
3,656,427,43.7,58.3,2,1
0,539,142,30.9,71.0,0,0
5,993,30,36.3,77.0,2,2
18,2838,30,29.7,61.4,2,4
0,532,3,20.6,68.4,0,0
4,988,826,36.2,47.5,0,0
3,928,411,13.0,71.6,1,1
5,992,468,30.2,55.5,1,1
15,2409,307,38.6,75.2,3,3
4,824,862,36.9,63.9,2,0
11,2120,89,30.4,63.9,2,3
12,1835,401,30.6,76.3,2,2
20,3000,859,24.9,67.9,3,2
16,2159,841,28.1,43.0,2,2
17,2597,360,16.0,51.3,1,3
19,2827,78,31.4,81.1,3,4
18,2790,553,29.3,63.4,2,3
1,623,494,50.4,58.1,2,1
14,2027,548,27.9,59.2,2,3
10,1558,0,38.4,65.6,2,3
18,2829,353,32.6,69.0,3,4
0,200,832,34.9,66.8,0,0
16,2426,813,13.0,55.8,1,2
16,2478,493,28.9,59.2,3,3
14,2394,1000,39.3,67.1,3,1
16,2234,51,53.0,55.9,3,4
13,2052,0,30.7,51.5,2,4
7,1452,390,33.2,63.2,2,2
10,1428,956,26.7,76.5,2,2
5,1033,26,23.6,71.4,1,3
8,1709,453,23.1,70.8,1,2
9,1537,332,36.8,47.8,2,2
11,1799,838,25.4,52.8,1,1
7,1174,303,30.0,65.1,1,2
6,1108,505,36.9,48.4,1,2
14,2092,130,31.2,59.7,2,3
10,1576,43,48.5,60.6,3,3
20,3000,51,47.8,76.7,4,4
2,739,974,31.3,73.3,1,0
17,2703,476,36.7,64.3,3,3
5,1071,487,29.4,47.6,1,2
11,1907,862,38.0,62.1,2,1
18,2757,461,27.2,65.5,2,3
19,2619,711,23.4,75.1,3,2
9,1515,734,34.5,57.2,2,1
8,1291,579,53.0,81.8,4,1
19,2807,298,39.4,83.0,4,4
14,1988,609,25.9,61.0,1,2
12,2115,533,36.9,58.8,2,2
15,2216,110,42.9,59.4,3,4
2,467,46,38.0,76.7,2,2
17,2821,187,22.0,56.1,1,4
14,2001,338,23.6,52.8,2,3
0,260,848,35.7,69.4,0,0
10,1759,961,25.6,71.6,2,1
16,2243,831,45.5,71.3,4,1
16,2832,464,39.6,82.6,4,3
20,3000,48,50.8,74.1,4,4
6,1108,479,52.7,70.9,3,1
12,1822,90,27.5,53.1,2,4
17,2516,142,21.7,72.3,2,4
3,852,644,46.1,58.0,2,1
14,2089,416,39.8,54.9,2,3
5,1043,604,46.9,77.8,3,1
6,1225,778,37.8,67.5,2,1
7,1368,107,41.2,59.9,2,3
9,1500,79,35.8,45.9,2,3
18,2642,355,23.4,53.4,2,3
16,2350,928,45.9,58.7,3,2
10,1474,1000,40.0,66.2,3,1
19,2680,474,23.6,82.0,3,3
7,1413,358,24.0,71.3,2,2
10,1611,886,26.8,60.8,2,1
13,2201,386,25.2,76.1,3,3
13,2176,56,32.9,67.9,2,4
13,1798,509,46.3,59.1,3,2
7,1308,1000,33.8,57.4,2,0
1,596,914,40.2,57.7,2,0
1,433,102,29.4,54.7,1,2
4,970,807,33.7,63.7,1,1
6,957,533,29.7,64.6,2,1
3,933,948,42.9,76.9,2,0
8,1510,736,29.6,80.6,2,1
13,1795,456,41.9,64.3,3,2
17,2754,60,26.0,78.0,3,4
14,2238,503,44.5,52.2,3,3
6,1035,867,37.3,53.8,1,1
7,1135,407,35.3,64.3,2,2
13,2290,343,23.2,56.3,2,3
6,939,117,17.1,58.8,1,2
8,1531,457,25.8,54.1,1,2
14,2200,496,24.3,43.0,1,2
5,963,490,40.1,61.2,2,2
1,453,0,49.4,62.5,2,2
14,2044,52,34.9,51.5,2,4
18,2715,547,35.9,58.7,2,3
13,2208,909,41.2,66.7,3,1
20,2926,17,26.0,61.1,2,4
0,348,131,30.2,46.0,0,0
12,1899,100,18.6,63.7,1,3
11,1990,299,43.6,64.4,3,3
12,1991,988,37.6,68.2,3,1
10,1495,98,30.3,54.6,1,3
4,990,459,29.4,59.5,1,1
2,525,868,17.4,50.4,0,0
15,2354,539,32.4,69.0,3,3
6,1081,69,35.7,69.5,2,2
3,525,874,37.6,83.0,2,0
15,2282,1000,14.7,59.8,1,1
3,836,555,32.0,64.8,2,1
19,2869,837,41.8,68.8,3,2
8,1550,382,30.0,58.3,2,2
1,797,0,37.0,63.6,1,2
17,2551,612,35.3,64.4,3,2
11,1746,295,41.9,78.0,3,3
8,1357,0,28.1,56.9,1,3
4,943,910,26.2,68.2,1,0
18,2946,58,23.4,68.4,2,4
20,2701,111,27.3,77.0,3,4
0,476,62,32.5,67.7,0,0
6,1412,58,37.6,64.0,2,3
1,645,466,38.2,59.9,1,1
7,1310,125,35.2,62.5,2,3
10,1414,104,33.1,67.6,2,3
18,2787,624,51.8,60.6,4,3
2,376,692,52.5,60.9,2,1
20,2898,871,53.0,54.3,4,2
2,498,854,33.0,53.5,1,0
11,1954,626,26.0,47.1,1,2
15,2025,517,31.6,71.7,3,3
20,3000,129,29.9,65.7,3,4
1,590,134,43.3,57.5,2,2
9,1740,111,46.8,58.8,3,3
3,801,801,35.6,53.8,1,0
9,1388,33,28.2,71.2,2,3
4,1211,885,41.4,70.5,2,0
10,1611,829,34.7,60.3,2,1
3,882,981,34.8,63.5,1,0
7,1290,42,40.6,83.0,3,3
2,370,849,42.0,59.8,2,0
13,1842,63,30.1,78.9,3,3
1,556,82,26.4,60.7,1,2
1,424,499,38.3,60.7,1,1
16,2401,59,17.4,64.1,2,4
20,2983,484,34.7,45.6,2,3
17,2689,887,41.1,43.6,2,2
17,2343,553,25.6,43.0,2,3
14,2273,606,35.1,60.6,2,2
15,2479,1000,44.4,65.7,3,1
5,1088,507,33.2,64.3,2,1
16,2467,61,22.9,69.6,3,4
5,1100,808,16.0,72.3,1,1
11,1807,284,37.0,79.5,3,3
2,207,841,26.4,64.9,1,0
8,1255,956,33.6,57.6,2,1
8,1364,1000,45.7,62.1,3,0
16,2566,391,44.0,45.7,2,3
20,2947,816,29.3,63.3,3,2
0,335,361,13.3,56.2,0,0
18,2622,36,31.4,70.9,3,4
7,1128,750,40.9,65.8,2,1
6,1291,838,24.7,66.3,1,1
1,399,890,49.7,63.8,2,0
12,1675,487,24.1,60.3,2,2
19,2829,0,27.3,54.2,2,4
14,2252,439,16.6,57.7,2,3
18,2689,907,44.0,71.0,3,2
4,948,745,30.3,65.4,2,1
1,594,336,42.5,60.4,2,1
5,1318,844,39.1,75.6,2,1
16,2556,538,33.7,64.4,3,3
18,2827,1000,20.4,68.7,2,2
15,2238,173,32.9,62.5,3,3
1,459,78,38.5,76.2,2,2
12,1791,427,16.0,49.3,1,2
20,3000,926,38.3,47.6,3,2
12,1861,953,40.5,62.0,3,1
9,1573,246,31.2,63.6,2,3
16,2636,807,31.2,59.5,3,2
6,894,418,21.3,60.9,1,3
10,1922,8,17.7,61.4,1,3
1,469,489,37.5,83.0,2,1
11,1729,684,31.9,70.7,2,2
20,3000,56,40.7,61.2,3,4
13,2194,475,22.0,62.6,2,3
16,2654,896,30.0,66.2,3,2
4,1025,195,33.4,74.7,2,2
17,2428,356,33.5,47.9,2,3
7,1206,625,53.0,62.3,3,1
16,2426,586,13.0,58.4,1,2
9,1577,429,38.8,53.3,2,2
2,839,406,30.8,54.2,1,1
1,470,162,39.2,63.7,2,2
10,1621,612,38.2,58.1,2,2
1,469,130,35.9,43.8,1,2
16,2692,68,33.9,71.2,3,4
12,1905,899,27.6,43.0,1,1
20,3000,784,28.4,64.9,3,3
7,1299,565,33.3,53.5,1,2
16,2447,662,28.8,67.2,2,2
9,1493,146,25.7,71.7,2,3
7,1376,564,36.9,76.6,2,2
0,434,287,17.7,60.7,0,0
1,760,537,30.9,70.5,2,1
6,1287,385,13.0,53.9,0,2
12,1876,858,30.0,76.5,2,1
16,2507,822,44.4,73.8,3,2
17,2614,684,24.5,51.4,2,3
10,1758,796,37.1,53.4,2,1
13,2171,432,38.8,54.6,2,3
14,2315,385,30.4,68.7,2,3
5,945,852,22.8,65.0,1,0
11,1893,0,47.1,60.9,3,3
7,1472,334,20.7,56.7,1,2
17,2351,292,39.5,59.1,3,3
16,2496,397,35.0,62.5,3,3
5,930,44,29.6,47.5,1,2
7,1396,25,39.7,70.7,2,3
18,2835,701,42.2,68.1,3,2
4,1018,422,17.3,53.5,0,2
17,2665,87,37.7,57.2,3,4
13,2014,565,45.1,83.0,3,2
19,2865,908,13.0,50.8,1,2
19,2944,896,38.7,43.0,2,2
2,501,725,36.1,53.2,1,0
6,1167,622,19.9,77.3,2,1
1,722,0,42.6,76.6,2,2
18,2849,988,38.9,58.8,3,2
19,2756,411,25.9,61.6,2,3
16,2290,134,13.0,56.7,1,4
6,1072,322,25.4,53.8,1,2
0,200,453,43.3,67.0,0,0
17,2587,634,29.8,65.5,3,3
9,1559,114,34.6,63.3,2,3
20,3000,860,39.4,68.5,3,2
0,369,441,27.6,47.8,0,0
10,1609,886,44.9,66.3,3,1
15,2596,87,25.5,57.8,2,4
15,2315,151,17.8,52.4,1,3
19,2785,858,23.3,59.0,2,2
10,1729,122,18.0,60.7,1,3
20,2932,879,36.2,69.3,4,2
7,1455,404,46.4,73.5,3,2
20,2986,869,29.3,63.7,3,2
13,2019,805,25.6,72.1,2,2
18,3000,692,17.8,57.4,2,3
10,1712,952,13.8,47.3,1,1
6,1327,389,38.2,45.9,1,2
6,1521,261,43.6,65.9,3,2
18,2684,306,25.7,59.6,2,3
20,2768,78,21.6,69.8,2,4
11,2079,82,32.7,59.2,2,3
15,2462,831,25.7,66.0,2,2
12,2196,538,32.9,69.7,2,2
12,1953,411,35.6,71.3,2,3
10,1763,826,39.3,53.7,2,1
4,983,390,36.6,64.7,2,2
9,1385,917,34.7,58.9,2,1
18,2680,841,39.3,61.9,3,2
5,1005,341,17.8,65.2,1,2
10,1895,32,47.1,54.1,2,3
13,1840,69,31.7,67.5,2,2
16,2402,382,43.3,77.7,4,3
13,1888,76,37.0,71.5,3,3
5,978,15,33.2,63.0,2,3
19,2684,117,24.1,67.3,2,4
8,1540,379,37.2,60.2,2,2
11,1787,672,13.0,63.2,1,2
2,737,962,31.3,66.4,1,0
5,1015,100,22.5,53.3,1,3
2,745,538,24.4,56.8,1,1
5,1185,75,39.9,61.0,2,3
4,875,966,19.4,57.5,1,0
19,2805,288,25.7,63.9,2,4
17,2680,452,42.5,57.7,3,3
0,436,118,18.3,63.0,0,0
4,1002,76,39.7,65.8,2,2
4,989,924,47.1,68.2,2,0
4,727,836,27.4,61.0,1,1
20,2735,591,53.0,68.7,4,3
15,2205,786,27.5,54.1,2,2
2,556,99,18.3,64.3,1,2
4,1047,60,35.4,67.9,2,2
18,2596,880,39.9,66.2,3,2
8,1555,404,42.6,62.1,2,2
17,2729,249,23.9,64.1,2,4
16,2424,787,43.1,67.5,3,2
9,2061,994,23.4,57.0,2,1
10,1546,334,53.0,51.5,2,2
4,870,17,24.0,74.6,2,2
14,1966,748,18.7,52.4,1,2
16,2339,364,30.7,82.8,3,3
7,1458,452,29.8,72.5,2,2
2,734,398,37.7,52.5,1,1
11,1684,469,31.0,55.1,1,2
15,2490,130,32.3,61.3,2,4
2,630,424,22.2,76.2,1,1
0,560,97,19.0,73.3,0,0
18,2806,1000,23.6,58.5,2,2
12,2020,203,29.5,55.6,2,3
16,2588,888,22.8,61.7,2,2
13,2178,449,49.5,71.6,4,2
20,2995,742,34.8,73.8,3,3
19,2722,949,38.4,61.6,3,2
17,2565,73,23.3,47.8,2,4
19,2947,529,51.5,55.1,4,3
20,2896,429,39.1,58.7,3,3
0,353,69,27.6,59.5,0,0
4,963,875,32.0,58.2,1,0
13,1920,105,36.7,59.7,2,3
2,793,412,45.1,73.8,2,1
11,1814,830,35.6,65.0,2,1
3,853,96,52.2,58.5,2,2
17,2531,73,45.5,59.3,3,4
18,2740,286,32.8,73.6,3,3
4,807,839,14.3,62.1,1,1
0,505,500,46.9,61.6,0,0
20,2753,233,48.2,74.1,4,4
13,2198,876,29.6,59.5,2,1
4,776,656,28.7,57.8,1,1
19,2903,331,25.7,55.4,2,4
17,2554,606,13.0,53.0,1,3
9,1629,61,31.9,64.5,2,3
10,1729,630,24.7,69.0,2,2
19,3000,67,32.3,65.6,3,4
3,555,400,34.2,66.7,1,2
12,1923,134,34.3,51.0,2,3
4,633,781,13.0,69.4,1,1
6,1337,865,28.3,70.0,2,1
17,2512,529,28.5,66.2,2,3
4,1038,51,22.9,45.3,0,3
3,751,83,36.2,70.6,2,2
15,2341,443,30.8,71.4,2,3
14,2092,968,23.7,60.7,2,1
11,1953,549,14.6,59.6,1,2
19,2925,25,22.6,75.5,3,4
19,3000,307,31.6,55.8,3,4
17,2530,476,33.4,49.6,2,3
6,1199,758,35.3,73.8,2,1
11,1885,399,27.3,52.2,2,2
13,2033,930,27.7,62.8,2,1
5,739,92,45.2,59.8,2,2
0,200,603,23.2,55.9,0,0
8,1551,60,33.7,64.1,2,3
7,1193,612,20.3,53.3,1,1
18,2727,215,24.0,75.9,3,4
7,1186,295,35.8,49.5,1,2
18,2760,813,33.8,74.2,3,2
7,1422,539,31.4,43.0,1,2
7,1140,10,36.7,83.0,3,2
11,1882,864,21.5,64.7,1,1
4,979,872,36.0,75.0,2,0
16,2289,779,29.7,65.8,2,2
7,1160,464,16.3,73.7,1,2
16,2375,820,41.9,74.6,3,2
11,1827,470,22.6,45.7,1,2
19,2673,133,49.0,73.8,4,4
12,1725,380,28.8,65.6,2,3
4,810,724,20.6,83.0,1,1
2,678,9,26.5,68.0,1,2
11,1852,94,43.5,51.1,2,3
11,2038,137,52.4,47.1,3,3
0,540,397,34.2,51.7,0,0
3,784,511,36.3,77.3,2,1
1,525,548,29.1,50.3,1,1
2,574,39,29.2,70.1,1,2
10,1739,326,36.7,71.7,3,3
4,1033,183,24.3,44.0,1,2
11,1894,611,36.2,78.3,3,2
14,2134,378,27.1,75.4,2,3
2,843,267,29.5,62.5,1,2
2,407,840,32.7,61.3,1,0
3,495,52,31.9,53.6,1,2
0,445,502,21.5,83.0,0,0
7,1214,113,46.5,59.6,2,3
9,1233,434,19.6,73.0,1,2
2,666,892,30.5,66.8,1,0
17,2478,64,23.0,70.6,2,4
10,1564,494,22.1,68.1,2,2
6,1116,305,44.6,64.1,2,2
12,1771,71,18.7,69.9,2,3
6,1013,288,33.4,58.6,1,2
8,1268,394,18.6,82.7,2,2
5,880,702,30.6,70.5,2,1
10,1822,388,47.0,70.1,3,2
4,947,392,33.5,48.2,1,1
0,571,835,15.4,46.9,0,0
5,1032,105,42.9,50.6,1,2
3,596,70,33.9,70.8,2,2
6,1105,65,17.7,56.6,1,3
14,2056,958,26.2,53.8,2,1
20,2694,291,34.4,71.0,3,4
2,729,605,24.4,57.1,1,1
16,2409,123,39.1,73.6,3,4
7,1403,152,40.9,59.4,2,3
13,2117,20,24.6,76.7,2,4
9,1383,787,27.7,58.7,1,1
8,1399,479,33.4,56.3,2,2
9,1571,277,30.7,49.4,1,2
11,1778,403,24.6,74.1,2,2
13,2067,361,34.3,55.5,2,3
9,1912,46,46.3,71.2,3,3
10,1564,401,43.4,75.7,3,2
15,2192,63,42.9,65.1,3,4
17,2895,122,14.9,65.3,2,4
1,563,407,32.0,51.8,1,1
13,1916,315,27.1,65.6,2,3
17,2366,798,33.1,44.3,2,2
20,3000,504,34.4,63.9,3,3
14,2112,315,32.2,62.8,2,3
20,2895,1000,28.2,43.0,2,2
15,2401,74,31.6,79.4,3,3
20,3000,550,42.2,58.6,3,3
19,3000,428,18.6,62.8,2,3
10,1731,307,24.8,48.5,1,2
7,1213,104,48.5,51.7,2,3
7,1159,77,14.4,69.9,1,2
13,2050,511,19.6,59.1,2,2
5,1080,108,22.3,43.0,1,2
9,1560,60,27.0,81.3,2,3
9,1347,77,32.7,54.8,1,3
17,2585,409,22.9,65.6,2,3
15,2324,795,17.5,66.1,2,2
16,2521,501,38.1,62.3,3,3
16,2524,505,41.9,77.9,4,3
17,2870,978,41.7,53.7,3,2
8,1461,366,25.3,77.0,2,2
0,449,40,33.1,63.9,0,0
14,2340,333,45.1,62.9,3,3
5,971,946,40.6,56.7,2,0
8,1503,849,23.0,64.3,1,1
1,436,309,27.5,54.7,1,1
12,2012,491,46.6,64.7,3,2
2,628,471,18.5,69.9,1,1
11,2125,431,16.9,73.7,2,3
18,2775,88,29.6,60.8,3,4
3,886,773,41.5,56.9,2,1
2,559,79,40.0,73.3,2,2
0,206,817,16.1,70.4,0,0
8,1164,283,53.0,66.8,3,2
13,1878,30,23.6,49.8,1,4
17,2868,36,21.3,69.6,2,4
8,1385,300,26.6,60.5,1,2
1,383,87,41.3,69.0,2,2
9,1487,186,45.2,70.9,3,3
8,1500,745,26.2,57.1,1,1
1,656,765,14.5,66.9,0,0
17,2842,789,32.9,69.9,3,2
1,740,84,47.3,54.7,2,2
8,1744,845,28.5,76.5,2,1
7,1259,965,40.6,69.3,2,0
18,2894,771,32.0,65.0,3,2
14,2256,477,16.5,54.8,1,3
10,1859,351,39.8,74.4,3,2
16,2347,892,35.2,62.0,2,2
10,1671,37,26.9,47.6,1,3
10,1891,32,34.3,69.0,2,3
12,2115,115,25.0,70.6,2,3
0,401,751,49.3,63.6,0,0
14,2220,62,39.8,79.9,4,4
18,2557,106,29.7,53.6,2,4
8,1274,358,41.8,66.1,2,2
2,675,99,25.9,74.5,1,2
9,1444,53,31.2,60.9,2,3
10,1775,394,24.3,53.0,1,2
20,3000,410,35.5,50.9,3,4
16,2160,499,41.8,56.2,3,3
2,791,858,38.8,67.7,2,0
12,2113,900,13.0,62.7,1,1
12,1823,757,25.4,49.2,1,2
9,1503,124,42.0,63.3,2,3
9,1736,983,48.8,81.8,3,1
16,2405,162,38.3,75.3,3,4
8,1410,771,30.0,43.0,1,1
5,1184,67,47.7,51.0,2,2
12,2111,503,22.4,53.8,1,2
4,1098,474,21.7,55.6,1,1
2,592,854,33.1,54.4,1,0
14,2371,67,29.7,67.0,3,4
8,1398,578,15.7,62.4,1,2
10,1636,939,37.4,67.8,3,1
5,816,46,29.3,57.8,1,3
16,2344,784,26.7,58.8,2,2
15,2473,807,20.5,65.0,2,2
19,2723,750,37.5,67.0,3,2
13,1954,138,25.3,50.6,1,3
13,2208,863,15.8,50.2,1,2
11,2029,404,19.1,59.4,1,2
10,1505,814,45.0,50.0,2,1
14,2393,426,40.8,76.5,3,3
10,1711,69,21.6,65.4,1,3
5,974,58,19.1,62.4,0,3
17,2616,42,45.7,55.5,3,4
3,621,234,27.0,72.4,2,2
12,2056,770,39.8,57.5,2,2
7,1192,76,33.4,60.6,1,3
14,2114,124,36.4,48.6,2,4
17,2735,492,32.1,63.0,3,3
13,2182,963,26.3,70.1,2,1
3,1050,892,19.4,61.0,1,0
7,1383,241,34.0,60.6,2,2
0,519,143,46.0,63.1,0,0
19,2850,615,44.3,58.4,3,3
9,2007,64,32.5,63.8,2,3
8,1135,920,42.5,64.0,3,1
17,2799,418,21.0,76.6,2,3
13,2296,362,26.0,65.5,2,3
11,1951,62,26.2,62.1,2,3
11,1927,616,33.8,67.0,2,2
17,2505,253,51.1,50.4,3,4
9,1699,517,31.3,51.4,2,2
8,1542,494,21.0,80.2,2,2
15,2304,565,29.7,52.5,2,2
10,1926,1000,23.4,71.8,2,1
3,785,150,53.0,65.2,3,2
3,864,852,17.8,81.4,1,0
12,2029,9,44.8,50.6,3,3
9,1688,227,26.7,71.3,2,3
9,1554,922,33.4,71.2,2,1
4,937,11,31.4,65.6,1,2
8,1344,333,25.3,76.8,2,2
16,2414,521,41.3,71.7,3,3
7,1302,124,51.6,81.5,3,3
12,2008,812,38.3,53.0,2,1
7,1470,884,49.1,64.7,2,1
13,2032,468,30.9,45.4,1,3
6,1350,406,23.0,62.3,1,2
15,2089,858,37.7,61.2,3,2
5,936,773,38.5,54.6,2,1
17,2646,88,36.1,48.7,2,4
12,1746,390,19.0,69.8,2,2
16,2338,77,44.2,63.5,3,4
11,1822,870,24.8,54.8,1,1
8,1534,120,43.3,57.1,2,3
7,1383,114,34.9,53.9,2,3
7,1179,870,34.6,65.5,2,1
10,1703,126,13.0,47.2,0,3
14,2228,89,29.1,61.4,2,4
5,992,416,21.7,67.0,1,2
13,1666,306,20.0,49.2,1,3
3,556,981,17.2,45.1,0,0
5,1096,377,29.2,43.1,1,2
18,3000,326,36.8,64.6,3,4
3,716,344,37.1,65.3,2,2
10,1732,878,15.8,60.8,1,1
0,406,521,13.0,77.5,0,0
5,1179,62,32.9,56.1,2,3
7,1471,82,40.6,72.7,2,3
14,2269,686,49.9,55.7,3,2
7,1183,443,44.4,59.4,2,2
0,430,900,33.1,70.8,0,0
10,1638,830,25.1,77.5,2,1
14,2330,556,53.0,60.3,4,3
20,3000,215,43.4,56.4,3,4
20,2866,873,33.6,59.9,3,2
20,3000,157,25.2,83.0,3,4
17,2816,567,25.4,79.7,3,3
2,500,24,47.8,58.3,2,2
7,1158,56,30.0,71.5,2,3
0,200,283,27.4,63.8,0,0
19,3000,273,40.8,56.1,3,4
17,2871,58,53.0,43.3,3,4
20,2900,915,51.5,64.6,4,2
12,1797,102,18.8,53.8,1,3
12,2027,871,33.9,63.6,2,2
11,1796,60,43.0,61.5,3,3
13,1965,350,40.8,69.4,3,3
16,2794,578,32.2,61.0,3,3
8,1371,593,23.1,72.4,2,2
20,3000,407,30.6,73.1,3,4
1,527,517,32.4,54.3,1,1
17,2273,42,35.0,66.3,3,4
7,1508,58,31.9,54.3,1,3
11,1705,601,33.7,55.2,2,2
8,1230,892,45.0,58.0,2,1
8,1278,672,41.5,67.3,2,1
5,1004,81,39.8,81.8,3,3
0,492,828,31.7,56.6,0,0
16,2606,132,23.8,56.6,2,4
0,333,802,35.9,60.4,0,0
1,352,103,27.9,81.4,2,2
16,2464,912,45.8,56.7,3,2
17,2479,834,41.1,62.1,3,2
20,2999,955,18.2,48.6,2,2
16,2352,100,13.0,62.2,1,4
6,1264,880,28.6,74.3,1,1
15,2238,71,13.0,56.1,1,4
11,1717,64,15.3,83.0,2,3
14,2008,20,33.3,57.7,2,4
5,1038,3,40.0,52.8,2,3
16,2456,519,38.2,52.3,2,3
14,2557,894,33.8,58.1,3,2
6,918,77,24.8,76.8,2,2
1,719,704,25.2,43.0,0,1
9,1742,327,42.6,68.0,3,2
6,1353,446,24.0,63.9,1,2
4,1029,1000,29.6,73.0,2,0
10,1519,46,33.8,61.8,2,3
0,372,96,36.8,65.2,0,0
14,2494,121,45.7,59.5,3,3
3,857,364,35.0,73.0,2,2
11,1898,119,13.0,72.1,2,3
1,467,777,13.7,73.3,1,0
17,2495,445,21.0,65.7,2,3
0,418,804,45.9,70.3,0,0
12,2105,958,33.1,74.5,3,1
0,730,589,39.5,64.0,0,0
1,654,775,35.8,71.2,2,0
20,3000,629,52.9,51.6,3,3
4,933,401,53.0,61.1,3,2
0,200,115,20.9,53.9,0,0
12,1928,53,26.4,55.1,1,3
15,2240,979,33.2,61.8,2,1
16,2227,470,49.1,66.8,3,3
8,1239,122,15.4,71.2,1,3
20,3000,722,36.4,79.7,4,3
20,2881,0,34.5,55.3,2,4
20,2965,142,26.6,67.9,3,4
1,597,342,17.1,68.4,0,1
8,1383,387,38.6,68.5,2,2
20,3000,232,25.2,57.7,3,4
18,2996,280,33.6,50.0,2,4
19,2920,647,53.0,50.1,3,3
12,1999,396,31.2,75.6,3,2
5,913,535,34.6,46.9,1,1
4,1153,415,27.5,65.6,1,2
12,2049,345,39.1,61.2,2,3
15,2216,40,28.9,80.5,3,4
19,2972,47,27.0,58.6,2,4
19,2803,441,32.4,49.4,2,3
19,2989,405,34.9,70.6,3,4
2,673,702,36.8,48.4,1,1
0,367,440,24.6,57.1,0,0
4,870,86,18.3,53.7,1,2
7,1556,104,25.5,60.3,1,3
16,2630,50,28.9,52.6,2,4
15,2199,70,23.7,43.0,1,4
15,2067,364,39.9,63.8,3,3
18,2952,117,13.3,75.9,2,4
18,2532,51,42.4,67.5,3,4
16,2639,55,24.3,48.5,2,4
10,1687,816,41.6,67.6,3,1
9,1617,750,35.9,54.7,2,1
4,649,217,40.2,73.1,2,2
11,1965,867,30.7,57.5,2,1
10,1735,694,43.9,65.9,3,2
11,1716,750,29.5,57.5,2,2
3,551,47,37.0,71.1,2,2
12,2170,80,38.0,46.4,2,3
10,1686,876,34.5,50.6,2,1
9,1320,80,50.0,66.9,3,3
16,2360,636,26.3,68.3,2,2
4,804,506,27.1,79.2,2,1
18,2714,1000,33.4,81.7,3,2
3,654,1000,31.3,61.5,1,0
4,706,305,19.6,58.4,1,2
15,2516,873,38.7,43.0,2,2
4,1101,495,36.1,55.9,1,1
12,1777,399,36.1,56.2,2,2
13,2219,56,39.7,56.6,2,3
10,1580,112,42.8,83.0,3,3
10,1944,909,43.9,69.1,3,1
5,1483,882,34.8,69.7,2,1
19,2953,115,45.5,68.8,4,4
13,2155,103,28.0,68.6,2,3
13,2001,97,21.2,63.6,2,3
6,1032,483,26.1,45.7,1,2
13,2196,921,33.4,72.8,3,1
10,1897,389,32.9,69.2,2,2
3,803,470,14.9,80.3,1,1
13,2014,975,26.8,65.2,2,1
15,2268,557,41.2,73.4,3,2
4,1023,812,42.6,83.0,3,0
19,3000,41,45.2,58.2,4,4
15,2472,847,43.4,68.1,4,2
1,564,471,52.9,73.6,3,1
12,2412,889,21.4,70.4,2,1
5,907,628,25.9,67.5,1,1
0,258,705,29.6,51.6,0,0
16,2174,945,32.4,80.7,3,2
14,2078,65,23.6,61.7,2,4
2,692,80,38.2,83.0,2,2
8,1254,597,38.0,68.6,2,2
20,2742,720,34.7,70.8,3,3
17,2439,541,44.2,45.5,3,3
13,2016,885,16.0,69.1,2,1
6,1153,596,49.0,50.7,2,1
1,524,563,13.0,61.5,0,1
12,1970,858,36.9,77.9,3,1
12,2035,955,29.4,67.9,2,1
11,1903,418,28.7,58.6,2,2
7,1172,872,47.1,69.3,3,0
6,1466,539,25.4,63.4,1,1
2,567,769,42.0,74.3,2,0
13,2350,384,36.0,60.3,2,3
5,1138,175,28.7,45.2,1,2
1,416,301,28.1,49.4,0,1
18,2778,872,25.0,65.6,2,2
15,2202,843,37.5,67.7,3,2
11,1506,466,14.0,65.6,1,2
7,1282,557,36.0,74.8,2,1
7,1302,382,24.6,74.3,2,2
8,1469,182,25.0,67.5,2,3
2,929,54,29.4,60.3,1,2
9,1535,797,23.9,80.5,2,1
17,2182,30,41.7,69.5,3,4
4,915,149,22.9,67.7,1,2
1,651,425,26.5,57.3,1,1
10,1751,34,28.8,66.1,2,3
2,919,150,38.0,55.0,2,2
17,2610,507,33.0,76.2,3,3
13,2052,577,26.7,72.2,2,2
12,1589,349,36.6,66.6,2,3
14,2152,478,21.9,67.8,2,2
19,2796,236,38.9,52.2,3,4
16,2343,662,41.8,68.8,3,2
14,2466,77,53.0,72.9,4,4
11,1793,507,19.4,48.7,1,2
11,1828,368,28.2,43.4,1,3
18,2801,296,27.3,66.7,3,4
16,2512,886,29.9,72.4,3,2
0,372,49,33.4,75.6,0,0
16,2639,412,48.3,56.8,3,3
17,2724,503,29.7,70.9,3,3
6,1226,872,31.2,64.3,2,1
15,2158,184,33.9,73.0,3,3
18,3000,644,42.3,58.4,3,3
16,2214,766,28.8,78.9,3,2
20,2798,841,36.0,59.5,3,2
2,562,54,25.7,79.6,1,2
20,2980,235,44.5,59.7,3,4
15,2514,518,23.0,63.2,2,3
17,2802,121,46.7,58.4,3,4
18,3000,914,47.4,66.7,4,2
19,2594,480,36.0,82.7,4,3
1,239,92,22.3,60.0,0,2
18,2838,1000,30.4,67.0,2,2
15,2486,753,36.3,62.3,2,1
19,2622,682,28.2,51.4,2,2
6,1218,805,28.9,50.2,1,1
2,681,737,38.5,68.0,2,1
12,2047,98,39.7,73.5,3,3
5,741,75,22.7,62.9,1,2
18,2918,112,31.8,61.3,3,4
14,2412,579,25.3,68.1,2,2
3,1055,803,40.0,67.7,2,0
4,931,69,42.4,69.0,2,3
19,2968,317,53.0,60.3,4,4
12,1974,152,23.4,73.8,2,3
18,3000,528,41.2,71.8,3,3
15,2274,355,31.8,67.3,2,3
11,1906,433,33.8,70.0,2,2
18,2789,961,17.3,46.6,1,2
2,530,883,17.4,62.6,1,0
3,1219,744,29.5,53.9,1,1
18,2784,74,25.2,67.0,2,4
19,2761,69,40.2,83.0,4,4
16,2659,514,28.4,60.5,2,3
6,1078,952,28.6,61.5,2,0
9,1508,497,25.2,70.7,2,2
6,1381,861,46.4,62.1,2,1
2,528,50,31.0,67.6,1,2
11,1886,117,20.3,66.3,2,3
17,2848,789,33.1,73.9,3,2
13,2128,87,40.3,64.6,3,3
6,1272,824,32.9,56.8,2,1
19,2889,266,18.6,68.0,2,4
15,2613,734,40.8,74.4,3,2
17,2584,96,35.9,64.2,3,4
12,1754,85,30.0,75.6,2,3
5,1071,423,45.1,67.7,2,1
7,1520,912,15.1,56.6,1,1
2,592,769,30.2,83.0,2,0
14,2303,55,34.0,83.0,3,4
8,1446,552,37.2,76.2,2,2
17,3000,807,52.7,47.9,3,2
4,1204,629,47.7,83.0,3,1
12,2026,734,40.3,56.1,2,2
4,1052,387,45.7,56.6,2,2
10,1809,768,31.8,66.0,2,2
6,1148,474,16.7,66.7,1,2
9,1399,422,40.1,62.9,3,2
17,2650,106,25.4,45.5,2,4
8,1353,778,30.3,78.7,2,1
16,2551,474,39.8,62.7,3,3
11,1918,645,41.6,74.7,3,2
5,1002,654,14.2,64.9,1,1
18,2686,546,26.2,66.2,3,3
3,848,418,28.6,63.9,1,1
2,470,491,13.0,60.0,0,1
9,1661,879,13.7,65.0,1,1
3,632,463,31.4,70.9,2,1
8,1120,54,25.3,65.8,1,3
1,482,130,36.0,60.4,1,2
2,834,346,37.3,71.7,2,2
20,3000,726,24.7,73.1,3,3
20,3000,423,32.1,71.3,3,3
12,1916,122,27.2,66.2,2,3
16,2596,414,49.9,43.0,3,3
16,2390,485,34.0,55.1,2,3
11,1897,119,37.3,55.3,2,3
13,2243,248,20.0,49.5,1,3
6,949,557,34.0,48.4,1,1
20,2816,58,44.9,61.5,4,4
12,1892,40,24.3,61.1,2,3
5,985,320,31.2,54.1,2,2
12,2023,746,29.9,56.5,2,2
2,535,87,26.4,63.2,1,2
14,2181,164,38.9,55.3,2,3
4,768,675,53.0,55.2,2,1
18,2724,481,48.0,56.9,3,3
8,1303,794,40.3,62.0,2,1
5,1096,571,41.5,64.1,2,1
16,2605,383,41.1,48.8,3,3
6,1240,840,49.0,48.4,2,1
10,1999,748,26.6,55.6,0,2
5,1057,62,35.2,62.4,2,3
1,642,934,21.0,51.7,0,0
4,873,936,32.7,62.1,1,0
16,2342,56,39.7,51.2,2,4
4,949,11,27.6,45.0,0,3
4,897,909,25.1,51.3,1,0
7,1144,348,14.5,53.3,0,2
9,1697,76,40.5,55.7,2,3
16,2461,882,33.1,67.9,2,2
0,473,55,21.6,53.6,0,0
7,1420,388,37.5,61.3,2,2
15,2354,211,13.0,70.6,1,3
8,1669,283,33.8,70.1,2,3
15,2416,586,22.9,59.6,2,2
8,1176,64,36.2,74.2,2,3
8,1469,484,43.0,53.6,2,2
12,2099,763,21.1,77.4,2,2
18,2751,103,15.3,83.0,2,4
17,2482,51,15.8,59.8,2,4
4,698,769,37.9,51.9,1,1
5,815,911,35.3,78.1,2,0
6,1230,84,25.0,80.5,2,3
12,2040,71,53.0,62.5,3,3
20,2966,540,34.2,60.1,3,3
12,1789,726,35.3,53.6,2,2
8,1585,576,46.7,70.2,3,2
14,2384,355,18.9,62.8,2,3
17,2634,666,37.2,56.9,3,3
8,1427,762,26.8,44.2,1,1
7,1352,875,30.5,74.7,2,1
13,2203,871,34.3,67.2,3,1
4,673,285,53.0,68.6,3,2
4,989,330,40.5,71.1,2,2
13,2212,419,40.6,70.2,3,3
13,2330,344,15.3,59.6,1,3
5,1099,376,17.9,48.8,1,2
6,1256,442,28.3,66.7,2,2
0,291,393,42.6,63.2,0,0
20,3000,157,29.6,66.6,3,4
16,2299,304,53.0,60.7,3,3
8,1407,921,31.7,66.3,2,1
6,1114,781,42.2,69.2,2,1
17,2744,110,38.1,64.0,3,4
15,2177,476,42.6,62.1,3,3
20,2929,1000,40.5,61.8,3,2
12,1926,31,45.6,53.4,2,3
12,2146,871,38.7,44.6,2,1
13,1884,893,40.5,62.2,2,1
20,3000,511,18.4,43.0,2,3
8,1450,329,40.2,48.9,2,2
12,1850,385,53.0,46.1,3,3
12,2099,882,22.1,74.6,2,2
4,941,344,43.3,73.7,2,2
10,1501,354,38.6,56.1,2,2
1,404,80,45.5,66.4,2,2
1,617,95,31.7,49.1,1,2
18,2713,463,36.5,67.0,3,3
2,682,668,50.5,57.2,2,1
13,2003,516,17.3,77.5,2,2
19,2939,942,30.7,64.9,3,2
9,1630,463,25.8,56.0,1,2
14,2175,349,34.0,70.6,3,3
12,1873,25,16.3,78.6,2,3
7,1559,457,30.7,59.5,2,2
2,1011,741,34.6,69.8,2,1
19,2945,357,43.3,56.4,3,3
15,2615,0,32.8,67.5,3,4
8,1239,1000,20.6,82.0,2,0
6,1012,60,37.7,67.8,2,3
16,2501,346,36.9,50.4,2,3
20,3000,159,35.6,83.0,4,4
14,2540,576,47.4,63.1,3,2
20,2994,273,33.3,65.8,3,4
14,2275,1000,39.6,55.6,3,1
16,2601,307,32.9,65.0,3,3
4,668,359,28.8,71.7,2,2
14,2235,42,41.3,59.2,3,3
14,2316,822,37.1,52.9,2,2
8,1293,504,48.7,71.1,3,2
11,1743,588,53.0,43.0,3,2
16,2272,290,25.1,68.2,2,3
16,2479,169,25.1,66.6,2,4
15,2556,86,19.2,57.6,2,4
8,1471,509,38.9,58.8,2,2
15,2550,127,29.0,82.7,3,4
19,2795,56,34.6,58.0,3,4
13,2116,298,30.9,65.8,2,3
12,2277,994,34.0,71.5,3,1
20,2989,465,53.0,78.4,4,3
2,706,709,31.7,71.2,2,1
15,2329,877,41.9,51.2,3,2
1,517,137,36.5,65.0,2,2
3,886,93,53.0,43.0,2,2
19,2915,78,32.4,57.6,3,4
5,931,475,26.3,49.0,1,1
19,2977,996,34.6,69.0,3,2
16,2520,518,50.8,52.8,4,3
13,1964,140,35.8,67.3,3,3
4,976,85,41.8,43.9,1,2
12,1994,349,35.7,65.1,2,3
6,1451,45,42.0,58.0,2,3
7,1220,752,25.2,67.8,1,1
20,3000,884,20.8,56.9,1,2
5,812,254,34.9,60.1,1,2
8,1374,663,24.5,49.1,1,1
7,1030,129,37.7,83.0,3,2
6,832,353,34.4,83.0,2,2
12,1992,91,25.9,68.2,2,3
0,530,45,22.0,67.4,0,0
1,608,441,24.4,51.0,1,1
6,1231,42,26.1,56.4,1,3
20,3000,108,29.0,67.9,3,4
1,653,435,17.7,63.3,1,1
20,2874,1,44.2,65.9,3,4
17,2316,59,37.2,69.5,3,4
12,1943,367,45.4,72.6,3,3
8,1577,376,32.7,76.9,2,2
8,1584,957,21.0,48.5,1,1
18,2760,494,21.8,54.5,1,3
6,819,391,25.9,65.1,1,2
11,1817,302,34.1,61.7,2,3
16,2651,1000,33.4,50.0,2,2
1,581,84,25.8,68.4,1,2
18,2688,47,39.5,51.2,3,4
11,1834,122,24.2,62.6,2,3
0,555,822,19.6,83.0,0,0
10,1709,86,32.7,54.9,2,3
20,3000,351,46.8,70.6,4,4
12,2070,439,27.4,46.9,2,3
14,2201,436,21.5,77.2,2,3
14,2319,322,38.9,78.4,3,3
16,2680,52,22.5,67.5,2,4
16,2552,20,13.0,74.4,2,4
13,2376,282,41.7,61.5,3,3
14,2168,454,39.4,61.8,2,3
9,1347,833,34.2,47.2,1,1
5,1073,276,26.4,73.5,2,2
7,1114,95,32.7,64.1,2,3
0,267,592,41.3,55.7,0,0
6,1221,415,25.3,74.1,2,2
15,2613,440,26.2,65.5,2,3
7,1400,515,39.7,52.9,2,2
19,2787,65,29.9,65.2,3,4
3,790,817,42.5,68.6,2,0
5,889,55,25.9,76.1,2,3
1,314,90,20.0,63.2,1,2
4,1208,121,33.7,78.6,2,2
19,2836,267,43.4,52.5,3,4
10,1871,109,19.2,52.2,1,3
17,2712,346,48.8,62.9,3,3
4,937,308,51.9,64.2,3,2
0,337,798,29.5,64.6,0,0
20,3000,817,27.8,57.6,2,2
1,844,0,32.0,76.5,2,3
12,1921,56,41.2,75.9,3,3
17,2506,777,40.4,66.2,3,2
15,2310,105,24.1,76.1,3,4
14,2193,100,50.9,57.0,3,3
7,1409,393,27.9,62.9,2,2
12,2048,597,13.0,82.3,2,2
7,1214,67,29.0,54.3,1,3
12,2106,97,35.0,68.0,2,3
0,259,783,34.5,60.4,0,0
2,525,672,32.4,54.7,1,1
1,465,91,50.2,53.8,2,2
11,1802,849,31.1,43.0,2,1
1,422,982,37.9,45.3,1,0
16,2697,870,23.5,60.5,2,2
12,2001,399,31.9,60.8,2,2
17,2678,66,46.9,46.6,3,4
11,1730,944,26.1,49.5,1,1
9,1446,80,35.7,74.6,3,3
16,2467,41,23.9,49.8,2,4
1,561,395,29.7,59.3,1,1
1,533,498,40.7,66.1,2,1
20,3000,877,26.5,68.9,3,2
4,815,825,39.2,76.7,2,0
19,2740,835,42.1,54.9,3,2
10,1343,695,35.0,43.0,2,2
19,3000,407,38.1,69.9,3,3
8,1536,517,41.4,70.7,3,2
11,1896,365,37.3,64.9,2,3
17,2714,1000,26.9,72.7,3,2
5,1040,355,31.7,60.2,1,2
14,2299,124,29.2,68.4,2,4
15,2529,488,40.9,75.6,3,3
0,288,403,28.2,73.8,0,0
2,705,84,34.7,83.0,2,2
16,2408,910,44.0,76.1,4,2
15,2596,104,34.6,50.2,2,4
10,1734,237,48.2,62.8,3,3
7,1247,1000,27.4,54.3,1,0
11,1816,121,36.3,73.0,3,3
16,2538,575,19.6,58.1,1,3
3,809,90,19.3,52.1,0,2
13,1739,784,22.5,63.4,2,2
20,2799,864,33.5,60.4,3,2
1,532,551,47.8,59.9,2,1
6,1167,717,32.3,75.1,2,1
6,1090,626,49.6,61.6,2,1
11,1619,118,27.5,64.0,2,3
1,685,361,39.4,63.6,2,1
18,2570,72,23.5,70.0,2,4
20,3000,152,37.9,66.5,3,4
17,2718,963,33.0,65.2,3,2
5,1336,377,39.9,57.4,2,2
12,1987,760,49.5,60.4,3,2
0,608,0,33.9,54.0,0,0
11,1855,539,34.6,66.3,2,2
16,2374,758,32.7,76.9,3,2
4,699,316,41.8,66.5,2,2
5,1207,128,27.1,61.7,1,2
4,1111,427,44.6,54.4,2,1
0,366,841,25.5,62.3,0,0
4,880,494,32.2,55.9,1,1
19,2947,871,35.0,59.2,3,2
10,1719,64,38.1,57.4,2,3
8,1522,534,24.1,83.0,2,2
2,296,384,38.1,63.4,2,1
14,2148,421,30.7,49.2,2,3
6,1243,108,38.0,56.4,2,2
8,1546,787,40.1,65.7,3,1
10,1649,670,41.3,55.0,2,2
20,2974,807,50.9,59.4,4,3
4,887,627,13.0,71.4,1,1
11,1921,497,43.5,62.8,3,2
13,1971,415,34.3,70.5,3,3
1,619,903,51.0,60.0,2,0
11,1807,911,28.4,52.6,2,1
7,1348,29,25.5,75.5,2,3
2,603,809,31.3,55.5,1,0
15,2384,55,43.9,62.3,3,4
18,2803,127,41.9,75.2,3,4
13,2180,417,28.7,53.9,2,3
13,2324,474,31.5,70.6,3,2
4,585,534,30.5,79.3,2,1
17,2384,815,52.5,61.6,3,2
16,2533,67,28.3,63.0,2,4
9,1757,57,42.9,44.6,2,3
12,1902,75,39.2,72.6,3,3
8,1491,831,20.1,51.3,1,1
7,1345,558,16.3,70.2,1,2
5,1016,651,36.3,53.8,1,1
0,353,454,26.2,65.2,0,0
5,1055,564,32.6,60.6,1,1
19,2754,305,43.3,63.4,3,4
17,2433,660,21.6,70.2,2,3
8,1512,850,44.8,61.5,2,1
10,1911,31,26.7,49.5,2,3
17,2609,103,33.7,64.1,3,4
17,2731,436,21.4,63.3,2,3
2,507,67,35.2,59.6,1,2
16,2452,702,32.6,80.0,3,2
6,1125,508,47.8,63.0,3,2
18,2893,1000,37.9,48.3,2,2
18,2791,940,52.3,61.7,4,2
5,1115,434,43.9,70.3,3,2
3,873,461,25.4,60.6,1,1
9,1859,130,53.0,53.7,3,3
19,2934,772,18.2,66.5,2,2
10,1931,33,23.8,45.4,1,3
9,1715,443,36.6,78.5,3,2
9,1382,89,38.5,71.2,2,3
2,730,942,17.5,55.8,0,0
14,2003,901,34.5,64.7,2,2
5,799,589,13.0,60.3,1,1
3,1023,583,27.6,65.0,1,1
9,1299,449,34.0,81.9,2,2
0,298,428,27.5,67.6,0,0
19,2891,884,41.8,61.8,3,2
19,2891,432,34.9,62.0,3,3
5,1162,442,20.6,61.8,1,2
0,297,96,38.9,64.0,0,0
16,2464,737,30.9,68.7,2,2
4,1050,488,23.2,60.0,1,2
2,808,785,35.7,76.4,2,0
8,1482,332,20.1,82.5,2,2
11,1883,782,44.6,66.0,3,1
4,1032,476,33.8,69.0,2,1
15,2360,916,36.3,55.2,2,1
15,2052,484,26.1,48.5,2,3
1,576,97,37.2,62.5,1,2
6,1263,492,25.9,66.9,2,2
11,1853,1000,29.0,62.2,2,1
0,200,353,33.1,49.7,0,0
11,1728,266,31.1,65.9,2,3
12,1918,107,48.8,58.3,3,3
16,2354,31,20.7,77.4,3,4
14,2256,170,28.1,83.0,3,3
2,824,579,16.6,43.0,0,1
8,1226,472,38.4,53.8,2,2
12,1914,874,45.4,46.0,2,1
14,1894,29,13.7,69.1,2,3
15,2365,116,28.4,43.0,2,4
11,1998,43,36.3,77.1,3,3
18,2793,56,43.1,65.0,3,4
0,273,285,38.0,50.8,0,0
19,2866,461,19.3,75.5,2,3
6,1161,822,32.4,78.3,2,1
5,956,457,24.4,56.1,1,1
19,2933,118,31.4,61.5,3,4
3,735,338,45.2,58.0,2,2
20,3000,578,33.3,67.2,3,3
1,507,888,35.2,55.5,1,0
18,2552,750,28.1,69.9,3,2
16,2315,460,44.9,59.8,3,3
19,2939,498,53.0,52.8,3,3
3,721,557,29.4,65.3,1,1
11,1933,517,20.4,51.3,1,2
4,907,160,33.7,66.8,2,2
1,419,815,26.6,53.4,1,0
12,2141,727,30.3,63.3,2,2
5,981,46,53.0,63.7,3,3
14,2222,813,36.9,59.2,3,2
10,1724,892,36.5,43.0,1,1
16,2516,41,25.5,77.5,2,4
14,2260,26,52.2,68.8,3,4
17,2647,397,19.3,83.0,3,3
6,1277,741,19.9,64.9,1,1
16,2514,876,44.8,57.3,3,2
10,1593,507,48.9,62.7,3,2
9,1589,646,39.7,60.9,2,1
3,664,596,34.9,69.6,2,1
2,766,72,26.9,55.6,1,2
11,1918,101,27.1,48.3,2,3
16,2538,913,32.7,61.7,2,2
7,1305,741,31.8,57.8,2,1
3,764,821,25.6,47.2,1,0
3,598,870,39.8,59.9,2,0
3,726,979,32.9,58.2,1,0
14,2136,73,21.2,62.5,2,4
0,567,701,33.8,49.2,0,0
4,1014,1000,29.7,57.7,1,0
18,2865,97,27.6,65.7,3,4
14,2257,547,45.9,76.0,4,2
10,1660,739,22.2,52.1,1,1
5,1233,54,37.2,60.0,2,2
18,2933,393,13.0,64.8,2,3
9,1753,78,24.4,69.0,2,3
3,572,507,26.6,79.2,1,1
17,2434,63,48.8,46.6,3,4
12,1922,753,35.9,62.5,2,2
20,2892,580,32.1,75.6,3,3
12,1797,47,31.5,62.1,2,3
7,1317,965,44.8,52.8,2,0
4,778,604,13.0,74.8,1,1
15,2239,553,40.5,45.4,2,2
0,200,361,35.5,47.8,0,0
13,1830,814,39.9,72.3,3,1
5,981,367,41.7,76.5,2,2
3,746,311,30.3,57.8,1,2
17,2584,375,22.2,71.2,3,3
20,3000,114,41.7,71.9,4,4
20,2916,163,31.9,52.7,2,4
17,2491,55,28.7,54.9,2,4
2,598,650,50.0,54.5,2,1
20,3000,853,33.7,54.1,3,2
9,1405,818,36.6,73.8,2,1
8,1529,365,24.1,60.9,2,2
7,1194,592,32.0,73.7,2,1
19,2902,530,15.4,43.0,1,3
2,755,70,40.5,48.3,1,2
17,2585,404,32.0,53.2,2,3
11,1727,937,19.6,54.3,1,1
0,310,817,34.6,62.1,0,0
3,429,607,25.6,74.3,1,1
19,2785,707,30.5,83.0,3,3
9,1704,1000,37.7,71.8,2,1
6,1035,118,31.2,55.1,1,2
6,1271,477,41.3,56.7,2,2
8,1468,87,37.2,63.7,2,3
6,991,66,22.2,58.2,1,2
15,2235,485,44.4,44.9,2,3
20,2807,859,34.8,73.1,4,2
20,2923,324,23.6,62.6,2,4
6,1163,945,53.0,67.9,3,1
4,638,862,42.2,71.6,2,0
8,1165,500,30.4,62.2,3,2
11,1831,801,23.5,51.5,1,1
7,1101,749,33.5,74.6,2,1
12,1676,41,28.4,63.0,2,3
18,2737,964,36.1,80.2,3,2
8,1271,703,43.1,58.1,2,1
2,631,752,23.6,53.3,1,0
14,2042,724,24.8,75.9,2,2
7,1464,386,17.9,62.0,1,2
20,2962,360,35.5,73.0,3,4
1,409,920,44.3,56.3,2,0
19,2805,729,17.9,70.3,2,3
7,1226,16,35.4,74.9,2,3
14,2485,36,16.3,50.7,1,4
12,2086,660,31.0,70.3,2,2
3,428,79,15.4,64.9,0,2
20,2625,792,29.1,64.9,3,2
19,2951,48,29.1,54.2,2,4
16,2458,484,13.0,74.6,2,3
8,1507,816,36.3,66.2,2,1
20,2933,24,42.3,74.8,4,4
1,457,809,22.5,63.7,1,0
1,639,901,39.5,78.5,2,0
1,608,501,17.0,56.3,0,1
17,2525,142,21.5,79.7,2,4
20,2933,375,27.7,55.2,2,4
17,2461,846,27.2,61.1,2,3
9,1518,444,28.6,54.2,2,2
17,2799,815,44.8,50.3,3,2
11,1694,89,44.5,52.7,3,3
10,1820,467,19.8,56.5,1,2
8,1293,397,31.4,65.9,2,2
5,1042,272,20.2,62.8,1,2
16,2357,694,43.6,59.7,3,2
13,2067,419,48.6,62.9,3,3
11,1874,907,32.9,43.0,1,1
11,2115,489,36.7,79.7,3,2
1,649,378,39.2,49.9,1,1
0,250,658,35.6,60.2,0,0
4,1138,436,31.3,63.2,2,2
19,2831,994,43.7,56.8,3,2
10,1973,293,39.5,55.3,2,3
0,200,786,30.2,76.0,0,0
11,1753,407,34.7,62.8,2,2
15,2323,272,37.7,65.7,3,3
9,1512,521,16.1,83.0,1,2
19,2871,439,46.4,53.3,3,3
16,2555,103,24.0,64.7,2,4
0,563,86,33.8,64.1,0,0
12,1788,504,29.5,61.1,2,2
11,1841,249,25.3,44.8,1,3
0,225,123,33.8,63.6,0,0
2,791,37,25.9,60.1,1,2
2,567,518,30.4,61.9,1,1
2,625,94,43.2,55.3,2,2
17,2577,514,22.6,48.7,2,3
4,814,102,43.7,44.4,1,2
15,2432,487,37.2,54.1,3,3
0,281,360,30.1,63.5,0,0
13,2062,962,43.4,56.3,3,1
12,1978,47,39.5,56.7,2,3
2,804,523,32.3,46.9,1,1
8,1505,346,46.4,67.5,3,2
10,1555,853,35.2,65.8,2,1
0,200,100,34.1,65.8,0,0
8,1643,49,47.4,77.2,3,3
2,460,685,30.4,72.0,1,1
0,332,104,22.1,51.9,0,0
15,2512,113,53.0,52.1,3,4
0,534,72,21.3,69.6,0,0
20,2854,528,33.4,55.3,3,3
10,1791,33,36.6,62.0,2,3
17,2605,82,44.1,52.1,3,4
5,884,44,40.0,72.7,2,3
1,754,408,36.8,76.1,2,1
1,545,594,22.7,50.3,0,1
20,2803,427,35.3,54.1,3,3
11,1929,96,32.0,45.9,2,3
0,456,682,21.6,66.6,0,0
6,1052,531,15.0,66.2,1,1
11,1949,931,13.5,63.4,1,1
12,1982,916,27.7,63.7,2,1
0,350,816,22.5,72.6,0,0
14,2177,497,40.8,50.9,2,3
13,1840,436,19.0,47.1,1,3
4,764,320,40.9,60.2,2,2
18,2591,53,44.0,67.3,4,4
10,1801,812,39.7,62.9,2,1
8,1305,146,37.7,71.3,2,3
1,200,588,38.2,66.3,2,1
18,2692,518,37.4,68.2,3,3
16,2617,231,38.5,47.5,3,3
0,231,620,26.4,47.9,0,0
14,2280,79,24.9,55.1,2,3
14,2325,90,30.8,53.5,2,4
7,1398,903,35.7,64.5,2,1
19,2766,796,40.7,59.6,3,2
10,1599,572,32.8,65.7,2,2
18,2781,508,31.0,54.8,2,3
8,1632,329,44.3,54.2,2,2
3,929,502,24.7,72.8,1,1
8,1496,562,46.6,57.8,2,2
11,2024,26,53.0,77.3,3,3
4,501,911,39.3,43.0,1,0
13,1900,277,30.3,53.1,2,3
10,1409,540,48.6,50.8,2,2
9,1551,122,31.5,50.7,1,3
16,2160,910,45.5,44.0,3,2
4,1078,393,29.8,71.5,2,2
8,1388,74,50.8,65.1,3,3
5,1240,795,24.4,64.9,1,1
3,851,144,51.6,68.2,3,2
17,2603,425,34.4,54.1,2,3
4,961,101,46.9,64.3,2,2
17,2838,621,36.1,47.9,2,3
17,2346,122,30.8,77.6,3,4
1,675,1000,30.5,58.8,1,0
18,2747,565,23.3,56.1,2,3
20,2918,958,47.8,48.9,3,2
9,1419,735,19.6,56.4,1,1
2,839,965,33.1,50.0,1,0
12,2109,479,42.2,75.5,3,2
13,2103,445,28.1,54.2,2,3
18,2923,82,27.7,59.1,2,4
9,1701,844,33.8,62.2,2,1
0,577,506,44.2,65.8,0,0
0,342,81,34.1,65.0,0,0
11,1922,26,34.4,57.0,2,3
2,711,760,38.4,70.4,2,0
13,2110,453,44.8,56.3,3,2
3,823,55,39.5,81.6,2,2
20,2974,831,43.7,83.0,4,2
5,939,282,39.3,47.2,1,2
18,2957,575,29.3,61.1,2,3
5,1185,819,20.2,62.8,1,1
12,1671,907,25.6,78.8,2,1
14,2362,503,38.3,55.4,2,2
20,3000,236,35.3,66.7,3,4
13,2034,729,15.6,45.2,1,2
16,2777,446,33.2,49.5,2,3
14,2105,930,43.5,59.9,3,1
5,1275,41,35.0,68.6,2,3
16,2778,75,42.7,65.3,3,4
3,763,912,29.7,59.5,1,0
4,793,494,41.4,62.3,2,1
19,2863,582,53.0,66.4,4,3
7,1162,401,33.5,78.3,2,2
1,200,935,50.2,83.0,3,0
9,1098,67,38.9,58.8,2,3
19,2447,460,35.6,62.0,3,3
2,551,66,32.6,55.2,1,2
19,2936,923,26.4,79.9,3,2
5,1164,57,24.0,64.0,1,3
20,3000,483,32.7,77.5,3,3
1,471,169,47.2,62.9,2,2
13,2188,707,40.0,65.2,3,2
12,2013,553,48.1,53.3,3,2
16,2325,166,37.6,56.8,2,3
8,1533,926,45.2,70.8,3,1
11,1716,266,48.1,68.1,3,3
17,2334,328,33.2,54.6,2,3
12,1951,830,29.8,75.3,2,1
19,2837,228,44.1,62.5,3,4
8,1379,530,53.0,74.7,3,2
17,2438,64,23.0,59.6,2,4
20,3000,30,27.9,46.3,2,4
1,651,643,21.1,50.4,0,1
14,2213,4,24.3,62.3,2,4
11,1785,778,30.0,70.5,2,1
3,941,761,27.1,55.1,1,1
3,830,396,33.2,64.5,1,2
0,531,498,21.1,49.9,0,0
5,959,0,41.9,56.7,2,3
16,2312,879,26.8,56.0,2,2
4,742,436,33.4,63.9,2,2
18,2807,902,29.8,54.0,2,2
2,739,524,16.8,68.8,1,1
10,1677,879,26.8,66.0,2,1
10,1767,393,27.7,58.2,2,2
18,2909,228,45.6,57.8,3,4
7,1454,826,26.7,74.5,2,1
2,793,98,30.3,63.1,1,2
10,1560,51,40.4,57.6,2,3
10,1868,88,25.9,77.6,2,3
10,1870,545,28.0,80.7,2,2
15,2093,454,33.2,57.7,2,3
13,2144,9,47.6,58.7,3,4
10,1529,15,41.5,55.5,2,3
20,3000,441,24.8,62.4,2,3
13,1988,428,41.4,47.2,2,3
5,1292,52,39.2,74.8,2,3
3,1041,280,45.3,60.3,2,2
2,959,59,37.4,64.3,1,2
11,1706,732,34.9,62.7,2,2
7,1508,0,23.4,83.0,2,3
3,699,62,20.3,74.7,1,2
2,863,130,31.9,57.9,1,2
5,851,376,38.5,83.0,2,2
15,2479,133,20.1,81.9,3,4
1,647,391,41.2,51.6,1,1
3,1012,585,13.3,65.1,1,1
10,1348,148,20.6,73.4,1,3
0,385,93,33.7,54.4,0,0
10,1679,641,24.9,59.5,1,2
13,1851,136,50.9,73.5,3,3
9,1655,120,30.5,71.1,2,3
3,923,39,23.9,69.8,1,3
5,1055,821,31.0,71.9,2,0
8,1467,495,31.5,59.3,2,2
8,1380,420,43.0,62.3,2,2
8,1313,517,43.8,61.7,2,2
2,423,1000,43.2,80.0,2,0
2,263,48,41.0,60.6,2,2
13,2281,565,38.6,62.5,3,2
14,2172,905,29.6,63.1,2,1
15,2476,151,31.9,71.0,2,4
13,2061,574,26.4,73.0,2,2
3,796,565,39.5,65.1,2,1
14,2197,184,39.4,59.0,2,3
1,343,983,16.9,62.9,0,0
19,2931,900,31.0,62.5,3,2
12,1809,867,32.1,74.0,3,1
15,2158,684,32.3,55.5,2,2
6,831,776,35.5,68.6,2,1
13,1864,478,43.7,67.6,4,2
2,749,612,39.7,70.6,2,1
4,1000,317,24.1,62.0,1,2
15,2443,294,23.5,68.3,2,3
2,472,966,29.2,55.1,1,0
20,2966,471,30.5,74.5,3,3
4,1150,458,53.0,58.9,3,1
0,200,23,43.1,55.5,0,0
15,2343,539,25.5,67.9,2,2
20,3000,802,40.3,62.6,3,2
4,829,330,39.9,72.6,2,2
1,524,370,31.5,57.1,1,1
12,2082,808,27.5,60.6,2,1
15,2323,3,43.0,69.9,3,4
1,296,465,30.8,44.8,1,1
12,1992,55,19.0,62.5,1,3
12,1688,507,32.0,75.7,3,2
10,1785,917,18.3,68.8,1,1
0,262,141,31.3,46.0,0,0
12,2009,323,30.2,76.8,3,3
19,2638,761,39.0,76.3,4,2
3,597,393,31.6,57.8,1,1
7,1589,102,32.2,64.4,2,3
0,388,48,22.1,71.5,0,0
4,1080,449,20.6,50.1,0,1
0,406,809,14.4,75.1,0,0
19,3000,438,22.7,55.4,2,3
16,2800,540,16.8,45.7,1,3
7,1305,416,33.9,68.1,2,2
11,1830,0,24.2,44.4,1,3
9,2056,545,36.2,49.2,2,2
2,585,777,41.7,64.1,2,0
2,648,509,17.2,57.9,0,1
6,1111,699,41.6,49.8,2,1
8,1534,230,46.5,51.1,2,3
5,1038,445,30.4,61.2,2,2
5,1047,849,23.9,64.7,1,0
16,2216,378,17.0,65.0,2,3
14,2296,746,35.3,63.3,2,2
2,540,131,25.7,63.5,1,2
12,2147,521,35.3,51.8,2,2
13,2302,40,31.0,63.3,2,4
3,858,22,48.1,64.3,2,2
8,1369,727,25.2,50.9,1,1
5,1150,888,37.8,64.4,2,0
9,1378,928,33.0,71.2,3,1
0,349,301,36.7,50.7,0,0
15,2628,839,19.8,52.2,2,2
14,2158,530,17.7,59.6,2,2
4,804,530,36.5,53.4,1,1
12,1813,699,19.9,83.0,2,2
4,881,507,34.7,57.8,2,1
10,1769,103,34.6,76.0,3,3
7,1271,711,29.4,69.9,2,1
10,1522,91,13.0,58.9,1,3
5,1083,370,31.0,51.7,1,2
1,479,54,29.6,43.2,1,2
18,2887,495,43.1,81.0,4,3
14,2029,322,18.3,61.5,1,3
3,426,842,23.0,67.7,1,0
7,1323,377,40.5,63.5,2,2
18,2567,1000,27.1,52.9,2,2
7,1407,450,35.8,66.7,2,2
9,1475,807,45.8,71.2,3,1
3,605,94,34.5,49.5,1,2
11,1987,1000,31.1,75.3,3,1
5,1027,451,20.6,44.2,1,1
4,1196,785,37.0,58.4,2,1
4,1036,327,26.2,55.7,1,2
17,2657,125,33.8,73.1,3,4
13,2336,887,39.5,65.4,3,2
16,2519,205,39.7,72.2,3,4
7,1261,522,49.1,63.1,2,2
7,1606,743,38.7,78.3,3,1
7,1336,81,33.4,61.7,2,3
20,2917,901,27.2,48.0,2,2
6,1101,87,30.3,67.7,2,2
1,359,52,25.5,67.5,1,2
16,2509,203,20.4,52.0,2,4
3,703,873,32.8,58.8,1,0
18,2642,781,40.8,55.3,3,2
0,486,382,47.2,68.7,0,0
20,3000,78,18.6,70.6,2,4
7,1359,516,19.5,64.7,1,2
18,2635,860,13.4,80.7,2,2
18,2897,95,31.5,82.1,4,4
10,1648,0,48.4,58.0,3,3
11,1981,94,21.7,68.7,2,3
19,2911,893,16.6,53.5,2,2
3,509,525,25.4,51.1,1,1
10,1735,49,49.5,60.5,3,3
1,495,64,27.6,58.5,0,2
9,1460,60,37.0,50.7,2,3
12,2058,844,37.3,74.6,3,2
6,875,860,19.9,61.0,1,1
10,1821,82,28.9,80.1,2,3
15,2117,890,41.8,80.2,3,2
6,1361,135,25.1,80.8,2,2
6,1232,802,43.6,49.9,2,1
9,1348,358,40.3,63.8,2,2
10,1566,109,42.4,56.3,2,3
4,1025,370,34.0,63.5,2,2
11,1844,292,30.5,57.8,2,3
13,2219,9,44.8,53.7,3,4
12,1912,447,21.2,62.4,2,2
11,2060,906,22.4,56.4,2,1
0,443,309,37.7,83.0,0,0
11,1586,104,26.3,67.7,2,3
3,889,895,30.4,50.5,1,0
3,895,123,32.2,57.8,1,2
8,1444,49,33.0,65.6,2,3
2,702,544,51.6,69.3,2,1
5,962,429,43.5,57.6,2,2
16,2587,942,31.1,51.6,2,2
2,537,105,20.8,47.6,0,2
0,365,113,13.0,56.2,0,0
14,2265,137,38.2,54.6,2,3
9,1525,88,49.1,68.3,3,3
4,1101,345,32.6,69.6,2,2
12,2066,442,20.5,55.8,1,2
17,2845,463,51.0,71.0,4,3
18,2609,424,38.9,73.6,3,3
13,2165,566,40.6,48.6,2,2
7,1275,941,36.8,68.8,2,1
20,2742,75,28.8,50.6,2,4
2,562,399,31.5,74.1,1,1
5,928,848,31.2,74.2,2,0
14,2014,454,43.4,67.3,3,3
15,2617,805,15.7,43.0,1,2
8,1618,513,26.7,73.5,2,2
17,2677,87,37.2,81.3,3,4
5,1264,36,26.5,49.4,1,3
4,885,446,38.2,83.0,2,1
11,1719,86,41.2,59.7,2,3
17,2721,845,35.9,60.7,3,2
14,2365,739,35.9,75.3,3,2
2,468,892,39.9,65.5,2,0
17,2781,87,35.1,60.7,3,4
5,1135,85,13.0,51.7,0,2
10,1510,619,28.1,83.0,2,2
11,1869,842,31.5,74.5,3,1
6,1309,1000,32.2,48.9,1,0
16,2517,904,23.9,65.8,2,2
20,3000,950,45.0,60.3,3,2
5,1073,81,34.6,66.9,2,3
1,434,959,24.1,69.0,1,0
9,1642,82,44.1,58.6,2,3
0,284,819,38.0,57.8,0,0
11,1760,51,38.8,62.9,2,4
9,1407,375,40.6,63.3,2,2
12,1495,893,20.0,68.7,2,1
18,2921,676,34.9,65.9,3,3
0,299,290,47.8,60.4,0,0
19,3000,822,28.8,76.5,3,2
14,2170,770,44.6,52.0,3,2
18,2669,304,32.1,65.7,3,3
4,672,420,28.7,70.5,1,1
13,2350,804,31.0,61.0,2,2
0,535,535,20.0,60.7,0,0
4,754,743,24.4,73.4,1,1
18,2782,594,29.6,74.8,3,3
8,1340,732,37.8,59.5,2,1
11,1613,97,35.4,61.8,2,3
16,2339,411,30.7,64.2,3,3
8,1671,314,33.6,76.4,2,2
14,2279,807,30.4,76.2,3,2
1,535,798,40.8,75.2,2,0
3,691,473,35.9,49.0,1,1
13,2026,592,24.9,69.3,2,2
11,2052,359,32.1,53.8,2,3
15,2104,392,29.4,69.0,2,3
7,1313,129,39.7,43.0,2,2
17,2517,563,48.9,53.9,3,3
11,1809,190,28.3,72.6,2,3
2,490,497,28.1,65.8,1,1
10,1666,249,28.5,55.4,2,3
4,990,366,43.7,44.1,2,2
16,2432,299,13.0,83.0,2,3
15,2367,761,33.2,65.3,3,2
19,2981,330,24.3,60.4,2,4
13,1865,358,40.5,76.2,3,3
0,342,653,23.7,67.3,0,0
8,1199,763,39.7,61.7,2,1
3,853,800,34.3,53.7,2,1
20,3000,903,17.9,74.5,2,2
11,1909,819,36.9,53.9,2,1
9,1376,91,46.7,46.9,2,3
11,1979,40,14.8,52.4,1,3
8,1498,406,36.0,58.4,2,2
12,2225,884,17.8,58.3,1,1
10,1793,79,32.8,65.5,2,3
7,1357,10,41.7,70.1,2,3
3,492,738,48.7,71.4,2,0
5,904,315,27.8,54.7,1,2
16,2461,121,32.4,63.2,2,4
1,707,439,52.1,47.7,2,1
8,1333,0,38.5,48.0,2,3
20,2951,527,28.8,58.8,3,3
15,1966,662,26.9,71.4,2,2
11,2086,348,31.0,66.2,2,3
20,3000,475,41.0,76.3,4,3
11,1792,352,43.2,61.2,2,3
18,2921,965,50.9,60.1,4,2
1,637,837,20.0,76.1,1,0
15,2182,603,35.2,68.8,2,2
1,838,281,35.9,75.3,2,2
13,2084,937,48.6,66.5,3,1
12,1850,58,25.8,74.6,2,3
10,2000,689,36.1,65.1,2,2
19,3000,917,29.2,75.4,3,2
1,403,37,42.0,71.8,2,2
12,1927,490,43.2,43.0,2,2
3,935,784,28.9,73.2,2,1
1,335,115,37.4,60.9,2,2
4,529,414,39.2,65.3,2,1
15,2158,93,50.8,68.9,4,3
15,2040,82,30.6,73.5,2,3
15,2366,916,19.6,59.9,2,1
2,664,913,25.3,53.8,0,0
5,980,418,31.3,73.2,2,2
6,1326,63,25.1,65.5,1,2
13,1974,573,37.3,66.9,3,2
4,867,261,29.1,66.8,1,2
6,1304,252,53.0,57.3,3,2
20,3000,379,29.3,63.4,3,4
17,2544,840,28.4,52.3,2,2
9,1682,67,36.7,56.3,2,3
15,2490,1000,35.4,54.7,2,1
18,2554,952,30.9,43.7,2,2
11,2007,137,31.0,71.3,2,3
7,1315,933,40.0,66.8,2,1
18,2477,547,53.0,79.2,4,3
7,1036,383,34.1,71.2,2,2
16,2382,64,23.7,65.1,2,4
0,647,371,30.3,58.8,0,0
9,1709,809,29.8,53.5,1,1
6,1148,885,51.2,65.6,3,1
14,2255,755,40.8,59.1,3,2
9,1527,765,36.5,66.7,3,1
9,1429,374,28.2,78.7,2,2
1,524,100,46.3,43.0,1,2
5,898,694,30.3,65.8,2,1
15,2096,133,38.2,62.3,2,4
2,775,57,36.9,70.1,2,2
12,1979,431,34.6,60.3,2,2
0,392,317,20.1,63.3,0,0
3,810,794,43.2,61.9,2,0
19,2880,430,27.5,74.8,3,3
12,1838,544,29.1,71.8,2,2
9,1556,564,31.0,74.3,2,2
12,2132,395,25.9,70.2,2,3
1,528,961,15.7,59.7,0,0
2,855,507,33.6,46.2,1,1
2,619,945,27.9,71.5,1,0
20,3000,750,17.9,65.0,2,3
4,776,294,41.1,57.3,2,2
8,1555,829,20.1,67.7,1,1
0,251,945,20.6,49.4,0,0
20,3000,75,14.8,83.0,3,4
5,1182,761,43.4,60.5,2,1
4,1092,462,34.4,66.6,2,2
9,1617,1000,25.8,75.2,2,1
14,1795,751,32.6,59.7,2,2
12,1780,611,37.2,65.3,2,2
9,1985,815,41.4,51.8,2,1
10,1655,347,39.4,50.8,2,2
18,2801,301,24.6,63.6,2,4
12,2218,815,52.2,43.0,3,2
10,1558,838,22.6,53.1,1,1
2,827,974,39.3,70.7,2,0
16,2514,340,22.5,65.5,2,3
12,1699,851,31.0,60.0,2,1
9,1553,805,31.9,54.3,2,1
15,2508,888,16.8,48.8,1,2
20,3000,713,23.5,44.4,2,3
19,2815,823,45.7,57.3,3,2
14,2379,801,34.6,58.0,2,2
13,1843,907,32.1,45.7,2,1
6,984,307,34.2,61.1,1,2
9,1380,1000,32.0,65.4,2,1
20,2785,804,22.4,71.7,3,2
6,1009,1000,39.5,43.0,1,0
15,2506,606,41.3,66.5,3,3
2,382,520,43.3,76.9,2,1
11,1768,47,34.9,65.4,2,3
9,1289,353,28.5,77.9,2,2
9,1650,630,35.2,74.6,2,2
15,2319,545,47.5,69.2,3,2
7,1394,119,24.9,61.7,1,3
19,2831,273,14.6,61.6,2,4
5,1151,59,42.1,64.6,2,3
11,2020,407,34.0,72.4,2,3
6,1167,413,31.9,64.7,2,2
18,2482,301,35.2,43.0,2,3
8,1400,64,33.6,64.7,2,3
10,1479,86,23.6,62.1,1,3
4,1146,52,26.0,67.8,1,3
3,604,14,39.9,69.6,3,2
18,2524,801,37.8,69.1,3,2
16,2486,986,22.1,54.0,2,2
10,1762,565,38.8,73.1,3,2
15,2421,550,46.3,78.8,4,2
14,2218,862,33.9,71.2,3,2
18,2987,848,25.1,69.9,2,2
18,2942,100,30.7,54.8,2,4
5,947,702,31.6,60.1,1,1
0,201,967,49.4,67.8,0,0
11,1729,27,42.8,50.5,2,3
7,1103,38,36.3,76.6,2,3
19,2999,98,21.1,60.9,2,4
6,1449,714,28.6,54.4,1,1
17,2457,477,30.9,49.5,2,3
19,2904,686,26.6,46.8,2,3
6,1087,451,27.8,69.8,2,2
11,1880,407,17.8,64.0,1,2
9,1474,741,44.3,43.0,2,1
17,2560,698,41.6,69.5,3,2
9,1416,364,36.6,58.0,2,2
17,2866,456,37.8,73.0,3,3
13,2116,106,29.4,59.3,2,3
19,2763,60,14.3,68.3,2,4
14,2365,136,38.3,58.2,3,4
7,1314,394,13.0,71.3,1,2
12,1828,982,37.9,47.0,2,1
13,2238,121,32.3,60.1,2,3
20,2967,103,37.2,62.3,3,4
11,1825,64,38.1,64.8,2,3
3,834,891,29.9,51.2,1,0
4,866,94,26.4,81.1,2,2
11,1846,498,48.7,65.8,3,2
7,1194,47,36.8,45.8,2,3
7,1139,850,32.3,72.4,2,1
7,1268,763,40.5,83.0,3,1
19,2580,290,37.3,80.5,3,4
2,654,333,33.7,79.5,2,2
7,1221,50,38.8,62.1,2,3
5,821,36,45.9,56.1,2,3
15,2480,70,49.0,55.1,3,4
10,1526,570,31.7,74.0,2,2
2,788,708,29.9,65.8,1,1
12,1917,350,22.2,59.4,2,2
4,950,802,31.2,43.3,1,1
3,759,145,20.7,73.1,1,2
16,2451,515,37.7,71.5,3,3
15,2258,636,29.7,61.8,2,2
9,1537,2,40.4,53.6,2,3
2,922,716,31.8,62.6,1,0
16,2421,225,34.6,64.3,3,3
11,1830,438,33.0,78.7,3,2
10,1784,660,50.6,53.7,2,2
16,2476,983,38.0,52.9,3,2
14,2391,84,20.5,65.9,2,4
15,2568,40,38.3,72.0,3,4
7,1198,107,38.3,64.9,2,3
12,1881,410,22.8,67.6,2,2
10,1702,733,47.5,75.2,3,1
0,200,102,40.8,54.1,0,0
15,2455,633,52.2,72.0,4,2
2,615,400,44.7,73.8,2,1
15,2261,539,13.0,53.0,1,2
17,2742,405,13.0,53.8,2,3
10,1658,540,31.1,44.9,2,2
20,2850,458,32.9,67.6,3,3
0,442,656,50.2,78.9,0,0
13,2039,68,42.4,56.3,2,4
4,973,83,29.4,69.6,1,2
12,1889,42,36.8,62.5,2,3
13,2210,462,47.8,61.9,3,3
10,1775,893,35.9,67.4,2,1
10,1498,352,17.3,56.5,1,2
19,2673,442,28.9,52.7,2,3
16,2613,247,46.7,47.2,3,3
14,2138,55,49.9,82.1,4,4
6,821,50,28.2,50.6,1,2
9,1553,419,25.6,50.9,1,2
6,1206,98,28.3,74.4,2,3
17,2775,308,32.0,49.9,2,3
0,581,111,24.7,45.2,0,0
12,1892,83,26.9,69.9,2,3
20,2808,261,39.5,69.2,4,4
10,1711,243,31.6,83.0,3,3
16,2292,351,35.4,71.9,3,3
1,519,89,33.6,61.6,1,2
3,902,538,43.3,69.3,2,1
18,2721,32,25.7,57.8,2,4
10,1576,411,30.8,55.6,2,2
0,470,134,40.6,78.8,0,0
5,975,0,18.5,69.2,1,3
1,248,819,40.4,74.1,2,0
6,1132,101,20.6,64.8,1,2
0,389,25,31.8,56.1,0,0
7,1447,833,19.3,60.3,1,1
10,1563,339,33.2,61.9,2,3
18,3000,418,35.4,62.3,3,3
10,2010,532,22.8,72.6,2,2
15,2353,897,44.9,57.0,3,2
11,1834,313,46.8,63.9,3,3
1,683,583,46.1,66.0,2,1
0,495,330,21.9,73.4,0,0
17,2729,48,29.9,64.2,3,4
20,2883,117,33.7,58.2,3,4
3,563,803,27.1,63.0,1,0
4,964,582,24.0,76.0,1,1
5,777,928,40.7,58.8,2,0
5,930,83,39.6,69.1,2,2
11,1886,56,45.5,79.4,3,3
12,2094,95,39.3,74.2,3,3
19,2889,748,21.7,66.1,3,2
3,896,77,40.7,62.1,2,2
18,2637,33,28.4,54.6,2,4
15,2084,88,42.9,57.9,2,4
19,3000,71,45.5,60.5,3,4
4,797,93,44.4,58.9,2,2
4,943,391,26.0,60.3,1,1
13,2136,64,42.4,64.0,3,4
2,879,456,31.6,61.0,1,1
7,1312,848,13.8,68.1,1,1
0,323,530,27.0,61.4,0,0
6,1105,711,15.9,60.6,1,1
3,812,535,18.5,58.2,0,1
9,1285,73,41.4,54.8,2,3
2,765,869,19.2,56.0,1,0
1,440,399,24.6,43.0,0,1
8,1665,45,32.9,55.6,2,3
2,615,568,31.9,53.9,1,1
18,2671,503,43.0,58.4,3,3
9,1699,927,34.8,62.9,2,1
16,2451,98,19.4,66.8,2,4
20,2932,916,26.5,57.1,2,2
12,1739,824,44.5,55.1,2,1
14,2351,292,34.1,62.3,3,3
14,2029,490,21.6,56.3,3,2
14,1983,114,34.4,67.7,3,3
20,2923,756,27.6,63.5,3,2
1,597,284,28.8,72.5,1,1
9,1954,457,33.5,64.8,2,2
11,1725,945,32.6,72.3,2,1
18,2605,400,31.2,54.4,2,3
10,1471,264,27.6,58.5,2,3
2,956,0,33.1,69.7,2,2
13,2125,76,39.9,83.0,3,3
0,200,351,35.8,60.1,0,0
17,2792,471,53.0,53.3,3,3
19,2800,104,35.0,61.0,3,4
7,1122,764,24.9,44.2,1,1
8,1253,612,33.0,52.4,1,1
8,1663,0,32.3,63.8,2,3
18,2822,876,29.7,74.0,3,2
17,2608,107,43.6,44.9,3,4
1,760,963,42.9,62.4,2,0
9,1476,427,40.2,75.0,3,2
4,892,980,28.5,68.7,1,0
13,2040,881,50.0,47.9,2,2
1,414,437,16.6,49.8,0,1
10,1705,672,30.4,45.6,1,2
5,906,432,22.3,55.8,1,2
14,2053,624,30.8,56.9,2,2
19,2562,501,53.0,54.5,4,3
15,2317,448,39.6,57.7,3,3
9,1658,506,48.9,72.4,3,2
3,818,614,27.6,54.8,1,1
12,1942,66,34.6,73.9,3,3
5,1018,531,43.2,52.5,2,1
17,2666,342,20.1,80.5,2,3
12,2074,895,34.7,60.5,2,1
17,2489,831,25.8,54.1,2,2
6,1337,420,30.4,57.8,2,2
13,2098,912,13.0,64.8,1,1
10,1491,97,22.6,55.9,1,3
12,2155,296,35.0,80.2,3,3
8,1190,1000,53.0,64.6,3,0
0,395,52,23.8,81.0,0,0
9,1489,419,28.5,64.2,2,2
12,1810,401,34.3,57.9,2,2
6,1116,751,39.8,64.1,2,1
3,677,815,13.0,69.0,1,0
1,459,959,20.6,70.4,1,0
6,1121,75,20.5,70.0,1,3
16,2476,397,23.2,73.0,3,3
8,1527,990,27.7,59.1,1,1
11,2009,1000,13.0,49.9,1,1
3,863,114,34.0,51.8,1,2
19,3000,384,33.7,43.0,2,4
2,688,80,36.8,74.4,2,2
19,3000,884,33.3,81.3,4,2
12,2104,287,27.3,48.0,2,3
19,2791,100,37.0,49.8,3,4
1,459,750,30.2,63.9,1,0
14,2178,899,33.3,65.2,3,1
4,1132,360,43.2,61.4,2,2
2,683,695,31.8,61.3,1,0
3,722,1000,41.7,68.8,2,0
14,1938,743,31.7,83.0,3,2
12,1917,113,35.3,54.7,2,3
11,2090,528,24.3,57.4,2,2
9,1685,554,33.9,47.9,1,2
8,1463,733,48.0,64.2,3,1
9,1334,365,30.1,43.3,1,2
4,797,890,34.7,78.7,2,0
5,919,155,30.8,51.2,1,2
20,2956,492,34.7,52.5,2,3
10,1895,116,39.1,49.7,2,3
3,506,482,39.2,51.4,1,1
16,2371,851,25.0,82.1,3,2
7,1378,386,28.0,51.2,1,2
13,2023,60,50.5,76.4,3,4
9,1562,772,23.7,80.8,2,1
6,901,981,19.8,71.1,1,0
17,2900,780,21.9,64.7,2,2
9,1500,468,42.9,80.0,3,2
18,2864,936,15.4,83.0,2,2
8,1247,62,34.7,79.7,3,3
5,965,103,15.3,54.3,0,2
10,1842,745,42.3,73.2,3,1
18,2678,392,35.1,70.9,3,3
1,697,117,51.0,71.5,3,2
5,1302,85,35.7,60.3,2,2
16,2427,382,25.9,59.6,2,3
18,2615,437,50.3,67.7,4,3
3,461,806,32.2,52.0,1,0
0,383,917,23.2,72.5,0,0
17,2637,347,36.1,72.0,3,3
12,2074,562,29.6,66.9,2,2
19,2913,101,46.6,66.9,4,4
5,1050,1000,34.7,73.4,2,0
9,1570,993,51.4,73.8,3,1
16,2401,538,29.9,67.2,3,3
13,1733,539,22.2,77.3,2,2
11,1892,935,42.9,68.4,3,1
2,643,91,35.0,61.7,1,2
20,3000,503,38.1,76.6,3,3
2,567,783,34.1,63.6,1,0
5,1152,975,30.8,49.8,1,0
15,2368,85,39.0,57.4,2,4
7,1415,388,48.5,72.9,3,2
4,1088,865,32.1,44.2,1,0
9,1598,461,31.3,63.7,2,2
0,515,656,23.1,63.1,0,0
8,1342,513,53.0,60.7,3,2
5,1335,454,27.1,70.6,2,2
17,2596,62,33.3,47.9,2,4
13,2311,716,34.7,74.9,2,2
14,2131,68,36.5,67.3,3,4
12,1930,926,22.9,46.2,1,1
16,2316,763,46.8,61.4,3,2
15,2389,587,25.6,72.2,2,2
2,677,454,35.1,59.1,2,1
16,2704,30,13.4,58.5,1,4
12,1924,856,34.7,66.9,2,1
6,1130,71,47.7,68.7,2,3
12,2059,934,43.8,55.2,3,1
14,2242,1000,48.2,43.0,2,1
14,2344,987,26.2,72.1,2,1
20,3000,85,30.8,54.9,3,4
6,1223,346,40.9,50.6,2,2
0,428,346,30.8,77.6,0,0
8,1573,99,33.9,68.4,2,3
9,1691,357,22.7,53.9,1,2
20,2899,119,29.3,72.5,3,4
13,2226,689,33.6,43.0,2,2
14,2405,927,42.2,61.1,3,2
11,1738,984,20.4,72.2,2,1
15,2205,1000,33.9,66.1,2,1
10,1645,397,30.6,70.1,2,2
6,1229,729,28.5,55.5,1,1
12,2098,0,31.0,59.1,2,4
17,2711,55,13.0,72.7,2,4
10,1796,104,42.7,66.1,3,3
16,2609,42,35.4,63.4,3,4
9,1594,924,26.9,73.9,2,1
19,2712,280,30.1,60.7,3,4
13,1961,58,30.2,59.1,2,3
11,1731,929,45.5,78.9,3,1
4,618,990,18.4,67.0,1,0
7,1201,892,24.5,62.8,2,1
17,2773,591,51.8,50.8,3,3
13,2080,95,41.4,62.7,3,3
13,2082,67,42.8,68.8,3,4
3,626,72,31.5,83.0,2,2
5,828,415,13.1,43.0,0,2
17,2502,6,25.8,54.2,2,4
13,2307,609,37.0,55.7,3,2
9,1472,458,53.0,57.9,3,2
3,654,504,49.1,72.7,3,1
12,1882,797,35.7,72.4,3,2
1,447,923,33.5,59.9,1,0
9,1505,39,32.0,56.5,2,3
20,3000,0,33.8,43.0,2,4
13,2144,122,52.1,44.8,3,3
19,2855,731,37.3,83.0,4,3
18,2865,800,39.7,75.0,3,2
18,2744,487,23.7,80.6,3,3
10,1859,538,34.2,61.1,2,2
9,1539,53,45.2,56.5,2,3
14,2183,902,38.5,52.0,2,1
19,2835,30,34.2,54.1,3,4
16,2601,380,43.3,52.9,3,3
3,776,88,53.0,61.3,2,2
17,2633,938,22.3,66.7,2,2
6,1142,797,37.1,69.8,2,1
0,338,585,28.0,65.6,0,0
0,200,655,31.6,67.9,0,0
4,616,122,45.2,57.2,2,2
20,3000,444,53.0,55.2,4,3
1,496,500,27.3,68.3,1,1
0,495,883,26.3,68.3,0,0
12,1797,845,25.1,60.5,2,1
4,863,123,32.5,76.1,2,2
15,2506,39,37.9,59.0,3,4
2,769,559,17.3,65.0,1,1
1,797,849,37.9,62.7,2,0
0,476,635,39.7,65.4,1,0
6,1119,613,45.2,57.8,2,1
20,2931,44,28.1,72.8,3,4
4,627,507,49.4,43.0,2,1
16,2526,820,41.5,73.6,3,2
6,1021,35,25.3,61.9,1,3
18,2640,435,38.4,51.3,3,3
6,1588,74,27.4,64.9,1,3
10,1597,345,19.9,74.0,2,2
6,1169,901,36.7,74.5,2,1
11,1591,357,53.0,62.8,3,2
4,1176,521,32.2,78.4,2,1
18,2753,791,50.1,68.2,4,2
9,1491,520,29.0,68.2,2,2
5,856,842,35.1,47.0,1,1
6,1444,58,36.8,75.1,2,3
1,838,382,29.1,71.5,1,1
5,989,647,23.9,51.4,1,1
13,1791,349,44.3,77.7,3,3
20,3000,764,41.3,51.4,3,3
15,2311,438,45.3,53.7,3,3
14,2229,518,26.1,55.0,2,2
17,2595,511,23.1,70.2,2,3
16,2490,739,17.6,65.7,2,2
10,1601,352,36.6,64.7,2,2
18,3000,1000,31.1,71.7,3,2
4,893,928,27.6,62.5,1,0
8,1873,498,26.5,45.9,1,2
8,1391,400,31.9,69.2,2,2
8,1335,917,36.6,56.4,2,1
20,3000,808,34.5,68.0,3,2
16,2419,371,33.0,69.0,3,3
14,2155,645,49.4,59.5,3,2
3,531,40,13.0,63.2,0,2
14,2133,114,38.0,61.1,2,3
7,911,549,30.5,59.0,1,1
7,1260,76,13.0,54.3,1,3
19,3000,397,32.0,58.3,3,3
14,2110,673,22.1,65.5,2,2
6,988,874,19.3,73.7,1,0
13,2249,1,13.0,59.1,1,4
20,2943,411,31.0,65.6,3,4
0,510,999,33.2,43.0,0,0
17,2675,475,51.7,60.2,3,3
11,2037,97,43.4,56.9,3,3
1,621,347,33.8,67.9,1,1
1,280,542,46.6,48.0,1,1
17,2685,78,18.4,69.3,2,4
1,363,62,37.6,61.8,2,2
1,436,54,38.1,63.9,1,2
5,1174,801,24.8,63.3,1,1
0,423,424,31.0,53.6,0,0
15,2625,423,13.0,51.7,1,3
16,2659,543,26.8,59.3,2,3
1,592,93,33.2,79.6,2,2
11,1663,23,35.2,72.2,2,3
11,2100,59,23.4,51.5,1,3
3,904,67,29.2,59.3,1,2
1,462,112,38.0,61.8,2,2
8,1686,0,22.8,64.5,2,3
19,2536,374,37.1,52.3,2,3
3,1030,738,39.8,77.0,2,1
20,2889,0,37.6,77.4,4,4
16,2540,322,19.7,61.0,2,3
11,1895,404,13.0,57.5,1,3
16,2501,461,35.1,72.1,3,3
3,886,416,50.6,49.0,2,1
7,1691,907,48.6,52.0,2,1
18,2606,140,33.4,68.4,3,4
7,1573,852,36.8,73.3,2,1
18,2935,450,29.8,45.8,2,3
14,2209,1000,32.6,73.6,3,1
12,1970,362,15.0,68.7,1,3
20,3000,768,43.7,48.9,3,3
5,862,83,42.0,65.0,2,2
17,2855,968,39.0,62.1,3,2
19,2916,820,36.5,65.9,3,2
6,1130,62,34.1,59.5,2,3
0,402,851,38.1,59.3,0,0
4,1139,49,14.4,72.3,1,3
3,598,876,37.3,79.6,2,0
7,1394,894,32.0,47.9,1,1
18,2916,853,53.0,49.3,3,2
13,1993,697,22.1,53.1,2,2
20,2894,99,23.2,64.1,2,4
20,3000,60,53.0,73.4,4,4
18,2747,899,37.6,75.4,3,2
4,1029,83,36.8,54.8,2,2
9,1601,905,47.3,61.1,2,1
2,855,490,38.5,55.6,1,1
11,1781,363,40.6,63.3,3,3
20,2795,586,13.4,55.8,2,3
0,445,582,29.7,54.7,0,0
12,1594,741,45.0,72.7,3,1
0,295,436,39.8,49.5,0,0
4,572,420,29.6,51.7,1,1
17,2671,283,24.6,69.7,2,3
17,2692,276,44.4,65.8,3,3
9,1280,344,38.6,57.1,2,2
2,637,158,15.6,79.3,1,2
9,1571,887,26.2,43.8,1,1
8,1501,467,25.6,81.5,2,2
5,1004,935,23.5,61.2,1,0
13,2101,10,13.0,63.5,1,4
14,2552,86,41.7,55.7,3,4
5,850,334,34.3,70.3,2,2
14,2145,433,52.2,66.4,3,3
4,1027,435,35.2,43.0,1,1
14,2127,335,25.9,58.1,2,3
20,2942,830,32.2,65.3,3,2
6,1078,897,25.4,71.8,2,1
12,2109,566,31.8,76.7,3,2
11,1945,1000,30.7,54.8,2,1
14,2343,1000,35.9,71.3,3,1
5,891,70,49.5,58.4,2,2
18,2704,343,23.2,54.8,2,3
7,1234,32,38.0,73.5,2,3
16,2329,30,30.0,48.2,2,4
17,2901,894,18.9,50.7,2,2
14,2350,555,29.8,59.2,2,3
4,879,361,27.3,62.0,1,1
12,1934,748,17.4,46.5,1,2
11,1639,310,25.7,73.6,2,3
16,2349,782,17.9,54.9,2,2
6,1078,49,34.3,67.8,2,3
9,1695,945,47.1,60.2,2,1
15,2495,494,39.3,70.2,3,3
13,1788,96,31.9,46.0,2,3
8,1435,901,23.9,50.9,1,2
17,2733,381,21.3,57.0,2,3
19,2889,435,43.4,71.2,4,3
8,1484,44,16.6,56.5,1,3
6,1377,911,28.7,53.8,1,1
4,1069,322,14.7,71.6,1,2
13,2180,112,24.2,53.1,2,3
19,3000,460,50.8,64.9,4,3
1,432,714,29.5,73.1,1,0
0,448,49,31.7,65.6,0,0
7,1511,36,35.0,58.9,2,3
5,1163,488,25.3,68.9,1,1
11,2072,1000,49.0,55.3,3,1
3,752,405,49.0,64.3,2,1
9,1622,0,29.4,58.5,2,3
19,2785,92,25.0,53.7,2,4
1,471,219,27.3,77.9,1,2
3,710,124,34.3,68.7,2,2
2,516,431,33.2,67.1,1,1
13,2066,812,35.1,47.1,3,2
10,1850,137,39.3,50.9,2,3
0,247,801,43.3,60.8,0,0
7,1452,31,13.0,66.0,1,3
4,980,80,41.8,46.7,1,2
19,2946,785,36.3,57.6,3,2
12,1941,508,31.5,81.7,2,2
9,1670,472,37.3,66.3,2,2
5,1103,879,33.8,66.3,2,1
13,1935,398,36.0,57.0,2,3
14,1976,831,28.0,59.6,2,1
10,1676,458,42.2,63.4,3,2
7,1092,65,31.5,44.5,1,3
3,1023,499,26.8,78.0,2,1
9,1564,466,46.6,68.3,3,2
9,1449,255,43.8,81.8,3,2
15,2437,57,48.6,66.2,3,4
20,2956,328,21.3,83.0,3,3
9,1666,414,25.6,55.2,1,2
5,1006,332,41.2,76.7,2,2
12,1934,73,37.8,53.0,2,3
19,2958,814,28.4,55.5,2,3
14,2323,911,35.6,50.0,2,1
20,3000,805,13.0,76.2,2,3
5,1153,95,23.6,62.7,1,2
14,2316,29,26.5,60.4,2,4
12,1985,29,19.7,50.1,1,3
1,652,816,26.0,76.5,1,0
14,2543,1000,20.6,59.0,2,1
10,1670,445,32.5,67.2,2,2
0,464,736,47.5,62.1,0,0
7,1199,0,24.6,72.5,2,3
4,676,10,17.5,58.8,0,3
1,348,59,32.4,73.0,2,2
8,1445,890,33.2,62.1,2,1
3,754,444,27.8,78.4,2,1
1,713,561,48.3,70.0,2,1
8,1136,948,30.6,76.7,2,1
18,2776,481,53.0,56.9,3,3
15,2213,826,39.5,67.9,3,2
2,684,114,23.7,66.7,1,2
14,1924,449,30.9,76.3,3,3
5,1073,55,23.9,50.3,1,2
0,341,314,45.1,58.8,0,0
6,1272,603,34.2,64.6,2,1
13,1936,720,40.7,60.9,2,2
10,1696,1,37.1,69.1,3,3
8,1654,827,26.0,64.7,2,1
14,2186,469,26.6,74.5,2,2
6,1056,743,24.8,43.0,1,1
15,2262,289,32.8,50.6,2,3
12,1754,460,29.2,78.2,2,2
5,1129,104,41.4,56.4,1,2
16,2319,103,18.6,75.2,2,4
17,2495,104,34.4,61.7,3,4
3,884,184,32.0,65.4,2,2
14,2141,723,48.5,53.8,3,2
5,1069,165,40.4,53.8,2,2
0,781,505,30.5,64.2,0,0
17,2623,53,31.0,68.9,3,4
6,1039,971,31.8,48.2,1,0
12,1751,129,13.9,56.3,1,3
8,1478,64,51.0,67.1,3,3
1,551,893,48.5,57.8,2,0
16,2392,410,13.0,68.3,2,3
2,776,98,42.1,53.0,1,2
7,1308,644,37.9,67.6,2,1
0,406,687,35.3,59.8,0,0
5,1315,913,53.0,64.9,3,1
18,2889,684,39.4,53.4,3,3
20,3000,356,34.4,57.4,3,3
20,2790,858,27.6,71.0,3,2
10,1534,131,40.5,78.0,3,3
7,1208,281,29.0,47.7,1,2
5,834,149,42.1,66.4,2,2
17,2685,606,27.2,75.2,2,3
7,1546,1000,33.5,62.2,2,1
19,2912,373,44.8,62.7,3,4
13,1954,524,36.8,51.7,2,2
11,1918,956,26.8,62.7,2,1
1,347,46,13.0,74.1,1,2
14,2327,848,28.6,52.3,1,2
12,1970,334,48.7,55.7,3,3
12,2062,660,26.2,61.8,2,2
11,1952,482,40.3,70.1,3,2
2,626,30,25.4,77.1,1,2
16,2489,622,52.6,64.9,3,3
19,2868,410,39.9,67.6,3,3
13,2010,69,26.0,75.3,2,3
8,1304,800,26.8,52.3,1,1
2,853,810,38.3,57.6,1,0
20,2869,661,35.3,56.4,3,3
5,981,297,35.3,62.8,2,2
15,2359,889,24.6,56.7,2,2
7,1541,82,32.3,51.3,2,3
4,875,10,39.0,61.1,2,3
0,330,580,24.9,71.4,0,0
12,1930,81,37.3,61.0,2,3
7,1539,922,38.4,58.8,2,0
12,2007,778,27.8,47.2,1,2
8,1577,306,44.0,71.7,3,2
3,669,1000,48.8,51.0,2,1
1,337,454,33.9,47.0,1,1
13,2016,838,43.9,49.7,3,2
15,2560,516,29.1,82.0,3,3
2,702,583,22.1,56.4,1,1
7,1493,748,33.8,57.8,2,1
14,2214,821,29.9,63.5,2,2
10,1705,799,48.5,49.4,4,1
2,872,220,42.7,65.7,2,2
20,3000,814,24.5,73.7,3,2
6,1019,354,36.6,73.2,2,3
15,2441,91,25.5,69.2,2,4
15,2496,404,30.8,75.2,2,3
10,1900,279,32.8,45.9,2,2
17,2395,65,42.6,65.5,3,4
19,3000,40,13.0,58.3,2,4
12,2148,422,36.3,80.5,3,3
15,2490,301,22.7,66.7,2,3
12,1947,840,13.0,55.4,1,1
16,2407,84,24.0,83.0,3,4
12,1690,562,28.2,55.9,2,2
8,1569,403,16.8,68.5,1,2
2,559,574,37.6,72.3,2,1
2,431,69,51.3,46.5,2,2
8,1169,848,27.4,68.5,2,1
1,531,107,25.6,60.8,1,2
3,907,612,34.9,59.8,1,1
8,1284,103,29.2,69.6,2,3
14,2304,971,32.1,68.7,2,1
6,1128,374,13.6,67.6,1,2
9,1554,47,16.9,70.7,2,3
2,580,371,42.7,44.9,1,2
7,935,415,31.4,56.0,1,2
15,2401,287,40.1,76.7,3,3
14,2230,524,27.7,68.1,2,2
16,2576,515,46.8,56.6,3,3
4,698,804,35.4,51.9,1,1
17,2567,793,40.8,62.5,3,2
0,350,356,39.6,61.1,0,0
13,2158,403,41.9,73.2,3,3
7,1485,1000,39.9,72.2,2,0
15,2259,400,43.4,65.9,3,3
12,1807,381,28.3,55.6,2,3
6,1216,302,37.4,67.6,2,2
19,3000,705,22.4,50.9,2,3
3,785,988,25.0,45.9,1,0
4,774,431,27.4,65.0,1,1
13,1941,711,51.8,51.4,3,2
6,1430,524,31.1,57.9,1,2
14,2271,607,31.9,83.0,3,2
9,1734,835,48.5,47.2,2,1
17,2806,121,34.6,58.9,3,4
19,2920,432,34.8,64.0,3,3
0,200,309,20.8,45.6,0,0
9,1464,28,49.5,75.9,3,3
19,2735,736,25.9,57.2,2,3
16,2398,105,33.8,50.7,2,4
12,2018,41,31.3,63.1,2,4
15,2473,718,34.4,70.5,3,2
16,2436,120,53.0,76.3,4,4
7,1489,181,27.9,68.2,2,3
7,1312,829,31.9,61.5,2,1
9,1546,61,41.3,62.0,2,3
18,2958,903,33.7,59.3,3,2
0,354,100,20.8,81.3,0,0
10,1643,831,36.9,67.2,2,1
14,2087,669,40.0,83.0,3,2
6,1441,784,43.8,65.9,2,1
15,2197,483,33.4,67.5,3,3
7,1254,0,48.7,78.8,3,3
20,2969,341,34.0,61.6,3,4
19,3000,99,34.4,47.2,2,4
2,251,846,37.4,57.6,1,0
18,2747,332,36.0,71.6,3,3
10,1724,40,34.3,59.0,2,3
11,2036,427,38.9,52.4,2,3
15,2439,273,42.8,55.2,3,3
15,2382,724,51.3,55.8,3,2
11,1775,786,44.4,70.2,3,2
20,3000,416,44.9,56.9,3,4
14,2118,472,40.8,54.9,3,3
2,650,102,16.3,71.5,1,2
20,3000,735,17.9,71.4,3,3
6,1123,99,23.0,69.6,1,3
2,870,579,27.9,58.3,1,1
16,2255,904,38.3,68.6,3,2
16,2423,986,44.3,62.9,3,1
11,1679,493,26.6,57.6,2,2
19,2737,379,42.9,56.8,3,3
9,1495,897,25.7,52.0,2,1
10,1497,392,25.2,58.8,2,2
2,581,660,41.8,66.5,2,1
9,1580,4,41.4,75.3,3,3
9,1461,798,21.7,52.7,1,1
13,2218,409,39.1,53.1,2,3
15,2257,908,53.0,43.7,3,2
6,1027,463,43.9,65.0,2,2
18,2529,500,14.0,55.3,2,3
11,1819,459,41.1,66.6,3,2
12,2106,316,26.7,53.6,2,3
4,1126,37,33.9,54.2,1,3
11,2023,892,27.7,67.0,2,1
4,1295,121,33.1,53.8,1,2
11,1880,914,27.9,68.6,2,1
13,1890,1000,33.3,54.9,2,1
0,357,442,45.6,67.5,0,0
8,1514,892,39.7,61.5,3,1
11,1860,491,41.2,55.7,2,2
4,1030,388,33.5,72.3,2,2
11,1860,229,27.9,67.8,2,3
17,2669,864,34.8,53.5,3,2
15,2363,996,28.3,47.0,2,2
4,1041,850,40.3,53.0,2,1
5,1108,138,36.0,70.5,2,2
19,2880,833,39.2,76.9,4,3
16,2473,467,17.3,66.8,2,3
15,2431,606,25.9,66.0,2,2
11,2114,87,41.4,57.0,3,3
8,1466,530,50.9,66.9,3,2
7,1351,439,16.8,74.4,1,2
0,200,96,25.2,60.1,0,0
13,2000,774,45.2,69.7,3,2
7,1262,50,39.2,50.2,2,3
5,1128,442,37.2,56.2,2,1
19,2833,44,25.6,61.2,2,4
8,1465,476,39.5,56.0,1,2
5,853,487,42.0,62.1,2,1
3,817,133,26.0,66.5,1,2
14,2220,40,24.5,58.6,2,4
5,1167,56,28.4,64.0,1,2
8,1705,65,51.4,50.1,3,3
2,704,841,28.3,72.5,2,0
4,1083,270,26.3,62.7,1,2
0,562,860,45.6,67.6,0,0
14,2256,709,14.6,77.2,2,2
3,879,688,41.3,78.8,2,1
7,1420,104,19.8,56.1,1,3
14,1949,78,40.9,45.0,2,3
11,1851,258,31.5,43.0,2,3
2,579,18,37.2,43.0,1,2
12,2071,881,27.0,64.3,2,1
9,1830,854,38.3,56.6,2,1
16,2568,870,38.1,60.2,3,2
6,1264,767,35.2,51.8,2,1
18,2689,38,24.4,83.0,3,4
8,1395,41,33.1,47.6,1,3
14,2117,774,24.5,56.7,2,2
13,2061,190,37.1,60.7,2,3
2,600,339,15.4,55.4,1,2
1,356,63,30.7,57.3,1,2
20,2885,385,20.1,73.0,3,4
0,509,455,32.9,53.1,0,0
2,676,104,39.5,54.4,1,2
17,2602,685,38.3,58.5,3,2
0,349,229,35.0,55.8,0,0
13,1989,106,30.1,66.1,2,3
12,2022,878,23.1,56.4,2,2
2,444,510,22.4,58.2,1,1
7,1462,631,46.5,69.5,3,2
18,2359,837,13.5,78.0,2,2
3,739,698,34.0,43.0,1,1
18,2450,890,39.9,55.2,2,2
9,1562,804,39.1,66.7,2,1
14,2041,737,28.7,54.1,2,2
17,2694,755,27.5,58.5,2,2
4,1198,92,34.4,74.6,2,2
2,726,509,28.9,43.0,0,1
15,2390,93,24.0,71.0,2,4
3,989,69,19.9,74.5,0,2
8,1523,548,28.8,68.2,2,2
12,2101,388,35.5,56.9,2,3
18,2751,492,26.3,73.4,3,3
6,1294,65,30.1,59.1,1,3
19,2864,433,43.0,77.3,4,3
15,2450,1000,53.0,68.6,4,1
13,2120,669,35.2,71.3,3,2
19,2765,501,48.7,48.6,3,3
2,935,72,21.0,51.8,0,2
10,1525,775,53.0,62.2,3,1
0,465,463,29.1,81.8,0,0
16,2439,1000,43.8,70.2,3,2
17,2368,560,33.1,70.0,3,3
5,982,301,37.1,78.9,2,2
10,1588,55,46.8,53.7,3,3
13,2055,455,31.4,72.6,3,3
20,2752,742,40.9,61.9,3,2
3,686,372,18.6,64.4,1,2
5,1325,117,28.8,67.4,2,2
6,1014,618,29.6,68.1,2,1
19,2687,108,24.5,56.0,2,4
17,2439,462,36.7,51.2,2,3
7,1321,840,29.3,77.1,2,1
20,2650,399,19.1,61.3,2,3
6,1277,503,43.3,56.3,2,2
2,710,443,32.5,67.5,1,1
8,1264,115,33.2,59.0,2,3
0,457,86,37.9,79.7,0,0
13,2056,270,46.6,54.2,3,3
19,2870,1000,25.7,81.3,3,2
5,756,458,32.2,57.2,1,1
19,3000,878,29.8,54.7,2,2
4,865,504,16.1,66.3,1,1
2,891,404,26.9,54.1,1,1
19,3000,605,53.0,81.4,4,4
7,1250,571,40.2,64.9,2,2
19,2809,818,23.9,44.4,2,2
7,969,768,36.9,50.5,1,1
20,2954,371,17.4,82.5,3,3
14,2438,926,43.1,77.4,3,2
8,1517,358,39.7,63.1,2,2
15,2442,533,34.1,60.8,2,2
5,1075,856,26.2,52.5,1,1
16,2570,689,34.6,82.2,4,2
3,718,761,27.0,59.9,1,1
5,1147,241,30.2,67.9,2,2
11,1625,57,53.0,83.0,4,3
9,1526,105,37.8,72.0,2,3
8,1362,501,40.5,56.4,2,2
16,2359,364,17.1,73.9,2,3
4,989,837,29.3,65.3,1,0
1,538,1000,13.6,58.2,0,0
12,1926,96,31.8,70.4,2,3
16,2300,431,33.2,66.8,3,3
20,3000,276,26.3,57.7,3,4
14,2614,62,32.3,53.5,2,4
14,2044,864,32.7,69.3,3,1
3,709,75,38.1,60.0,2,2
3,729,584,50.0,70.0,2,1
18,2780,471,29.5,61.0,2,3
0,452,618,37.3,60.5,0,0
20,2972,433,35.4,56.0,3,3
6,1147,43,28.4,44.4,1,3
10,1832,841,29.0,64.1,2,1
9,1697,843,48.6,60.9,3,1
14,2054,857,25.4,67.1,2,2
20,2723,106,35.0,69.3,3,4
5,1067,435,41.8,57.1,2,2
17,2770,410,34.9,51.0,3,3
12,2064,550,34.0,71.3,3,2
4,718,48,42.1,74.6,2,2
10,1433,88,53.0,56.0,3,3
10,1668,892,42.8,64.3,2,1
14,2068,566,24.8,71.5,2,3
15,2020,974,41.0,56.5,3,1
2,635,396,43.0,60.6,2,1
4,1021,34,32.3,65.3,2,2
0,317,768,31.8,58.5,0,0
5,1122,99,40.6,69.2,2,2
5,1016,459,42.4,83.0,3,1
1,613,973,28.0,65.7,1,0
9,1488,354,34.6,61.0,2,2
2,757,0,32.6,64.5,1,2
18,2982,334,30.2,64.9,3,3
9,1844,604,13.2,50.1,1,2
5,998,535,18.7,60.0,1,1
17,2688,1000,31.7,65.8,3,2
4,985,87,42.9,71.2,2,2
17,2773,425,35.4,61.0,3,3
8,1472,340,38.7,54.3,2,2
3,915,70,34.1,74.9,2,2
11,1877,412,21.7,76.6,2,2
14,2206,47,17.2,61.4,1,4
11,1979,875,37.2,60.1,2,1
12,1968,354,25.9,59.1,2,3
5,1301,103,37.5,67.6,2,3
14,2399,59,35.1,64.2,2,4
15,2186,446,27.3,66.6,2,3
12,2211,767,39.8,58.5,2,1
2,520,240,16.0,73.7,1,2
5,1005,860,33.1,69.4,2,1
17,2368,474,26.5,64.2,2,3
18,2814,391,22.5,62.1,2,3
11,1977,825,22.5,64.9,2,2
1,471,679,13.5,51.0,0,0
18,2742,705,22.1,45.7,1,2
15,2475,925,45.3,71.4,3,2
7,1403,457,38.0,60.4,2,2
17,2618,118,44.8,62.2,3,4
11,1581,129,25.6,61.6,2,3
20,3000,391,18.6,43.0,1,4
20,2860,474,28.2,79.7,3,3
7,1044,961,41.3,56.2,2,0
3,634,505,24.4,64.1,1,1
15,2287,51,39.6,76.3,3,4
9,1641,299,37.2,78.0,3,2
19,3000,436,53.0,54.4,4,3
1,406,437,29.6,43.0,0,1
14,2302,312,43.0,67.9,3,3
17,2420,102,48.3,66.7,3,4
19,2694,1000,38.1,66.7,3,2
1,564,828,31.9,81.4,2,0
3,956,55,17.4,83.0,1,2
4,924,1000,27.3,71.8,2,0
1,605,525,46.8,65.6,2,1
7,1143,732,27.3,63.8,1,1
14,2263,58,36.2,46.9,2,4
7,1388,339,35.5,60.1,2,2
6,1273,253,33.2,73.7,2,2
6,1263,121,22.3,49.4,1,2
8,1458,96,32.0,51.8,2,3
2,602,7,32.6,74.8,2,2
6,1184,90,25.3,57.7,1,3
10,1761,995,40.6,83.0,3,1
0,244,907,43.4,43.0,0,0
1,592,118,50.6,70.1,2,2
18,2481,477,40.0,68.8,3,3
9,1601,73,32.2,72.4,2,2
14,2080,90,41.4,55.5,3,3
4,866,360,19.8,60.5,1,2
13,2397,67,44.4,63.0,3,4
20,2958,413,30.4,50.6,2,4
1,291,816,26.4,52.7,1,0
11,1652,865,53.0,65.6,3,1
0,356,338,52.7,76.2,0,0
1,501,19,31.1,82.8,2,2
7,1162,668,36.3,70.2,3,1
1,768,455,53.0,78.3,3,1
12,1648,399,39.2,71.0,2,2
15,2447,35,38.2,68.8,3,3
9,1491,788,33.6,55.7,2,1
17,2438,583,31.0,83.0,3,3
15,2277,73,38.9,70.9,3,4
7,1201,84,18.7,77.8,1,3
6,1379,847,13.0,75.5,1,0
18,2650,383,20.8,63.6,2,3
11,1887,427,40.9,54.1,2,2
2,605,482,53.0,55.5,2,1
12,1942,896,16.7,70.4,1,1
13,1925,117,48.7,72.0,3,3
7,1198,977,34.9,57.6,2,0
13,2182,56,38.1,63.9,2,3
18,2806,272,15.9,60.0,2,3
14,2156,872,24.7,70.8,2,1
3,778,386,25.1,55.9,1,1
4,988,371,26.8,69.5,0,2
12,1930,89,34.7,68.4,2,3
5,968,488,42.8,48.3,1,2
15,2218,880,42.8,66.7,3,2
16,2598,75,27.1,61.9,2,4
5,1114,852,51.5,46.2,2,1
12,1962,1000,34.6,83.0,3,1
2,782,791,36.3,59.5,1,0
10,1516,389,19.0,48.4,1,2
5,802,57,21.4,74.0,1,2
14,2473,78,32.1,80.2,3,4
12,2257,871,13.0,75.1,2,1
0,343,881,45.9,79.1,0,0
8,1467,2,37.6,69.9,2,3
9,1601,526,30.9,58.2,2,2
6,1276,561,21.6,53.3,1,1
7,1346,380,14.2,60.4,1,2
11,1683,482,29.0,64.8,2,2
17,2509,127,40.6,63.4,3,4
15,2239,851,38.2,62.4,3,2
15,2593,953,29.2,55.7,2,2
10,1667,107,17.6,68.1,2,3
13,2120,834,20.9,75.2,2,2
18,2511,67,29.2,50.4,2,4
4,866,41,30.4,56.0,1,2
17,2475,793,39.1,56.5,2,2
11,2133,432,49.3,72.2,3,2
12,2061,858,35.7,54.6,2,1
14,2319,630,35.2,67.9,3,2
17,2762,640,38.5,43.0,2,3
9,1820,286,33.8,83.0,3,3
18,2713,536,29.4,55.4,2,3
10,1533,399,41.9,46.4,2,2
8,1367,63,45.2,66.0,3,3
5,696,79,40.0,55.5,1,3
18,2700,545,13.4,78.7,2,3
18,2828,117,36.4,80.1,4,4
9,1395,899,27.4,65.2,2,1
11,1666,122,19.2,61.4,1,3
2,644,551,13.0,71.9,1,1
2,573,75,26.3,64.7,1,2
6,1268,177,42.2,72.3,2,2
13,2265,453,36.3,68.6,3,2
4,1049,357,33.1,54.5,2,2
2,510,633,34.7,66.9,1,1
19,2909,561,14.8,60.9,2,3
8,1397,370,32.5,53.7,1,2
13,2039,495,36.4,56.3,2,2
1,762,483,24.2,68.8,1,1
11,1648,123,22.7,58.4,1,3
16,2354,416,19.5,58.3,2,3
12,1919,71,24.3,57.1,1,3
14,2092,96,23.7,47.5,1,4
7,1222,95,49.4,43.0,2,3
1,278,432,26.5,43.0,0,1
15,2194,972,40.7,53.9,2,1
9,1682,117,35.8,76.6,3,3
8,1331,33,34.9,58.6,2,3
4,944,215,24.8,70.1,1,2
11,1696,404,35.1,47.8,1,2
11,1691,747,48.1,67.5,3,2
3,839,462,21.2,59.1,1,1
2,466,996,38.1,53.9,1,0
3,803,417,16.6,76.1,1,1
18,2916,92,15.4,78.2,3,4
20,2966,106,43.3,49.7,3,4
4,814,34,23.6,58.6,1,2
5,972,685,33.9,76.1,2,1
20,2958,683,49.1,62.6,4,3
12,1773,210,35.8,79.4,3,3
12,1875,870,26.4,48.1,1,1
9,1597,253,44.4,66.6,2,3
14,2289,572,27.6,66.6,2,2
6,797,464,36.4,77.6,2,2
7,1218,69,26.9,60.4,1,3
5,924,632,39.1,58.2,2,1
20,3000,376,25.5,76.2,3,3
3,673,298,29.2,51.8,1,2
16,2287,125,20.1,56.1,2,4
8,1377,40,35.3,65.1,2,3
2,618,107,25.6,80.4,1,2
5,1150,1000,44.9,78.5,3,0
0,566,129,19.8,77.8,0,0
6,1134,71,13.0,56.4,1,3
10,1686,605,15.5,59.8,1,2
17,2678,99,51.8,54.7,3,4
4,824,347,28.9,69.4,2,2
9,1751,85,27.7,76.8,2,3
5,1390,515,43.3,78.7,3,2
15,2145,27,31.1,56.0,2,4
4,911,587,44.4,63.4,2,1
0,336,858,40.7,62.3,0,0
1,506,528,29.1,43.0,0,1
8,1412,816,37.3,56.4,2,1
18,2626,20,36.9,55.5,3,4
5,937,14,32.7,55.5,1,3
10,1775,297,35.1,70.3,2,3
7,1151,350,40.8,62.5,2,2
18,2525,892,28.0,59.9,2,2
8,1658,891,29.9,56.9,1,1
8,1533,916,49.9,66.4,3,1
2,815,841,43.2,62.8,2,0
13,2211,96,13.0,59.7,1,3
3,895,920,35.7,77.2,2,0
1,539,894,45.3,57.6,2,0
0,261,762,31.7,53.9,0,0
18,2752,45,37.0,75.4,3,4
13,2084,833,47.3,67.8,3,2
2,651,494,38.0,53.9,1,1
2,545,76,35.6,68.1,1,2
16,2472,840,19.6,79.9,2,2
5,904,595,30.5,54.6,2,1
19,2856,530,31.5,63.1,3,3
19,2887,504,43.6,79.8,4,3
3,370,409,14.1,48.4,0,1
2,757,887,33.2,57.7,1,0
14,2255,971,44.2,59.5,3,2
3,804,527,30.3,48.8,1,1
19,3000,954,35.3,62.5,3,2
15,2391,868,41.9,77.7,3,2
18,2834,97,21.7,53.2,2,4
6,751,406,32.8,60.6,2,1
14,2001,73,37.4,58.7,3,3
0,200,691,36.5,77.5,0,0
1,580,736,13.0,73.0,0,0
6,1225,423,38.8,71.2,2,2
20,2883,123,42.6,43.0,3,4
14,2280,376,46.2,51.6,3,3
3,599,763,50.2,71.1,2,0
7,1631,861,32.8,65.0,2,1
10,1785,457,45.8,51.4,2,2
14,2027,43,37.6,78.8,3,4
17,2932,776,29.2,53.2,2,2
1,468,128,33.0,60.2,1,2
8,1617,410,21.2,59.7,1,2
12,1822,53,31.1,60.8,2,3
15,2611,553,29.0,67.6,2,3
10,1590,358,26.0,74.4,2,2
8,1353,127,35.4,83.0,3,3
9,1697,23,35.6,66.0,2,3
0,379,748,39.0,49.4,0,0
20,3000,297,29.2,55.5,3,4
10,1850,816,35.3,47.7,2,1
20,2956,430,39.0,69.5,3,3
13,2040,870,19.9,66.4,2,2
6,1012,526,32.3,72.5,2,1
18,2760,513,16.5,68.9,2,3
17,2681,30,47.1,62.9,3,4
19,2954,688,28.7,82.5,3,3
20,2981,978,41.3,67.0,3,2
18,2766,462,29.3,68.4,3,3
11,1944,51,39.2,61.4,2,3
2,458,774,32.7,45.8,1,0
17,2383,70,16.5,68.1,2,4
12,2034,398,40.0,73.0,3,3
0,528,58,37.5,63.2,0,0
10,1774,901,39.8,71.2,3,1
9,1496,799,35.5,43.0,1,2
8,1502,31,33.0,61.3,2,3
13,2086,273,37.1,56.3,2,3
2,486,76,35.0,70.6,2,2
10,1419,363,34.7,67.6,2,2
14,2126,790,33.2,63.8,3,2
2,764,80,32.2,69.7,2,2
16,2639,244,34.3,67.6,3,3
10,1602,424,36.3,54.9,2,2
11,1792,50,36.0,56.3,2,3
19,2962,894,39.0,68.3,4,2
12,1932,669,14.2,58.3,1,2
7,1229,845,13.0,59.3,1,1
16,2486,567,27.1,56.4,2,3
7,1430,1000,32.1,75.1,2,1
16,2391,730,50.1,54.4,3,2
15,2203,661,36.4,79.5,3,2
12,2030,824,24.2,69.6,2,1
20,3000,85,25.5,65.6,3,4
5,1031,719,42.1,54.9,2,1
5,1138,735,51.1,73.5,3,1
13,1956,476,37.3,67.1,2,2
19,2744,754,38.9,72.4,3,2
14,1952,58,49.4,72.8,3,3
18,2415,136,25.1,76.9,3,4
5,1122,122,24.1,43.0,0,2
17,2309,15,30.4,60.8,2,4
12,2072,945,34.4,55.1,2,1
6,1308,956,39.5,78.9,3,0
8,1471,461,44.7,77.9,3,2
8,1280,840,34.0,63.6,2,1
14,2112,832,32.5,77.4,3,2
7,1346,38,44.8,76.1,3,3
17,2556,697,23.6,64.6,3,2
8,1321,97,41.0,74.5,3,3
8,1411,800,32.8,83.0,2,1
19,2854,357,35.2,49.5,2,4
17,2454,83,30.0,62.7,2,4
7,1250,392,27.3,63.8,2,2
16,2419,329,31.2,72.0,3,3
8,1486,287,38.0,62.8,2,2
10,1613,882,35.1,81.9,3,1
20,2989,361,50.4,55.5,3,4
20,2900,52,35.9,67.9,3,4
19,3000,578,27.4,61.5,2,3
7,1186,749,16.7,65.6,1,1
7,1406,46,48.5,56.4,2,3
7,1269,380,22.2,63.9,1,2
1,513,17,29.1,81.3,2,2
18,2596,977,47.1,64.4,4,2
8,1366,648,53.0,56.0,3,1
14,2394,70,36.9,70.6,3,4
10,1665,63,33.4,46.4,2,3
0,554,936,40.8,63.4,0,0
13,2129,128,41.8,76.6,3,3
0,524,476,38.9,69.0,0,0
6,1431,406,25.3,63.5,1,2
0,316,48,41.7,66.3,0,0
10,1685,418,38.4,66.4,3,2
0,398,908,37.4,55.3,0,0
12,2104,913,43.1,66.0,3,1
7,861,1000,42.9,56.1,2,0
14,2183,900,46.5,76.7,4,2
13,2165,411,48.6,55.2,3,3
11,2095,683,43.3,69.6,3,2
15,2409,761,14.4,72.3,2,2
18,2806,703,44.9,59.6,3,3
16,2520,225,29.0,56.5,2,3
7,1335,858,13.0,49.3,0,1
1,555,829,16.0,61.1,0,0
18,2786,455,39.9,75.9,4,3
4,939,949,42.8,47.7,2,0
16,2554,769,31.5,66.9,3,2
15,2454,445,25.7,57.9,2,3
14,2256,827,20.8,53.7,2,2
16,2776,948,38.4,59.9,3,2
1,565,460,45.8,55.7,2,1
3,710,127,48.1,71.6,3,2
13,2198,522,36.7,68.3,3,2
17,2599,858,37.5,63.5,3,2
5,1208,659,39.9,62.2,2,1
19,2771,777,13.0,66.0,2,2
0,336,814,35.2,45.4,0,0
7,1360,745,25.8,77.4,2,1
3,1061,764,43.2,68.4,2,1
7,1325,688,35.2,72.0,2,1
15,2530,697,33.6,69.2,3,2
8,1501,541,35.9,53.9,2,2
7,1281,34,34.9,55.3,2,3
0,526,54,30.7,77.5,0,0
8,1304,64,48.7,43.6,1,3
13,1974,125,22.8,83.0,2,3
3,797,866,46.6,43.0,2,0
13,2040,107,42.5,53.1,2,3
17,2644,276,22.6,66.5,2,4
7,1108,855,45.1,59.5,1,1
10,1725,145,25.6,54.6,1,3
3,727,568,25.9,67.8,1,1
17,2589,64,34.8,66.4,3,4
8,1585,117,34.6,56.7,2,3
17,2527,48,28.8,56.3,2,4
13,2095,46,40.8,43.0,2,3
9,1470,762,41.4,53.5,2,1
3,766,292,30.3,60.9,1,2
0,565,129,42.9,53.2,0,0
12,1828,0,30.2,54.8,2,3
4,656,57,52.6,83.0,3,2
3,663,693,34.8,65.9,2,1
8,1397,137,23.7,55.6,1,3
11,2025,78,31.0,56.3,2,3
12,1845,404,27.8,65.6,2,3
5,1046,520,17.3,77.9,1,1
10,1747,419,17.1,44.4,1,2
12,2167,68,43.5,43.0,2,3
17,2805,0,18.7,68.5,2,4
5,1156,715,42.0,55.0,2,1
1,397,426,37.0,48.5,1,1
13,1972,66,14.0,52.0,1,4
4,957,916,19.1,46.0,0,0
4,819,652,19.3,54.3,1,1
8,1420,333,17.2,71.4,2,2
3,1032,478,39.7,72.0,2,1
2,641,80,14.5,81.0,1,2
17,2513,136,53.0,72.8,4,4
8,1274,999,41.6,60.3,2,1
14,2292,764,41.2,72.1,3,2
5,1126,801,16.9,67.6,1,1
14,2052,879,36.1,57.9,2,2
0,310,360,36.0,64.3,0,0
18,2736,89,47.8,70.6,4,4
18,2771,380,39.8,50.4,3,3
18,2796,855,50.2,66.5,4,2
13,2066,69,19.3,67.2,2,3
15,2428,65,46.0,62.8,3,4
10,1852,124,53.0,51.9,3,3
0,200,218,15.1,45.9,0,0
7,1040,364,25.9,69.2,2,2
4,982,629,27.7,82.3,2,1
20,2802,75,46.4,52.9,3,4
7,1424,76,23.9,61.2,1,3
15,2303,1000,19.0,64.3,2,1
13,1973,875,47.5,49.9,3,1
18,2902,902,24.0,78.7,3,2
7,1194,540,22.0,83.0,2,2
5,935,746,35.3,64.8,1,1
5,811,546,28.0,68.8,1,1
0,581,948,16.2,48.2,0,0
11,1867,150,33.2,75.3,2,3
18,2632,895,30.8,67.5,3,2
1,492,838,37.9,53.0,0,0
10,1825,83,30.8,51.9,2,3
9,1523,343,37.6,55.6,2,2
7,1340,950,22.8,64.4,1,1
10,1589,779,14.4,83.0,2,1
20,3000,846,43.0,54.4,3,2
11,1590,485,22.3,76.2,2,2
17,2372,101,40.6,69.0,3,4
19,3000,1000,53.0,62.5,4,2
19,3000,787,25.3,55.9,2,2
9,1562,449,43.2,56.9,2,2
11,1889,336,43.8,77.7,3,3
20,3000,978,27.7,71.4,3,2
1,588,379,24.1,72.3,1,1
18,2606,38,29.1,50.2,2,4
0,646,43,39.2,67.0,0,0
5,1047,692,34.2,69.8,2,1
12,2173,99,34.4,60.1,2,3
11,1971,423,20.2,47.4,1,2
12,2162,560,22.2,72.1,2,2
2,674,772,44.9,61.9,2,0
10,2012,495,29.7,50.2,2,2
0,335,977,29.3,58.6,0,0
7,1429,991,38.7,76.5,3,1
9,1918,276,34.9,60.1,2,2
12,1646,832,27.3,71.6,2,1
0,399,383,22.0,74.4,0,0
10,1771,887,29.4,69.1,2,1
19,2762,232,19.0,60.2,2,4
11,1591,845,33.1,53.1,2,1
3,542,483,41.8,45.3,1,1
6,1201,388,30.3,54.2,2,2
0,552,422,20.8,47.4,0,0
14,2185,522,25.4,66.6,2,2
17,2786,92,17.5,66.0,2,4
8,1431,815,32.2,51.8,1,1
8,1271,81,16.9,66.6,1,3
7,1180,317,42.2,75.8,3,2
0,407,974,46.4,55.9,0,0
1,543,796,39.8,66.1,2,0
0,374,348,53.0,74.9,0,1
18,2963,412,27.9,58.0,2,3
4,987,587,27.8,63.3,0,1
18,2517,426,30.2,69.7,3,3
15,2152,134,39.3,55.3,2,3
12,2059,533,32.4,61.9,2,2
16,2382,49,53.0,73.4,4,4
1,242,223,36.7,43.0,1,2
17,2376,62,35.5,77.2,3,4
0,352,838,53.0,72.2,0,0
1,573,520,41.9,59.5,2,1
16,2314,763,13.0,48.3,1,2
1,540,629,47.6,76.8,2,1
4,975,461,26.9,75.1,2,1
16,2571,33,25.9,76.0,3,4
5,946,826,36.5,69.7,2,0
14,2214,305,41.1,57.7,3,3
14,2265,75,17.1,57.5,1,4
7,1383,392,41.8,43.0,1,2
15,2190,437,37.8,83.0,3,3
19,2685,917,21.1,65.8,2,2
4,895,264,44.9,48.0,1,2
16,2660,746,19.2,60.9,2,2
14,2052,806,32.5,56.0,2,2
19,2852,408,34.8,51.4,3,3
20,2849,12,51.1,45.6,3,4
5,1070,496,27.5,61.2,2,2
20,3000,720,24.2,44.1,2,3
1,727,855,41.5,73.7,2,0
9,1305,872,29.5,53.6,1,1
15,2447,109,37.6,68.9,3,4
16,2472,908,22.8,70.0,2,2
14,2115,929,32.2,74.5,3,1
5,1414,520,32.1,70.7,2,2
15,2354,112,27.7,71.1,2,4
20,3000,235,35.7,72.2,3,4
0,382,67,23.1,61.3,0,0
2,797,0,24.8,48.1,0,2
13,2031,476,48.8,54.5,3,2
7,1471,901,25.9,63.0,2,1
20,2843,494,23.0,64.5,3,3
7,1210,426,20.1,51.6,1,2
11,2094,791,32.1,52.9,2,1
4,1156,958,27.2,54.8,1,0
12,2127,796,40.8,83.0,3,2
18,2502,381,34.2,64.5,3,3
12,2011,517,20.2,61.8,2,2
12,2052,820,23.9,58.6,2,2
2,600,378,27.3,64.6,1,1
5,986,605,46.0,77.9,3,1
7,1277,753,14.0,79.5,1,1
15,2549,59,40.2,56.4,3,4
7,1523,479,37.4,65.3,2,2
17,2444,257,49.8,74.1,4,3
10,1664,92,24.2,44.3,1,3
3,743,241,36.1,70.0,1,2
3,448,56,48.3,50.5,2,2
20,3000,424,38.7,65.7,3,4
4,899,387,29.8,70.1,2,2
8,1333,545,30.4,76.2,2,2
5,951,669,29.8,53.1,1,1
12,2078,58,38.5,76.0,3,3
19,2686,529,35.1,59.3,3,3
13,2154,523,31.0,57.9,2,2
3,661,882,31.2,76.0,2,0
8,1615,609,13.0,62.6,1,2
10,1681,165,36.8,55.0,2,3
12,2021,425,33.4,75.1,3,3
6,1086,519,43.9,66.2,2,2
11,1688,1000,32.3,62.8,2,1
3,776,97,14.0,45.9,0,2
19,2872,895,36.0,68.4,3,2
14,2258,85,39.8,78.5,3,4
9,1573,145,38.2,54.1,2,3
13,2168,958,49.5,59.6,3,1
14,2031,98,36.9,68.3,3,3
14,2435,175,32.9,83.0,3,3
3,676,352,48.6,81.5,3,2
15,2300,898,30.5,78.7,3,2
16,2522,429,30.8,80.3,3,3
2,518,347,19.4,65.8,1,1
13,2030,956,19.3,68.2,2,1
9,1609,716,28.5,60.7,2,1
2,540,534,38.8,50.3,1,1
20,3000,545,35.9,66.4,3,3
8,1192,924,44.3,62.5,2,1
2,581,31,30.3,57.9,1,2
2,672,740,24.9,59.3,1,1
6,1095,0,33.6,63.4,2,3
10,1778,787,32.9,75.2,2,2
14,2392,608,35.1,51.3,2,2
7,1686,332,13.0,76.1,1,2
17,2941,323,19.1,43.0,2,3
8,1485,506,17.3,54.9,1,2
7,1178,451,13.0,51.9,0,2
14,2245,789,13.5,58.3,1,2
8,1767,664,32.7,63.2,2,0
17,2432,395,43.5,61.9,3,3
10,1811,705,26.7,67.6,2,2
0,200,98,19.3,67.3,0,0
17,2583,463,43.6,78.0,4,3
17,2825,309,29.9,53.7,2,3
7,1053,905,23.6,71.5,1,0
10,1644,46,33.6,60.8,2,3
15,2356,166,31.6,50.7,2,4
9,1547,4,23.5,48.8,1,3
19,3000,89,13.0,62.8,2,4
1,550,237,45.3,63.6,2,2
11,2034,46,34.7,58.7,2,3
16,2752,60,44.3,53.0,3,4
11,2065,431,32.0,55.2,2,2
8,1479,81,45.5,70.8,3,3
20,3000,458,26.4,61.9,3,3
3,891,110,25.5,65.6,1,2
14,2068,486,34.0,57.7,2,2
16,2552,138,42.9,70.0,3,4
19,2822,62,33.8,63.9,3,4
5,946,732,27.1,53.4,1,1
2,985,769,34.6,50.4,1,0
12,1951,53,40.3,73.1,3,3
20,3000,739,34.8,76.5,3,3
14,2160,569,37.5,58.3,2,2
11,1643,762,36.7,61.8,2,1
1,373,1000,30.2,66.4,1,0
19,2926,875,25.2,69.1,3,2
19,2908,106,30.2,60.6,3,4
14,2255,728,30.2,54.1,2,2
11,1654,897,21.1,62.5,1,1
12,1882,468,37.8,61.8,3,2
0,629,602,34.2,50.3,0,0
14,2263,483,51.5,54.9,3,2
7,1430,106,43.4,78.8,3,3
18,2784,546,33.9,67.6,3,3
3,726,29,42.4,79.3,2,2
5,966,710,34.1,61.6,2,1
15,2551,86,32.4,66.7,3,4
19,2639,1000,34.3,65.6,3,2
13,2234,74,20.8,69.2,2,3
9,1684,482,27.0,68.9,2,2
5,1118,57,41.9,63.7,2,3
14,2375,610,37.1,69.0,2,2
20,3000,481,23.2,49.9,2,3
8,1323,328,39.6,73.9,2,2
16,2405,495,28.4,59.6,2,3
2,399,433,28.6,63.5,1,1
1,695,520,16.9,58.0,1,1
20,3000,858,48.3,70.6,4,2
18,3000,5,53.0,56.1,4,4
4,802,436,32.8,68.7,2,2
6,984,93,26.3,57.2,1,2
17,2736,644,13.0,43.0,1,3
13,1914,593,35.5,55.4,2,2
2,593,553,31.2,70.5,2,1
3,749,751,33.5,62.7,1,1
14,2351,837,26.3,66.9,2,2
16,2517,518,24.8,68.8,2,3
13,2253,359,29.5,62.1,2,3
2,808,76,26.2,60.0,1,2
5,853,823,22.2,70.1,1,1
16,2362,56,37.0,59.6,3,4
9,1592,341,32.9,78.0,3,2
17,2726,498,44.7,56.4,3,3
16,2318,846,23.4,47.4,2,2
4,796,434,25.6,49.9,1,1
17,2730,50,13.0,51.5,1,4
19,2607,238,35.7,61.6,3,4
16,2245,49,36.7,72.0,3,4
19,2959,736,47.6,78.7,4,2
5,1066,331,33.4,72.0,2,2
13,2195,960,26.1,69.1,2,1
1,412,136,27.8,63.1,1,2
11,1455,545,26.4,67.7,2,2
6,1156,130,31.7,70.4,2,2
15,2510,184,52.9,67.0,4,4
9,1677,474,13.0,67.7,1,2
15,2219,504,31.6,49.9,2,3
20,3000,473,37.9,58.6,3,3
20,3000,124,49.6,63.4,4,4
13,1938,911,42.6,70.5,3,1
5,1369,759,26.0,55.7,1,1
19,2811,206,27.5,79.6,3,4
18,2690,556,25.9,54.0,2,3
1,628,558,47.7,74.3,3,1
10,1741,692,37.8,67.2,3,2
10,1675,752,29.2,64.4,2,1
3,798,523,29.1,75.5,2,1
20,2985,746,27.0,61.2,3,3
6,1119,434,53.0,58.8,3,1
17,2658,916,21.0,70.5,2,2
6,1132,105,23.9,72.8,2,2
4,858,730,38.8,49.6,1,1
18,2561,487,34.3,54.2,3,3
19,2759,555,31.2,65.4,2,3
4,757,514,28.2,57.7,1,1
12,1960,535,48.2,61.0,3,2
15,2466,70,36.8,74.6,3,4
0,200,395,41.0,49.8,0,0
17,2489,818,34.7,65.9,3,2
9,1467,888,21.5,70.0,2,1
13,1894,786,44.9,51.1,3,2
12,2197,500,20.7,52.6,1,2
2,487,941,52.7,66.7,2,0
10,1789,54,43.1,83.0,3,3
18,2888,95,30.4,58.1,2,4
15,2553,933,30.1,55.9,2,2
16,2432,74,34.8,49.1,2,4
0,380,536,20.8,68.7,0,0
0,200,181,31.3,62.2,0,0
4,1063,870,39.2,67.9,2,0
13,2101,132,33.4,67.8,3,3
11,1685,689,22.3,66.4,2,2
10,1818,348,29.3,57.7,2,2
3,1012,866,34.5,67.0,2,0
18,2919,166,34.1,53.6,2,4
6,1161,899,39.6,49.0,2,1
10,1444,890,36.1,54.5,2,1
10,1765,0,32.3,63.3,2,3
20,3000,658,29.6,43.0,2,3
19,3000,469,45.9,71.5,4,3
11,2172,383,18.9,55.2,1,3
14,2286,956,13.0,59.6,1,1
3,883,44,30.3,56.4,1,2
13,2146,914,30.6,76.4,3,1
8,1358,872,16.7,61.2,1,1
14,2120,697,31.1,63.9,2,2
17,2780,938,28.1,67.6,2,2
1,624,89,23.2,73.3,1,2
2,621,248,29.1,52.4,1,2
18,2831,413,38.8,73.9,3,3
0,396,923,29.2,59.0,0,0
7,1445,730,36.3,70.6,2,1
17,2476,464,36.0,83.0,3,3
4,1214,814,26.5,50.2,1,1
6,1214,603,33.0,61.4,2,1
12,1912,276,21.0,77.5,2,3
19,2880,965,35.7,60.8,3,2
4,711,774,29.2,56.0,1,1
1,342,68,13.0,81.6,1,2
12,1962,665,29.4,66.5,2,2
10,1752,97,27.4,70.6,2,3
14,2314,494,15.8,72.5,2,2
14,2432,835,28.8,62.5,2,2
11,1820,257,32.0,51.8,2,3
15,2294,810,29.7,54.3,2,2
8,1472,583,37.5,58.7,2,2
3,780,879,48.5,52.4,2,0
11,1769,741,19.4,75.3,2,1
11,1802,492,34.0,45.0,2,2
3,763,453,26.8,52.7,1,1
6,1039,736,27.2,64.2,1,1
12,1701,35,27.4,70.9,2,3
4,815,107,32.8,62.1,1,2
19,2915,450,28.0,73.5,3,2
2,839,501,45.6,53.4,2,1
6,1295,948,39.0,53.1,2,1
6,950,247,53.0,67.4,3,2
15,2206,852,24.0,62.3,2,2
10,1956,520,40.9,77.9,3,2
9,1585,921,31.4,65.7,2,1
17,2701,739,33.0,68.1,3,2
0,744,558,34.2,53.1,0,0
18,2723,91,28.5,68.6,3,4
9,1575,0,33.5,65.1,2,3
13,2066,908,53.0,51.8,3,1
16,2309,434,22.5,56.2,2,3
17,2682,107,43.1,77.9,4,4
19,2873,876,36.1,65.9,3,2
6,1215,65,26.0,67.2,1,3
13,2150,897,26.7,69.5,2,1
17,2462,120,27.1,69.9,2,4
8,1268,209,37.1,48.8,2,2
14,2318,1000,26.3,67.4,2,1
11,1514,811,34.0,58.4,2,1
11,1857,934,44.5,56.7,3,1
19,2897,61,35.1,51.4,3,4
12,1648,338,31.9,66.7,2,2
4,1137,89,26.5,65.3,1,2
11,1700,383,38.4,66.5,2,3
18,2815,366,39.8,63.4,3,3
2,1024,396,40.3,83.0,2,1
16,2490,33,40.0,64.8,3,4
6,1343,862,45.7,57.2,2,1
19,3000,102,37.7,54.7,3,4
6,1104,656,37.3,69.0,2,1
10,1454,42,16.0,83.0,2,3
7,1076,51,25.2,63.0,1,3
14,2174,869,53.0,76.6,4,2
1,678,419,27.6,46.5,0,1
19,3000,688,48.5,52.7,3,3
12,2073,970,37.8,65.7,3,1
13,2068,167,48.6,62.8,3,3
16,2568,889,37.7,67.1,3,2
16,2507,963,36.0,54.3,3,2
4,1112,44,21.7,54.2,1,2
18,2695,322,41.4,70.2,3,3
14,2204,484,28.7,69.9,2,3
11,1954,941,40.8,64.3,3,1
17,2549,107,33.6,69.3,3,4
16,2407,849,25.8,56.3,2,2
11,1744,773,22.7,79.4,2,1
10,1797,621,35.2,69.9,2,2
5,1010,478,39.6,60.0,2,1
16,2245,451,17.9,69.0,2,3
12,1935,86,31.3,64.9,2,3
20,2953,654,26.5,59.4,2,3
14,2474,435,23.6,71.8,2,3
14,2155,580,34.4,71.3,3,2
14,2394,40,29.3,76.3,3,4
13,2271,452,24.0,80.1,2,3
5,1077,879,31.8,62.8,2,0
14,2395,72,21.9,65.3,2,4
3,653,893,18.5,65.2,1,0
13,2124,853,42.7,55.1,2,1
12,1943,903,22.3,70.4,2,1
8,1646,967,45.1,64.8,2,1
8,1171,66,33.9,72.1,2,3
8,1509,382,29.4,81.2,2,2
11,1611,210,23.5,65.7,2,3
2,587,983,33.3,62.8,1,0
3,760,776,38.6,58.3,2,2
16,2670,102,45.4,69.2,3,4
8,1817,1000,32.1,74.6,2,1
7,1500,527,41.4,43.0,1,2
2,709,1000,41.3,68.4,2,0
7,1641,356,33.9,56.0,2,2
6,1115,914,25.9,53.5,1,1
13,2331,875,18.1,43.0,1,2
7,1123,514,24.1,61.4,1,2
2,588,74,25.1,54.0,1,2
1,493,888,38.2,55.9,1,0
6,1072,204,53.0,49.8,2,2
0,462,0,39.7,61.5,0,0
14,2272,106,32.6,59.9,2,3
7,1456,12,23.8,56.5,1,3
1,437,831,51.7,77.4,3,0
17,2641,368,24.1,43.0,1,3
9,1567,86,34.7,56.5,2,3
3,595,767,28.1,64.3,1,1
18,2637,413,37.0,53.5,3,3
1,484,541,27.5,63.3,1,1
19,2630,627,49.4,76.7,4,3
1,442,762,30.7,76.5,2,0
18,2588,869,25.4,65.3,2,2
14,2093,22,28.1,76.9,3,4
1,407,23,18.3,60.0,0,2
11,1902,869,27.8,47.5,2,1
15,2043,141,36.6,76.9,3,3
14,2334,305,39.6,58.0,3,3
14,2212,43,24.2,46.7,1,3
17,2696,315,44.5,74.5,4,3
3,941,589,40.0,78.3,2,1
18,2746,617,39.1,54.9,3,3
11,2084,893,43.3,60.5,3,1
0,476,946,18.0,72.9,0,0
7,1423,474,34.5,71.0,2,2
12,1876,800,34.4,77.2,3,1
13,2005,78,40.9,60.7,3,3
11,1904,916,33.9,56.5,2,1
15,2492,226,28.5,56.3,2,3
12,2252,792,19.0,74.8,2,2
2,750,461,36.1,78.1,2,1
8,1055,153,32.0,60.9,2,2
13,1949,919,20.3,71.8,2,1
18,2864,754,39.9,76.4,4,2
3,863,751,31.3,55.1,1,1
18,2576,863,33.8,59.4,3,2
0,415,611,35.9,74.8,0,0
15,2225,842,48.5,70.5,3,2
9,1685,798,43.1,64.4,3,1
5,888,225,36.3,67.0,2,2
20,2719,832,37.5,59.1,3,2
1,590,931,27.5,72.6,1,0
2,776,842,37.1,66.8,2,0
14,2137,88,37.2,58.1,3,3
1,450,613,34.1,55.9,1,0
19,2995,114,53.0,65.7,4,4
8,1493,236,33.6,62.4,2,3
4,977,379,48.7,72.7,2,2
19,2728,68,39.7,52.2,3,4
5,837,695,27.0,62.3,1,1
12,1828,105,39.6,56.7,2,3
5,1285,640,29.5,71.4,2,1
14,2404,38,42.1,49.6,2,4
10,1913,807,28.8,75.3,2,1
19,2803,903,37.6,72.1,3,2
3,908,796,47.8,76.6,3,1
18,2738,874,34.5,59.2,3,2
3,878,50,26.8,62.2,1,2
1,408,79,23.0,68.5,1,2
20,2816,265,43.8,79.7,4,4
3,894,939,53.0,58.4,2,0
3,622,352,53.0,76.3,3,2
6,1369,964,28.2,63.6,2,0
13,2203,434,25.2,63.2,2,3
11,1949,968,19.8,71.8,2,1
3,818,537,33.0,65.4,1,1
19,2849,474,24.6,66.1,2,3
4,1062,905,29.1,64.4,1,0
2,762,887,36.8,66.1,2,0
1,619,111,41.7,66.5,2,2
16,2620,765,26.0,61.7,2,2
6,1473,86,35.3,60.4,2,3
3,596,255,45.9,79.6,3,2
11,1950,0,29.5,83.0,3,3
20,3000,430,38.5,72.6,3,3
11,1741,37,37.4,74.0,2,3
15,2570,129,45.1,77.0,4,3
19,2843,76,28.6,63.6,3,4
19,3000,251,28.1,64.2,3,4
8,1386,736,34.0,56.4,2,1
0,336,312,23.3,80.9,0,0
18,2876,910,31.8,77.3,3,2
3,904,977,38.0,77.4,2,0
13,2075,414,36.4,48.2,2,3
6,1382,80,37.3,69.7,2,3
19,2990,484,30.9,75.4,3,3
20,3000,356,49.4,52.5,3,4
1,435,88,34.5,43.3,1,2
19,3000,463,20.5,67.2,2,3
19,3000,541,39.6,59.7,3,3
3,875,0,23.6,69.2,1,2
18,2896,397,37.2,61.9,3,3
0,656,738,33.9,79.3,0,0
0,269,397,38.4,69.4,0,0
10,1682,437,34.3,43.0,1,2
15,2541,61,30.2,67.7,2,4
14,2349,867,27.2,65.0,2,2
1,498,965,23.5,74.1,1,0
19,2991,964,31.3,67.5,3,2
17,2387,574,30.3,55.4,2,3
0,224,1000,28.0,43.0,0,0
18,2593,868,25.5,73.0,3,2
19,2788,367,37.2,66.5,3,3
13,2034,533,36.1,59.2,2,3
8,1460,813,39.8,55.2,2,1
6,1507,903,29.8,65.8,2,1
16,2417,118,18.9,73.0,2,4
11,1828,812,36.6,62.6,2,1
7,1348,92,36.0,65.6,2,3
4,1047,71,24.7,62.5,1,2
14,2239,37,37.3,44.2,2,4
17,2504,99,21.4,64.2,2,4
13,2131,298,25.8,54.1,2,3
20,2645,99,26.9,76.5,3,4
19,2866,34,49.3,58.5,3,4
6,1310,889,30.9,51.3,2,1
4,888,468,40.5,65.5,2,1
20,3000,98,42.9,59.5,4,4
5,1053,266,41.9,53.7,2,2
8,1375,434,30.0,61.2,2,2
9,1627,77,47.5,69.3,3,3
10,1727,831,24.9,61.2,1,1
12,2045,836,41.1,72.6,3,1
18,2750,82,33.5,77.7,3,4
9,1506,326,39.3,69.0,2,3
4,1120,915,30.9,59.6,1,0
2,701,60,37.0,79.6,3,2
14,1962,742,42.0,73.2,3,2
11,2026,78,34.5,79.8,3,3
6,1477,15,34.4,71.8,2,3
13,2042,70,28.5,70.2,2,4
19,2796,1000,47.8,71.7,4,2
14,2237,488,13.1,62.7,1,3
6,1185,865,53.0,54.9,2,1
15,2299,528,13.0,56.5,1,3
18,2697,890,15.5,60.0,2,2
16,2469,144,39.2,66.9,3,4
13,2125,305,29.3,73.0,2,3
4,781,421,29.4,45.8,1,2
18,2834,14,39.8,57.7,3,4
14,2032,459,28.8,61.3,2,3
10,1544,399,42.8,60.7,2,2
12,2048,231,35.2,66.6,3,3
15,2397,514,30.9,51.8,2,2
2,406,479,19.8,56.1,0,1
12,1776,739,23.9,64.8,2,2
20,3000,77,39.2,59.5,3,4
3,626,321,32.1,49.0,1,2
2,491,387,45.4,77.2,3,1
14,2408,965,38.9,59.6,3,2
1,400,462,13.0,55.3,0,1
16,2553,395,39.6,59.4,3,3
2,758,832,24.0,62.1,1,0
15,2485,585,29.7,56.4,2,3
0,382,542,32.0,66.1,0,0
14,2152,452,34.6,67.2,2,3
16,2292,0,24.9,57.2,2,4
5,967,462,40.0,72.1,2,1
0,395,1000,50.2,55.8,0,0
9,1742,387,21.4,66.6,1,2
16,2523,453,23.2,55.5,2,3
11,1519,994,33.1,72.0,2,1
3,779,943,30.8,57.0,1,0
16,2850,437,18.4,70.9,2,4
4,940,337,27.3,61.9,1,2
1,568,590,24.0,43.8,0,1
5,1103,792,27.9,71.8,2,1
5,831,148,19.6,58.2,1,2
1,858,223,40.6,76.4,2,2
16,2310,316,37.1,52.5,2,3
4,878,863,31.1,67.9,2,0
1,746,276,40.3,69.4,2,1
20,3000,35,45.6,52.5,3,4
16,2541,747,40.8,51.9,2,2
4,952,375,34.0,77.0,2,2
0,399,94,34.5,52.9,0,0
12,1768,108,17.7,51.2,1,3
12,1873,534,17.9,72.2,2,2
2,681,632,27.7,62.1,1,1
11,1732,853,45.5,63.0,3,1
12,2000,225,50.5,65.1,3,3
10,1822,782,15.9,56.4,1,2
1,723,107,38.2,76.3,2,2
15,2157,80,43.4,73.8,3,3
13,2131,833,26.8,66.1,2,1
10,1684,438,40.4,79.0,3,2
10,1662,921,35.2,62.6,2,1
15,2388,396,41.2,69.0,3,3
3,879,362,25.4,77.6,2,2
20,2888,954,46.5,74.7,3,2
16,2590,930,21.7,68.3,2,2
20,3000,0,33.5,51.9,3,4
0,568,420,22.0,74.2,0,0
12,1850,778,46.1,65.4,3,2
0,390,515,26.4,59.1,0,0
16,2363,443,37.6,66.3,3,3
10,1649,1000,33.1,63.0,2,1
11,1706,496,30.1,70.0,2,2
16,2386,51,41.5,77.1,3,4
16,2615,684,41.9,58.5,3,2
8,1616,781,45.9,71.6,3,1
0,489,923,41.4,71.1,0,0
15,2293,404,28.2,63.7,2,3
18,2845,761,41.3,63.5,3,2
8,1339,62,50.4,61.5,3,3
17,2912,0,24.5,70.7,3,4
19,2791,1000,27.1,78.6,3,2
20,3000,337,31.4,51.1,2,4
6,1273,282,35.7,81.1,2,2
5,1128,887,48.2,61.0,2,0
16,2347,69,20.5,56.2,2,4
3,1105,67,14.2,64.4,0,2
9,1284,5,38.3,71.1,2,3
3,761,38,29.1,63.6,1,2
9,1408,141,13.0,81.2,2,3
2,606,8,35.4,61.1,1,2
4,1113,63,30.0,58.5,1,3
7,1225,960,31.7,51.9,1,0
10,1481,275,45.8,67.9,2,2
15,2301,652,21.3,65.1,2,2
20,2815,399,31.8,67.8,3,3
14,2264,42,36.1,60.6,2,4
19,2935,66,44.8,57.3,3,4
5,1192,730,28.0,54.3,1,1
3,810,302,25.7,62.3,1,2
3,549,289,25.7,57.3,1,1
19,2621,376,13.0,63.0,2,3
19,2619,906,24.2,63.0,2,2
11,1837,834,43.5,58.1,2,1
19,2678,386,34.9,58.6,3,3
10,1525,772,32.3,66.4,2,1
7,1291,387,29.9,75.6,2,2
20,2670,308,53.0,56.2,3,4
9,1628,594,32.3,78.1,2,2
15,2300,117,29.8,59.2,2,4
7,1620,39,27.7,44.4,1,3
3,700,771,27.0,53.5,1,1
20,3000,686,41.1,47.3,3,3
8,1570,875,19.6,66.1,2,1
14,2225,894,43.3,68.9,3,2
20,2971,440,32.2,60.6,3,3
19,2885,358,24.3,63.5,2,4
12,2012,97,39.5,57.8,2,3
1,335,26,40.5,62.6,2,3
15,2260,847,49.5,71.9,4,2
7,1339,329,45.2,58.8,2,2
10,1563,26,42.6,60.7,2,3
3,862,816,39.4,53.0,1,0
19,3000,430,43.3,59.9,3,3
9,1588,523,30.6,81.3,3,2
15,2164,425,24.7,54.0,2,3
17,2504,766,29.1,55.7,2,2
15,2391,874,32.0,64.7,2,2
12,2137,110,28.4,78.9,1,3
8,1540,90,25.7,59.7,1,3
4,592,484,26.5,43.0,0,1
18,2651,357,39.9,47.4,3,3
5,1151,466,30.2,51.4,1,2
17,2533,842,32.1,80.1,3,2
17,2403,15,24.5,60.3,2,4
11,1699,709,35.1,61.4,2,2
1,481,759,22.5,43.6,0,0
20,3000,158,33.3,61.8,3,4
15,2386,582,43.5,74.2,3,3
17,2607,898,30.5,66.6,3,2
9,1266,9,15.2,61.4,1,3
6,1447,465,25.8,62.3,2,2
19,2647,127,32.9,65.1,3,4
1,724,433,20.5,62.4,1,1
13,2387,506,39.8,65.8,3,2
8,1047,465,25.4,63.9,1,2
7,1311,73,28.0,69.1,2,3
12,1986,511,37.4,63.3,2,2
14,2316,824,34.6,53.5,2,2
11,1774,331,33.9,69.7,3,2
0,374,34,28.0,83.0,0,0
12,2057,865,29.3,69.2,2,1
13,1959,0,40.8,49.6,2,4
9,1420,65,41.8,49.2,2,3
6,1123,79,43.0,61.2,2,3
9,1510,163,29.7,67.7,2,3
4,662,495,32.8,78.5,2,1
13,2349,397,43.5,45.4,2,3
14,1933,846,36.9,67.2,2,1
16,2529,127,31.0,64.8,3,4
18,2528,105,23.3,66.6,2,4
13,1924,432,33.8,62.5,2,3
20,2867,125,21.8,73.1,2,4
12,1899,50,44.1,53.0,2,3
12,2139,299,21.7,70.0,3,3
2,689,315,19.0,79.5,1,1
6,1105,386,34.3,65.9,2,2
5,1522,927,34.5,74.0,2,1
4,623,52,35.0,43.0,1,2
0,275,836,28.9,70.0,0,0
16,2410,408,26.2,54.4,2,3
16,2525,84,37.9,61.4,3,4
9,1468,366,24.3,62.7,1,2
14,2085,571,31.8,58.2,2,2
15,2112,0,37.7,68.3,3,4
9,1342,783,44.4,75.9,3,1
20,2917,346,38.0,52.3,3,3
5,1205,427,18.2,48.3,0,2
3,841,369,47.0,58.4,2,1
1,396,47,28.6,73.3,1,2
3,1095,33,30.6,73.8,2,3
15,2400,87,21.8,71.6,2,4
2,583,303,40.5,65.2,2,1
1,555,853,37.7,65.6,2,0
11,2127,515,24.3,55.6,2,2
1,550,538,47.0,51.3,2,1
5,938,4,28.4,64.9,1,2
20,3000,74,37.3,62.1,3,4
1,572,61,34.6,57.9,1,2
20,3000,779,34.8,63.8,3,2
19,2935,127,28.4,72.1,3,4
8,1440,833,32.3,56.4,2,1
16,2527,828,25.6,56.7,2,2
6,900,288,26.4,62.1,1,2
19,3000,87,26.4,63.4,2,4
1,670,71,38.6,67.1,2,2
18,2927,408,26.5,70.4,3,3
5,1177,422,37.4,64.6,2,2
15,2376,351,42.2,67.8,3,3
9,1668,489,24.2,71.9,2,2
13,2016,90,24.8,61.1,2,3
8,1647,480,30.5,57.8,2,2
17,2607,5,22.6,56.9,2,4
2,1024,902,38.5,62.1,2,0
12,1956,936,37.6,70.6,2,1
14,2119,418,31.7,63.4,2,2
3,591,101,38.5,75.6,2,2
0,579,330,40.6,49.4,0,0
19,2618,434,53.0,52.6,3,3
10,1554,803,29.0,67.2,2,1
8,1380,9,41.3,51.4,3,3
6,1154,47,26.0,76.4,2,3
0,525,76,41.5,52.4,0,0
18,2859,131,28.9,56.8,2,4
15,2407,77,37.2,64.1,3,4
2,544,788,19.9,68.7,1,0
10,1686,61,27.3,64.1,1,3
0,211,840,24.0,65.9,0,0
9,1699,482,44.1,66.0,3,2
12,1987,517,40.9,83.0,3,2
12,1880,524,25.0,83.0,2,2
3,862,61,46.1,71.5,2,2
13,1945,336,50.6,74.4,4,3
19,2805,345,31.2,53.2,2,3
3,689,232,32.6,78.7,2,2
19,3000,430,36.3,54.2,3,3
4,1057,750,38.3,63.9,2,1
12,2101,682,13.0,73.5,2,2
17,2580,41,41.7,62.8,3,4
20,3000,43,24.7,68.9,3,4
5,1084,672,19.3,65.2,1,1
20,3000,581,38.7,66.4,3,3
19,3000,172,35.3,83.0,4,4
20,2939,351,26.0,70.3,3,4
1,360,148,23.9,58.2,1,2
5,1156,69,35.8,62.4,1,3
19,2930,62,36.7,57.1,3,4
8,1305,784,37.3,66.6,2,1
7,1264,659,28.1,76.7,2,1
9,1788,508,23.0,63.9,2,2
1,324,372,20.9,63.2,1,1
2,792,404,44.1,62.6,2,1
16,2370,812,35.3,64.5,3,2
18,2877,99,25.7,83.0,3,4
0,200,112,37.2,62.4,0,0
3,750,500,34.1,54.5,1,1
11,1717,57,42.1,64.0,3,3
4,896,654,34.8,51.3,1,1
19,2722,849,37.0,47.9,2,2
5,940,383,46.2,65.3,2,2
5,868,46,42.7,60.9,2,2
2,524,718,16.0,79.0,1,0
19,2907,137,32.8,83.0,3,4
16,2727,27,19.2,72.8,3,4
19,3000,870,37.3,82.9,3,2
4,853,64,36.3,64.0,1,2
19,2535,129,27.2,49.6,2,4
11,1965,924,23.4,53.4,1,1
13,1980,457,22.6,63.8,2,2
11,1504,915,35.6,60.2,2,1
17,2450,748,45.7,60.3,3,2
5,1318,105,34.3,79.9,3,3
0,422,932,39.1,60.5,0,0
18,2705,62,33.3,69.2,3,4
17,2525,34,49.4,76.4,4,4
12,2289,886,32.0,67.5,2,1
17,2520,357,13.0,60.8,1,3
6,1007,806,35.4,73.1,2,1
5,1125,518,31.5,51.8,1,1
2,632,915,28.6,64.8,1,0
17,2612,865,45.5,59.2,3,2
1,510,131,17.7,65.5,1,2
7,1221,74,46.6,69.6,3,3
13,2095,609,40.3,68.0,3,2
9,1371,456,28.3,70.1,2,2
6,1126,757,39.2,48.5,2,1
8,1365,503,14.9,55.0,1,2
16,2499,304,31.4,54.2,2,3
16,2477,953,36.6,45.6,2,1
10,1438,855,30.5,64.5,2,1
12,1853,793,32.1,68.0,2,2
15,2248,932,39.4,51.5,2,1
20,3000,473,25.9,67.0,2,3
6,1078,782,22.8,75.1,2,1
13,2147,50,29.6,45.8,2,3
15,2481,844,49.7,52.6,3,2
2,405,826,36.8,43.0,1,0
16,2658,436,29.5,74.3,2,3
13,2402,80,29.1,71.5,3,4
15,2495,677,30.2,68.9,3,2
16,2229,572,47.0,54.2,3,2
8,1455,235,46.1,49.2,2,2
20,3000,765,46.8,70.6,4,2
16,2440,484,31.7,71.8,3,3
3,728,492,46.6,59.1,2,1
2,512,69,18.9,60.6,1,2
6,1083,489,41.7,62.3,2,1
13,2059,592,31.5,83.0,3,2
15,2084,248,53.0,49.6,3,3
14,2285,79,24.2,47.9,2,4
8,1690,951,29.4,52.8,1,1
17,2716,497,45.7,80.5,4,3
4,1100,484,34.9,43.0,1,1
3,503,474,46.2,78.7,3,1
11,1891,77,14.8,65.6,1,3
12,2166,890,34.3,72.7,2,1
5,972,506,33.0,52.0,1,1
15,2408,562,45.4,75.7,4,2
10,1718,508,16.6,68.7,2,2
16,2722,583,40.9,45.1,3,3
2,824,734,13.0,66.7,1,1
15,2165,517,36.2,57.2,3,3
1,385,464,22.2,52.0,0,1
9,1417,453,19.5,61.7,1,2
3,961,461,29.1,60.0,1,1
4,868,0,17.5,51.8,1,3
14,2233,96,33.8,82.2,3,4
18,2746,511,36.1,43.0,2,3
20,2939,394,27.7,54.9,2,3
7,1151,110,14.7,59.0,0,3
20,3000,427,40.5,63.6,3,4
1,408,15,32.1,56.7,1,2
12,1737,511,35.5,55.7,2,2
7,1497,817,31.3,57.4,2,1
12,1898,82,20.8,61.3,2,3
5,1237,553,37.5,57.2,2,1
4,898,991,41.6,66.4,2,0
7,1594,85,35.0,56.7,2,3
16,2345,507,40.1,62.4,2,3
13,1908,286,42.7,44.7,2,3
11,1579,1000,45.9,62.8,3,1
16,2649,432,47.2,57.1,3,3
0,263,29,28.0,78.6,0,0
2,825,110,39.9,64.6,2,2
9,1318,279,35.4,73.8,2,2
3,728,904,29.2,59.1,1,0
17,2919,888,31.7,64.8,3,2
4,985,464,34.5,57.8,1,1
17,2398,913,28.9,53.4,2,2
7,1284,934,48.1,50.4,2,1
20,2877,726,39.2,83.0,4,3
13,2259,455,38.2,56.7,2,2
17,2945,331,19.8,56.6,2,3
8,1654,953,32.8,66.1,2,1
8,1353,402,24.9,75.9,2,2
8,1522,0,45.6,65.9,3,3
19,2768,1000,36.4,81.6,4,2
16,2459,506,38.5,77.5,3,3
17,2577,361,25.8,64.3,2,3
2,623,1000,29.9,64.6,2,0
14,2175,854,31.7,63.4,2,2
10,1773,105,22.3,72.5,2,3
8,1413,751,36.5,43.1,1,1
1,200,828,25.8,83.0,1,0
7,983,23,49.9,70.1,3,3
19,2878,921,42.9,52.1,3,2
10,1749,544,19.7,45.6,1,2
15,2565,800,28.6,70.6,3,2
9,1670,930,13.0,59.6,1,1
18,2672,58,36.3,83.0,4,4
16,2244,59,34.2,56.6,2,4
19,2773,83,43.9,61.1,3,4
14,2299,112,31.8,79.7,3,4
15,2653,59,39.2,43.0,2,4
16,2709,620,32.7,62.5,3,3
6,1261,72,33.6,58.9,2,3
7,1248,135,33.6,56.1,2,2
10,1539,18,39.3,59.7,2,3
15,2113,637,46.3,57.9,3,2
1,675,865,28.3,48.5,1,0
4,820,107,24.6,78.6,2,2
7,1499,469,24.8,67.6,2,2
8,1230,636,43.0,64.2,2,1
3,482,761,42.2,46.1,1,0
6,1189,911,13.0,70.8,1,0
13,1949,874,35.6,54.1,2,1
0,270,116,18.2,58.7,0,0
18,2609,709,32.3,63.9,2,3
9,1694,829,29.6,76.0,2,1
15,2148,317,17.0,60.2,2,3
15,2172,877,34.7,56.5,2,2
20,3000,726,19.5,77.7,3,3
5,904,944,21.3,66.0,1,0
1,560,227,35.9,60.3,1,1
8,1151,809,25.5,80.6,2,1
3,853,955,33.0,60.5,1,0
0,425,455,43.7,69.1,0,0
10,1454,54,34.9,57.0,2,3
6,1208,664,34.2,49.0,1,1
8,1380,450,32.4,76.2,3,2
10,1474,0,48.8,57.8,3,3
20,2762,375,43.5,48.7,3,4
20,3000,392,46.4,66.9,3,4
7,1363,480,43.1,80.9,3,2
3,670,654,28.9,52.2,1,1
5,1381,832,27.5,53.1,1,1
4,979,810,51.9,69.4,3,1
14,2156,53,33.0,76.1,3,4
6,1161,493,36.1,71.0,2,1
7,1059,334,31.8,55.6,2,1
6,1222,679,13.0,50.3,0,1
14,2219,720,42.1,62.3,3,2
4,919,108,41.0,43.0,1,2
13,2032,74,42.0,43.0,2,3
3,960,125,33.1,65.7,2,2
18,2790,49,21.2,50.9,2,4
0,200,980,24.5,60.8,0,0
0,452,448,24.7,57.1,1,0
11,1977,466,39.5,50.7,2,2
12,1991,301,38.8,70.5,3,3
7,1524,169,48.7,59.0,3,2
14,2005,552,32.5,50.3,2,2
10,1646,827,21.9,56.7,1,1
12,1982,284,25.6,68.3,2,3
0,295,428,45.0,69.9,0,0
14,2051,118,24.1,65.1,2,3
1,575,464,30.2,73.6,1,1
17,2326,1000,28.5,60.5,2,1
4,794,95,41.7,45.7,1,2
6,1280,711,25.7,56.6,1,1
13,2021,600,40.5,57.5,2,2
1,341,450,47.1,67.3,2,1
3,1025,485,33.1,59.8,1,1
20,3000,64,16.3,67.7,2,4
19,2848,99,27.0,47.1,2,4
6,1126,105,17.0,65.4,1,3
10,1451,51,17.1,51.7,1,3
10,1530,528,34.7,60.8,2,2
3,867,857,32.2,57.7,2,0
8,1762,586,15.0,74.4,1,2
13,2037,739,28.4,68.4,2,2
13,2162,48,20.7,83.0,2,4
6,1197,85,45.5,46.7,2,2
16,2648,372,29.2,67.0,2,3
19,2915,826,18.0,59.3,2,2
12,1819,890,41.0,78.4,3,1
16,2305,793,31.2,59.0,2,2
3,1069,755,26.7,62.5,1,1
2,516,831,42.2,52.7,2,0
16,2469,434,24.5,44.4,1,3
1,484,811,35.7,59.2,1,0
4,942,950,26.9,44.2,0,0
20,2876,654,28.5,71.2,3,3
12,1986,120,27.1,71.0,2,3
8,1432,944,15.6,57.5,1,1
5,958,52,35.7,62.1,1,2
20,2934,482,32.2,56.9,3,3
15,2433,318,28.2,62.4,2,3
1,654,260,34.0,55.4,1,2
12,1775,55,32.3,56.4,2,3
7,1458,636,13.0,72.9,1,1
1,382,362,44.1,47.8,1,1
16,2292,785,44.1,60.7,3,2
5,1079,44,26.8,83.0,2,3
5,830,454,53.0,61.2,2,2
19,2808,389,19.9,66.2,2,3
13,2087,567,25.3,60.3,2,2
6,1164,643,30.7,58.8,1,1
16,2517,916,38.7,50.7,3,2
14,1892,807,25.2,74.1,2,2
9,1378,322,37.9,64.5,2,2
17,2378,74,41.7,68.8,3,4
16,2686,771,21.0,63.4,2,2
10,1469,448,26.5,57.4,1,2
8,1536,857,41.3,48.3,2,1
3,478,901,28.0,61.2,1,0
0,476,733,41.1,81.8,0,0
11,1976,538,42.6,71.9,3,2
4,889,447,38.8,43.0,1,2
7,1256,507,27.0,72.1,2,1
15,2310,341,29.2,58.6,2,3
9,1637,347,24.6,73.5,2,2
3,884,1000,53.0,63.2,3,0
14,2285,136,19.3,55.7,1,3
4,904,742,33.9,62.7,2,1
16,2643,846,18.7,70.3,2,2
15,2392,454,30.4,69.5,3,3
11,1640,106,26.4,51.5,1,3
9,1658,861,36.2,69.6,2,1
11,2017,341,29.1,73.3,2,3
17,2661,739,28.8,56.8,2,2
11,1728,593,30.1,57.8,2,2
10,1696,379,34.4,71.3,2,2
5,956,393,37.4,68.5,2,2
0,331,443,29.9,58.6,0,0
17,2485,63,41.5,74.1,3,4
20,3000,831,24.7,66.6,2,3
14,2456,839,44.8,68.1,3,2
1,380,76,34.2,66.6,1,2
20,2835,352,33.9,71.5,3,4
15,2122,134,42.1,60.6,3,3
1,317,813,29.7,55.2,1,0
9,1475,814,19.1,72.0,2,1
5,999,0,41.5,46.8,2,3
3,935,905,36.9,59.0,2,0
18,2555,721,32.2,53.8,2,2
4,989,989,30.4,66.6,1,0
20,2850,742,14.1,69.8,2,3
8,1475,221,35.6,67.5,2,2
19,2661,771,40.0,54.5,3,2
13,2080,677,37.2,48.6,2,2
15,2107,639,44.0,69.7,3,2
16,2478,82,36.3,66.4,3,4
17,2828,529,40.9,65.4,3,3
15,2360,595,35.4,66.9,3,2
11,1932,99,48.8,54.0,3,3
9,1808,374,29.1,66.2,2,2
17,2839,824,30.6,61.4,3,2
17,2508,782,50.5,64.0,3,2
12,1821,926,37.6,47.4,2,1
20,3000,1000,42.5,80.5,4,2
13,1829,211,35.4,53.9,2,3
20,3000,804,30.6,53.6,2,2
9,1713,545,32.7,81.7,3,2
18,2549,860,34.2,65.8,3,2
19,2993,339,35.2,65.3,3,4
2,568,115,37.3,52.6,1,2
0,200,373,47.6,61.9,0,0
8,1633,61,19.8,65.3,1,3
12,1679,501,31.7,59.6,2,2
11,1932,54,46.9,46.8,2,3
5,984,1000,42.4,83.0,3,0
1,773,382,47.4,60.3,2,2
10,1647,497,34.4,65.1,2,2
7,1497,39,35.5,61.0,2,3
4,859,1000,37.5,71.0,2,0
18,2869,13,32.4,48.9,2,4
18,3000,503,13.7,58.0,1,3
7,1502,420,28.3,59.8,1,2
2,449,73,32.2,67.0,1,2
11,1860,790,27.9,65.8,2,1
20,2907,839,41.3,61.8,3,2
9,1734,491,27.6,65.6,2,2
1,546,448,38.6,43.0,1,1
16,2579,865,38.1,57.9,2,2
12,2088,103,19.5,72.9,2,3
4,1113,136,28.4,45.6,1,2
0,387,787,36.4,65.2,0,0
12,2075,317,36.7,73.0,3,3
5,882,705,36.8,66.5,2,1
4,677,102,46.4,59.6,2,2
15,2363,306,15.7,53.0,1,3
18,2886,125,25.5,53.9,2,4
2,889,940,27.8,59.8,1,0
12,1986,320,47.9,58.9,3,3
13,2345,729,13.0,57.0,1,2
3,1072,909,34.9,60.6,2,0
8,1748,892,48.7,60.3,3,1
16,2579,410,40.4,67.4,3,3
11,1932,882,26.0,62.9,2,1
12,1878,778,23.1,63.1,2,1
16,2484,502,31.9,70.7,3,3
5,1148,519,35.5,74.1,2,1
9,1402,281,51.9,65.8,3,2
12,1950,72,43.2,62.5,3,3
20,2839,120,34.7,66.2,3,4
10,1663,692,53.0,62.8,3,2
17,2452,341,34.4,56.7,3,3
19,2723,283,28.3,55.3,2,4
18,2602,493,48.3,43.0,3,3
11,1683,278,42.8,58.2,2,3
0,409,515,34.2,52.4,0,0
15,2107,479,28.4,59.1,2,3
9,1746,10,43.5,65.2,3,3
7,1460,554,36.5,60.0,2,2
10,1217,201,26.2,53.0,1,3
6,1260,348,53.0,43.0,2,2
1,590,420,27.2,71.0,1,1
16,2394,288,33.2,64.3,2,2
2,703,470,17.2,67.7,1,1
7,1141,71,41.1,58.4,2,3
1,544,324,43.7,59.2,2,1
12,2135,445,29.5,66.0,2,3
7,1280,382,18.5,67.0,1,2
1,473,941,50.7,57.0,2,0
13,2217,80,47.7,63.1,3,3
6,949,766,34.6,52.2,1,1
3,744,281,28.9,52.2,1,2
4,951,571,46.4,62.3,2,1
3,964,32,36.9,72.7,2,2
6,1274,930,29.5,56.9,1,0
18,2703,514,47.0,53.2,3,3
0,660,133,24.3,53.9,0,0
1,644,759,21.1,64.0,1,0
20,3000,754,17.8,62.0,2,3
17,2814,805,27.9,54.3,2,2
7,1341,56,49.3,65.3,3,3
3,842,447,14.7,59.2,0,1
19,3000,629,21.1,51.0,2,3
0,200,968,31.1,78.9,0,0
8,1486,392,35.2,43.0,1,2
3,780,34,48.6,65.6,2,2
8,1427,393,18.9,43.0,0,2
9,1683,485,39.9,76.9,3,2
0,769,140,27.6,58.5,0,0
17,2856,462,13.0,82.4,2,3
10,1490,515,34.8,59.9,2,2
9,1512,109,48.2,68.3,3,3
7,1179,376,32.4,59.9,1,2
0,308,63,53.0,70.6,0,0
3,618,812,32.6,63.3,1,0
19,2751,328,52.4,70.1,4,3
3,781,920,36.0,80.2,2,0
19,2957,90,49.2,50.4,3,4
14,2233,1000,24.1,61.8,2,1
7,1269,87,44.4,73.7,3,3
9,1482,69,33.0,57.4,1,3
0,407,123,27.7,66.9,0,0
8,1633,387,20.6,69.3,1,2
12,2198,74,45.7,72.8,3,3
4,1088,35,49.6,56.2,2,3
13,2339,798,17.9,83.0,2,2
10,1633,339,44.4,59.5,2,2
3,919,193,24.5,58.6,1,2
1,574,229,36.9,58.1,1,2
20,3000,807,20.2,47.0,2,2
7,1230,75,34.0,54.8,1,3
18,2407,377,39.7,55.3,3,3
1,608,756,45.8,49.2,2,0
9,1359,600,30.5,57.6,2,2
14,2178,78,46.4,66.9,3,4
16,2599,762,37.3,68.1,3,2
20,3000,326,26.9,53.9,2,4
1,699,59,34.2,57.9,1,2
11,1720,73,18.7,43.0,1,3
3,908,695,48.2,65.7,2,1
5,880,302,42.5,51.9,2,2
13,2092,901,30.8,60.6,2,1
10,1651,931,28.1,60.7,2,1
5,838,450,35.9,76.0,2,2
11,1710,769,25.2,80.3,2,1
15,2346,852,29.9,51.5,2,2
13,2106,534,37.8,60.1,2,2
7,1327,102,50.9,66.7,3,3
8,1357,489,53.0,71.2,3,2
12,1978,237,30.4,43.0,2,3
18,2834,118,31.5,54.0,2,4
2,650,589,28.6,49.8,1,1
8,1533,730,36.3,52.9,2,1
2,807,131,43.6,64.3,2,2
6,1301,948,34.2,75.2,2,1
9,1628,773,31.3,79.0,2,1
6,1179,773,42.3,60.1,2,1
5,1117,195,29.3,55.1,1,2
4,907,60,31.2,70.0,2,2
4,778,263,24.3,73.9,2,2
9,1629,386,43.7,69.3,3,2
14,2145,854,37.0,63.0,3,2
1,487,409,25.5,61.2,1,1
14,2372,795,33.0,60.4,3,2
1,550,543,33.6,57.1,1,1
11,1921,88,14.3,83.0,2,3
2,512,69,53.0,74.9,3,2
2,453,928,53.0,51.9,2,0
7,1353,736,19.3,80.7,2,1
19,2936,131,21.4,63.0,2,4
10,1388,84,35.8,59.4,2,3
20,3000,339,30.5,52.1,2,4
11,2075,404,21.8,83.0,2,2
11,1761,794,13.0,68.9,1,1
13,2014,842,22.9,63.8,2,1
14,1910,48,26.8,60.9,2,4
5,1233,862,33.7,66.2,2,1
12,1932,776,16.4,43.5,0,2
1,543,325,30.4,43.0,0,2
9,1490,386,49.1,78.6,3,2
18,2904,135,41.3,54.3,3,4
19,2809,75,36.0,71.6,3,4
14,2374,97,20.5,53.4,2,3
1,567,540,22.1,53.1,0,1
12,1920,910,36.3,44.8,2,1
10,1413,432,38.5,72.2,3,2
18,2922,944,24.9,48.5,3,2
17,2533,825,16.7,58.7,2,2
9,1741,103,36.4,51.0,2,3
10,1751,725,53.0,55.0,2,2
14,2129,81,39.3,70.2,3,3
6,1190,197,40.6,57.1,2,2
5,1321,477,16.6,65.1,1,2
17,2726,137,27.2,47.8,2,4
14,2130,259,18.8,63.7,2,3
2,681,70,28.1,63.1,1,2
9,1615,13,29.4,63.2,2,3
5,1179,781,34.6,69.0,2,1
18,2811,35,16.6,44.6,1,4
2,715,827,40.8,76.3,2,0
18,2814,54,44.5,62.1,3,4
14,2432,700,36.6,62.7,3,2
11,1712,657,24.5,83.0,2,2
9,1801,102,44.4,60.1,3,3
1,712,520,31.0,70.3,1,1
6,1000,468,32.1,81.4,2,2
3,703,956,36.7,46.3,1,0
16,2618,890,25.1,55.0,2,2
5,1176,192,30.6,55.6,1,2
20,3000,52,44.1,43.0,3,4
18,2965,840,46.2,79.5,4,2
13,2267,366,18.0,52.8,1,3
14,2142,45,32.5,76.1,3,4
2,657,585,34.5,58.7,2,1
14,1917,395,36.0,68.2,3,3
17,2512,103,27.7,60.4,2,4
1,384,461,38.9,49.3,1,1
9,1515,927,24.0,52.9,1,1
5,678,267,39.8,72.7,2,2
17,2712,911,28.9,68.4,4,2
12,2049,89,41.6,48.6,2,3
14,2488,753,32.7,75.4,3,2
13,1966,903,14.9,76.8,2,1
2,856,326,24.5,74.6,1,2
0,384,556,39.1,55.1,0,0
1,739,84,17.3,64.9,1,2
10,1625,91,32.6,58.3,2,3
11,1675,443,21.3,82.0,2,2
1,200,545,44.1,76.7,2,1
3,870,762,32.8,70.6,2,1
20,2747,939,26.0,58.0,2,2
12,1914,351,23.6,59.9,2,3
4,974,627,27.9,67.2,2,1
15,2491,620,16.3,67.9,2,2
11,1945,367,48.1,64.9,3,3
10,1565,807,39.7,80.8,3,1
6,1511,179,48.9,54.6,2,3
15,2275,460,24.6,58.7,2,4
11,1731,155,26.2,52.0,1,3
11,1747,496,45.0,75.8,3,2
8,1208,559,34.6,68.0,2,1
12,1913,354,27.8,64.7,2,3
9,1578,46,19.1,67.1,2,3
18,2728,424,13.0,66.1,2,3
16,2253,418,46.2,62.6,3,3
10,1716,17,38.0,66.8,2,3
13,1834,594,13.5,74.7,2,2
14,2273,119,37.5,55.7,2,3
12,2060,129,19.4,75.2,3,3
7,1423,662,39.4,79.4,3,1
1,600,84,32.1,57.7,1,2
4,938,298,34.0,54.2,1,2
9,1429,20,43.1,66.0,3,3
17,2333,43,21.4,62.7,2,4
13,2119,419,23.5,74.1,2,3
2,877,38,44.2,67.9,2,2
7,1349,36,38.1,58.0,2,3
15,2519,882,47.3,54.1,3,2
13,1802,102,47.5,60.5,3,3
1,323,325,16.8,63.4,0,1
15,2181,853,19.9,75.1,2,2
19,2800,178,39.6,74.6,3,4
6,1241,170,43.0,78.8,3,2
2,665,1000,27.6,54.0,1,0
7,1468,36,23.6,52.1,1,3
5,894,893,33.6,62.5,2,1
8,1435,509,25.8,57.2,1,2
20,2848,492,27.8,69.9,3,3
8,1489,818,39.3,50.1,2,1
15,2395,280,50.4,72.0,4,3
18,2693,418,41.0,75.3,3,3
5,957,423,25.4,59.8,1,2
16,2555,72,13.8,55.2,1,4
14,2379,681,41.2,53.4,3,2
19,2732,691,29.8,83.0,3,3
19,2827,72,13.0,69.5,2,4
18,3000,111,39.6,69.9,3,4
5,776,378,29.7,58.7,1,2
0,473,88,25.3,52.7,0,0
3,778,493,46.1,72.8,2,1
20,3000,438,37.4,53.6,3,3
19,2865,104,26.7,71.9,3,4
8,1464,371,13.0,55.7,1,2
19,2631,467,31.0,66.6,3,3
16,2408,107,16.2,55.8,1,4
15,2334,216,25.0,58.5,2,3
9,1613,48,21.9,62.6,1,3
19,2698,41,30.1,68.6,3,4
14,2172,512,26.6,64.6,2,3
14,1968,882,35.6,83.0,3,2
9,1440,605,35.3,46.5,1,2
9,1707,896,30.4,75.9,2,1
4,1065,472,26.1,70.2,2,1
6,677,809,47.8,62.6,2,1
12,1861,39,17.8,59.4,1,3
2,568,172,25.1,69.2,1,2
12,2027,544,34.3,54.7,2,2
2,955,300,22.0,65.7,1,2
14,2331,44,41.8,56.2,3,4
6,1108,28,22.3,56.2,1,3
0,333,885,53.0,68.2,0,0
12,2269,863,26.0,57.5,2,1
1,448,796,37.9,49.2,1,0
10,1584,118,25.0,56.7,1,3
20,2788,530,45.7,73.6,4,3
5,1184,746,45.7,76.0,3,1
3,632,403,18.2,62.3,0,1
7,1439,79,34.0,67.7,2,3
11,1803,847,32.8,69.7,2,1
10,1811,407,27.8,75.1,2,2
4,1354,765,28.3,46.4,1,1
20,3000,1000,33.9,46.5,2,2
19,2950,372,34.1,75.2,3,3
3,988,101,13.0,52.0,0,2
18,2858,638,17.3,63.9,2,3
19,3000,378,38.0,60.4,3,3
5,1012,426,31.6,62.0,1,1
7,1279,854,36.2,65.9,2,1
17,2690,416,23.3,49.2,2,3
2,488,63,40.9,57.6,2,2
17,2760,112,14.2,61.0,2,4
17,2720,165,41.5,55.4,3,4
2,654,370,38.4,63.7,2,1
1,481,70,19.5,80.0,1,2
10,1697,779,47.0,49.0,2,1
7,885,846,35.6,62.1,2,1
18,2753,60,13.0,82.4,2,4
14,2238,936,28.8,66.0,2,2
6,1486,979,35.7,53.0,2,1
7,1319,760,50.0,49.7,2,1
15,2434,380,29.8,66.7,2,3
16,2302,547,30.3,66.4,3,3
11,2002,26,44.9,43.8,2,3
11,1807,712,18.4,56.0,0,2
7,1311,386,35.7,75.1,2,2
9,1501,647,46.4,73.7,3,2
0,293,998,36.3,68.8,0,0
12,2017,1000,13.0,58.1,1,1
19,2957,776,32.8,66.3,3,3
4,886,273,14.8,64.1,1,2
20,2745,524,23.1,72.7,3,3
12,1769,697,35.7,57.3,2,2
19,2931,845,18.9,57.2,2,2
19,2816,506,39.9,55.8,3,3
5,1332,872,31.6,62.9,2,0
19,2838,522,25.6,60.5,2,3
15,2796,414,45.3,49.3,3,3
20,2910,371,41.2,66.5,3,3
10,1733,758,47.8,64.3,3,1
19,2765,907,43.3,65.3,3,2
10,1702,732,38.5,63.8,2,1
13,1795,412,29.0,58.7,2,2
11,1845,641,27.5,73.1,2,2
0,542,769,23.8,56.9,0,0
9,1460,536,30.5,63.0,2,2
3,1030,878,27.6,67.5,1,0
11,1847,279,32.5,76.1,2,3
6,1432,372,25.1,43.0,1,2
11,1609,449,43.2,55.4,2,2
15,2368,758,34.2,83.0,3,2
5,1045,689,34.3,53.0,1,1
12,1750,773,51.2,65.6,3,1
15,2309,65,46.5,56.4,3,4
20,2983,549,28.0,63.5,3,3
18,2982,645,22.7,56.1,2,3
11,1936,58,49.8,47.6,2,3
20,2942,451,37.9,75.5,4,3
20,2927,87,28.9,65.5,3,4
3,564,874,52.5,58.5,2,0
18,2781,439,40.3,57.1,3,3
13,2039,736,29.9,50.4,2,2
18,2971,801,28.6,52.1,2,2
1,754,790,30.4,83.0,2,0
4,1021,786,13.0,64.8,1,1
4,970,355,34.7,64.7,2,2
14,2308,310,25.8,67.1,2,3
16,2488,288,36.5,59.2,3,3
8,1379,994,35.4,67.3,2,1
16,2257,551,38.3,66.9,3,3
12,2259,882,37.4,57.7,2,1
2,368,81,25.3,69.6,1,2
0,536,682,35.9,60.2,0,0
18,2773,131,32.8,51.4,2,4
3,803,651,19.4,59.2,1,1
2,451,479,30.1,54.0,1,1
8,1494,90,22.1,54.5,1,3
19,2577,227,31.0,50.3,2,4
7,1348,103,28.3,62.2,2,3
5,1130,589,16.0,72.1,1,1
20,3000,76,16.3,80.9,2,4
9,1551,69,42.5,55.3,2,3
2,605,1000,30.3,71.5,2,0
3,712,104,30.8,58.9,1,2
16,2335,755,31.7,65.8,3,2
3,640,901,23.4,69.9,1,0
11,1970,133,43.1,71.9,3,3
5,1058,369,42.4,70.6,2,2
6,1108,301,32.4,50.7,1,2
16,2400,793,29.7,74.7,3,2
3,756,816,25.0,57.6,1,0
15,1979,555,53.0,63.9,4,2
1,497,14,51.9,61.2,2,2
7,1281,712,16.9,44.1,0,1
1,540,1000,45.3,49.4,1,0
20,3000,923,28.8,50.4,2,2
7,1316,519,22.2,61.1,1,1
10,1559,862,26.5,64.1,2,1
7,1471,133,20.5,64.9,1,3
8,1525,898,39.0,80.1,3,1
7,1175,63,22.4,76.3,2,3
9,1723,41,31.7,56.0,2,3
6,1232,899,49.2,76.3,3,1
13,2049,394,37.3,45.8,2,3
3,767,112,26.3,77.4,2,2
13,1981,61,34.0,58.2,2,3
10,1848,47,27.9,67.4,2,3
14,2155,89,32.1,47.9,2,4
15,2293,742,14.2,62.0,2,2
10,1787,943,39.7,79.7,3,1
8,1292,491,21.7,51.8,1,2
2,742,798,29.1,75.9,2,0
19,2795,409,35.4,61.1,3,3
20,3000,760,33.6,63.0,3,3
11,1864,155,29.1,63.8,2,3
19,3000,507,27.0,77.3,3,3
11,1949,941,26.4,64.4,2,1
7,1195,39,23.9,57.6,1,3
9,1562,520,29.1,66.3,2,2
17,2697,131,13.0,60.8,2,4
5,1135,107,37.2,64.3,2,2
19,2787,477,13.0,66.8,2,3
11,1824,964,51.0,51.7,3,1
14,2329,229,31.7,48.5,2,3
14,2239,829,26.1,66.4,2,2
14,2264,895,31.9,55.1,2,1
15,2396,177,35.6,78.2,3,3
4,916,795,35.8,66.2,2,1
12,2066,308,30.1,56.3,2,3
6,921,775,26.1,83.0,2,1
5,943,24,19.9,65.6,1,2
16,2706,42,36.4,66.8,3,4
16,2510,363,28.8,69.1,3,3
17,2630,551,20.8,72.0,2,3
18,2873,882,21.6,58.8,2,2
12,2155,852,40.9,60.1,3,1
7,1219,487,23.3,67.1,1,2
0,828,810,33.3,76.2,0,0
11,1835,359,45.3,54.8,2,2
0,612,65,28.5,58.0,0,0
20,2668,105,43.0,59.9,3,4
11,2087,22,29.8,48.8,2,3
19,2901,79,35.0,70.4,3,4
5,1062,70,37.1,52.9,2,2
2,945,0,39.6,57.5,2,2
6,1124,525,31.3,58.5,1,2
20,2709,396,19.6,68.5,2,3
3,791,317,48.6,68.8,3,2
5,945,410,46.5,64.3,2,2
4,1227,308,30.7,61.7,1,2
17,2548,260,39.5,58.3,3,4
7,1298,81,21.7,49.6,1,3
14,2353,453,40.6,56.5,3,3
5,951,790,31.5,70.9,2,1
19,2924,959,40.4,57.6,3,2
15,2327,432,18.0,63.3,2,3
19,2863,650,33.1,76.3,3,3
20,3000,498,32.8,70.7,3,3
18,2760,243,41.8,43.0,3,4
16,2435,284,33.9,66.3,3,3
8,1399,848,40.3,64.7,2,1
17,2121,543,37.5,76.1,3,3
20,2903,925,41.6,48.2,3,1
9,1492,474,39.5,60.5,2,2
11,2060,370,23.8,64.6,2,2
14,2020,858,40.4,64.8,3,2
16,2701,0,30.8,72.6,3,4
16,2365,47,25.0,51.1,2,4
0,354,278,35.2,50.6,0,0
20,2845,361,45.1,72.3,4,4
17,2759,494,34.5,59.8,3,3
7,1341,118,32.3,52.6,1,3
15,2378,511,34.0,76.3,3,3
4,791,862,13.6,66.3,1,0
4,769,578,24.6,75.7,2,1
20,3000,849,43.5,60.3,3,2
1,762,453,26.4,83.0,2,1
5,1004,50,35.6,55.8,2,3
6,1163,398,35.9,68.7,2,2
16,2505,933,34.4,54.2,2,2
4,859,360,27.3,68.4,1,2
2,652,489,17.3,80.4,1,1
15,2217,301,32.0,45.8,2,3
14,2217,436,31.8,67.5,3,3
17,2707,34,24.2,68.6,2,4
13,2013,226,26.8,83.0,3,3
2,906,63,34.0,62.1,2,2
17,2454,977,28.2,82.6,3,2
20,2890,90,31.5,61.3,3,4
2,542,69,40.4,61.3,2,2
1,524,433,26.0,56.1,1,1
2,572,845,45.1,56.5,2,0
6,1216,749,23.6,58.1,1,1
18,2938,292,47.1,44.4,3,4
10,1792,555,24.2,73.9,2,2
9,1567,925,31.0,49.0,1,1
15,2525,846,33.4,71.2,3,2
15,2325,991,39.9,65.1,3,1
15,2346,50,46.2,71.5,3,4
15,2509,116,40.2,60.6,3,4
14,2255,811,44.7,62.6,3,2
12,2143,344,35.3,58.6,2,3
11,1757,831,31.5,66.1,2,1
0,502,780,40.2,61.5,0,0
14,2033,341,53.0,59.6,3,3
11,1976,208,40.3,78.3,3,3
12,2061,723,25.5,76.3,2,2
12,2188,337,33.0,68.5,2,3
19,2910,818,27.1,67.0,2,2
17,2808,921,49.9,64.1,4,2
1,750,232,40.7,67.9,2,2
6,843,898,35.8,70.8,2,0
3,756,512,36.1,63.9,2,1
8,1601,369,45.9,67.5,3,2
8,1444,573,38.3,68.7,2,2
12,2228,325,36.9,53.4,2,3
11,1830,869,34.6,76.7,2,1
19,2752,870,28.9,57.6,2,2
11,1769,128,25.5,78.4,2,2
11,1843,807,36.2,72.4,2,2
17,2441,462,41.3,54.7,3,3
5,1084,68,25.8,66.0,1,2
15,2279,846,28.4,51.5,2,2
3,963,1000,13.0,49.8,0,0
1,733,43,21.9,68.1,1,2
13,1938,455,32.1,73.5,3,3
14,2191,501,47.9,70.7,3,2
6,1057,348,13.0,67.4,1,2
10,1713,1,31.7,77.3,2,3
13,2171,707,37.0,62.1,2,2
6,1274,901,42.3,82.4,3,1
0,496,367,41.0,67.0,0,0
2,917,555,19.2,69.6,1,1
3,710,61,28.3,83.0,2,2
1,724,70,26.7,71.6,1,2
4,1038,73,27.6,70.8,1,2
11,1855,848,28.9,53.8,2,1
9,1419,129,41.5,71.2,2,3
10,1848,113,35.3,67.1,2,3
7,1214,641,25.6,62.5,2,1
4,825,1000,45.2,67.8,2,0
2,682,359,29.1,55.7,1,1
16,2487,38,36.6,50.5,2,4
9,1673,767,46.5,58.2,2,1
1,443,51,19.9,50.8,0,2
7,1641,0,38.4,58.0,2,3
13,1977,690,53.0,80.1,4,2
2,533,91,51.6,83.0,3,2
5,1294,44,22.3,76.3,2,3
5,1167,40,42.2,63.2,2,2
2,679,805,13.3,67.5,1,0
20,2964,25,13.0,62.8,2,4
0,256,90,13.0,53.0,0,0
12,1963,96,25.1,69.0,2,3
16,2483,278,25.5,66.3,2,3
2,709,981,52.4,50.1,3,0
2,768,1000,41.0,65.2,2,0
2,528,81,30.9,52.4,0,2
19,2841,52,33.8,47.3,2,4
4,741,709,32.9,68.0,2,1
0,479,905,36.4,51.5,0,0
0,396,0,30.2,63.2,0,0
10,1731,788,26.0,47.9,2,1
16,2464,511,15.8,76.6,2,3
11,1795,534,26.1,60.2,2,2
17,2751,946,26.4,81.1,3,2
18,2702,327,33.3,57.2,3,3
15,2150,196,21.1,68.5,2,3
6,1129,34,27.2,43.0,1,3
0,354,868,29.5,65.8,0,0
5,1137,82,24.7,54.6,1,3
7,1732,475,37.5,64.4,2,2
1,361,89,13.0,56.1,0,2
20,3000,930,26.6,57.9,2,2
5,1188,77,32.2,56.6,2,3
0,510,427,32.4,64.4,0,0
14,2116,660,25.1,58.1,2,2
14,2395,487,46.7,69.1,3,3
2,575,499,15.4,60.5,0,1
6,1061,617,36.2,77.1,2,1
13,1906,83,26.7,69.9,2,3
11,1747,311,25.2,67.7,2,3
10,1426,698,27.8,43.0,1,1
3,519,34,37.5,45.0,1,2
10,1513,68,47.9,66.9,2,3
15,2264,540,28.7,60.9,2,2
16,2685,1000,36.2,50.2,2,2
18,2802,563,25.7,69.7,3,3
6,1229,683,34.7,60.1,2,1
15,2373,62,35.1,61.8,2,4
3,792,120,53.0,74.5,3,2
6,1154,38,17.8,62.0,1,3
2,360,513,43.4,56.6,2,1
7,1210,793,35.2,66.0,2,1
12,1821,430,31.0,70.5,2,2
14,2618,496,13.0,61.0,1,3
12,2150,83,45.4,48.9,2,3
1,460,76,34.7,61.7,1,2
12,2128,592,15.9,65.7,1,2
18,2571,358,43.0,46.0,3,3
4,1134,415,32.5,59.2,1,2
19,2919,887,26.3,67.4,3,2
11,2112,848,32.1,71.9,2,2
12,1696,15,44.2,66.2,3,3
0,490,372,45.5,61.9,0,0
19,2891,15,39.3,43.0,2,4
12,2016,285,35.6,71.9,2,3
10,1709,25,34.2,83.0,2,3
1,385,1000,45.1,60.4,2,0
4,1168,134,32.3,54.9,1,2
16,2473,180,38.3,63.1,3,3
3,649,27,47.4,61.6,2,2
19,2966,0,20.5,59.6,2,4
13,1982,315,39.0,69.9,3,3
8,1199,73,33.3,60.3,1,3
15,2494,36,43.2,65.9,3,4
16,2468,199,30.8,83.0,3,3
18,2853,0,37.1,52.7,3,4
20,3000,857,23.3,78.6,3,2
8,1163,732,37.7,59.1,2,1
16,2398,95,20.0,79.2,2,4
17,2428,853,16.1,63.5,2,2
3,784,383,40.9,57.0,2,1
1,532,311,53.0,71.7,2,1
16,2486,164,13.0,57.8,2,4
3,768,880,42.4,54.9,2,0
19,2736,743,31.3,68.5,3,2
16,2778,364,47.3,75.7,4,3
20,3000,831,19.4,51.5,2,3
16,2482,877,28.2,76.2,3,2
8,1515,555,39.4,72.4,2,2
5,946,994,22.3,75.5,1,0
10,1596,132,44.6,83.0,3,3
1,701,314,52.1,64.0,2,2
12,1862,84,30.7,64.9,2,3
12,2008,743,36.2,52.1,2,2
1,378,67,53.0,69.1,2,2
5,971,842,30.9,55.6,1,1
5,1118,71,22.3,70.5,1,2
7,1348,823,29.4,64.9,2,1
19,2902,808,31.7,72.7,3,3
17,2732,500,42.2,82.9,4,3
15,2284,313,18.5,76.0,2,3
4,989,63,43.4,62.3,2,2
2,736,671,34.5,77.0,2,1
18,2689,0,33.2,55.9,2,4
2,723,124,48.2,54.0,2,2
5,804,650,34.3,81.7,2,1
4,780,123,41.2,58.8,2,2
2,583,130,33.6,52.0,1,1
0,324,117,39.9,62.6,0,0
20,3000,565,29.1,57.7,3,3
20,3000,476,22.7,68.4,3,3
20,3000,477,42.3,62.7,3,3
14,2059,831,23.7,72.1,2,2
16,2518,879,48.0,68.5,3,2
19,2718,611,47.7,52.6,3,3
16,2403,901,31.3,73.9,3,2
16,2460,40,32.3,79.0,3,4
10,1609,824,16.5,53.9,1,1
20,3000,464,32.3,55.8,3,3
19,2787,424,39.9,72.3,3,3
4,1094,398,30.6,65.7,1,2
3,916,725,22.6,58.8,1,1
17,2466,356,38.9,54.5,2,3
13,2262,719,26.4,62.8,2,2
16,2403,767,28.9,55.7,2,2
12,1968,697,16.1,61.5,2,2
19,2980,457,39.1,56.1,3,3
7,1381,445,28.2,50.6,2,2
2,447,141,20.7,49.3,0,2
20,3000,849,31.8,58.9,3,2
9,1449,984,45.4,65.2,3,1
18,2666,17,24.1,53.4,2,4
2,598,407,53.0,53.2,2,1
5,1208,909,40.4,83.0,3,0
15,2450,1000,38.5,57.6,3,2
17,2561,117,42.4,83.0,4,4
4,844,104,22.8,74.3,1,2
2,696,439,32.3,59.0,1,1
7,1310,37,34.4,65.6,2,3
14,2240,73,29.2,69.7,2,4
9,1584,79,37.5,56.8,2,3
19,2552,17,36.3,48.8,2,4
20,2644,482,19.6,58.0,2,3
5,918,116,41.2,64.5,2,2
0,200,245,45.3,67.9,0,0
13,2241,587,29.2,53.3,2,2
16,2215,916,18.2,67.0,2,1
9,1756,950,19.9,76.4,2,1
0,464,1000,16.2,75.7,0,0
4,705,107,34.4,56.6,1,2
14,2042,134,23.1,59.8,2,3
20,3000,387,52.2,55.3,4,3
16,2407,114,13.0,56.9,1,4
0,341,136,42.4,57.5,0,0
7,1192,858,36.8,69.3,2,1
3,619,155,20.6,76.1,1,2
15,2369,705,37.0,62.4,2,2
19,2614,719,42.7,75.0,4,2
6,1459,44,23.8,64.4,1,3
13,2066,435,15.7,59.7,1,3
20,3000,873,39.8,74.2,3,2
8,1404,108,30.7,63.2,2,3
6,1438,358,34.3,62.7,2,2
18,2852,235,33.7,57.4,3,4
11,1712,515,13.0,62.6,0,2
2,731,519,29.3,73.6,1,1
13,1965,406,25.2,66.8,2,3
15,2456,76,43.1,53.2,3,4
16,2774,991,35.9,70.2,3,2
2,608,779,34.3,67.2,2,0
15,2238,699,51.7,61.6,3,2
6,1212,59,20.6,73.3,2,3
3,911,283,52.6,57.0,2,2
0,398,427,45.5,61.7,0,0
1,493,497,28.8,71.8,1,1
15,2332,381,27.9,57.7,2,3
0,445,266,13.0,83.0,0,0
10,1471,294,37.0,61.1,2,3
6,1234,890,45.6,46.8,2,0
14,2003,603,30.5,52.0,2,2
16,2735,403,20.7,71.2,2,3
0,510,57,29.1,75.6,0,0
5,939,372,38.0,64.7,2,2
5,1022,784,33.4,71.7,2,0
10,1583,653,38.2,70.6,3,1
16,2572,958,34.1,81.1,3,2
4,810,458,30.0,50.1,1,1
4,976,678,38.5,83.0,2,1
1,401,794,40.0,50.9,1,0
16,2578,932,24.4,77.2,3,2
9,1658,802,30.4,52.7,2,1
9,1573,343,44.3,52.0,2,2
17,2646,420,38.6,62.4,3,3
1,371,976,31.0,78.4,2,0
8,1360,60,37.9,80.7,3,3
8,1432,180,44.1,63.7,2,3
20,2844,353,34.6,60.9,3,4
4,1065,893,40.2,69.1,2,0
4,827,866,31.1,61.0,1,1
2,610,95,31.3,56.5,1,2
7,1152,1000,41.2,56.4,2,0
12,2021,87,34.1,63.6,2,3
14,2295,420,41.9,68.4,4,3
0,563,337,35.6,72.9,0,0
4,966,385,36.6,69.8,2,1
16,2591,114,35.5,49.5,2,4
17,2888,802,17.7,72.0,2,2
8,1435,781,31.1,59.9,2,1
8,1598,445,37.3,64.4,2,2
13,2388,328,43.9,68.0,3,3
6,1015,614,39.8,64.3,2,1
1,622,386,43.0,59.1,2,1
0,533,781,31.7,52.6,0,0
8,1342,162,40.7,61.8,2,3
3,768,33,28.9,49.0,1,2
1,673,450,39.8,54.5,1,1
18,3000,405,38.8,54.6,3,4
14,2050,94,38.8,56.5,3,3
0,413,1000,24.5,69.8,0,0
3,735,606,35.1,79.3,2,1
18,2811,83,37.2,54.7,3,4
1,657,53,29.9,77.3,1,2
0,226,860,31.5,62.8,0,0
20,2926,498,39.1,44.0,3,3
14,2216,590,44.3,55.5,3,2
7,1313,775,29.9,72.3,2,1
3,796,10,25.4,58.5,1,2
4,875,500,13.0,75.3,1,1
6,1395,57,31.0,71.5,2,3
17,2530,20,29.5,45.9,2,4
12,2068,504,49.6,58.2,3,2
14,2105,891,39.6,73.7,3,1
11,2043,938,45.1,58.3,3,1
4,852,833,53.0,68.0,3,0
19,2974,526,35.7,74.2,3,3
0,490,394,32.9,83.0,0,0
7,1492,337,25.2,70.2,2,2
20,3000,320,21.4,53.3,2,4
9,1996,989,35.4,62.9,2,1
14,2190,75,38.8,69.9,3,4
12,1810,505,32.7,75.0,3,2
0,200,446,29.0,66.1,0,0
19,2655,561,42.0,80.2,4,3
15,2413,285,32.2,69.5,2,3
14,2375,863,27.5,71.7,3,2
8,1375,97,14.9,56.7,1,3
10,1691,26,35.7,69.0,2,3
12,2021,44,19.5,56.2,1,3
19,2735,978,25.6,62.0,2,2
0,295,801,20.3,49.0,0,0
13,1833,45,13.3,74.5,2,4
11,1952,276,32.5,60.8,2,3
4,773,805,28.9,75.7,2,1
4,868,636,37.6,77.2,2,1
14,2383,336,39.7,68.0,3,3
18,2659,405,46.0,72.1,4,3
3,989,103,44.6,59.4,2,2
16,2416,252,39.8,49.7,2,3
6,1269,899,22.5,46.4,1,1
18,2774,484,36.5,53.6,3,3
8,1725,774,24.9,57.7,1,1
12,2087,504,29.1,63.2,2,2
17,2727,121,26.4,55.6,2,4
14,2288,79,41.8,74.8,3,4
19,2694,336,37.6,72.2,3,3
4,983,102,18.3,66.5,1,2
8,1327,105,19.5,71.7,1,3
18,3000,106,41.8,64.7,3,4
3,807,869,36.0,49.7,1,0
2,479,908,19.5,50.8,0,0
9,1465,758,34.7,76.3,2,1
5,1066,1000,24.4,64.2,1,0
9,1668,27,30.6,63.6,2,3
2,616,407,17.0,45.2,0,1
20,2933,792,40.0,56.4,3,3
2,552,1000,17.4,68.3,1,0
5,1304,626,39.7,56.4,2,1
13,2127,926,32.6,63.6,2,1
12,1569,643,36.7,54.5,2,2
9,1509,882,24.6,62.5,2,1
13,2057,666,53.0,77.8,4,2
17,2569,61,13.0,76.2,2,4
13,2004,373,22.1,48.2,1,3
7,1523,795,33.8,58.8,2,2
14,2113,445,32.7,59.8,2,2
3,845,300,24.4,53.9,0,2
9,1628,6,13.8,50.3,1,3
9,1527,53,34.6,62.9,2,3
10,1579,116,22.1,56.2,1,3
1,628,0,37.5,79.2,2,2
7,1407,954,48.9,59.6,3,0
3,514,482,37.4,53.9,1,1
8,1229,371,44.6,66.5,2,2
12,1899,50,27.4,71.3,2,3
17,2530,439,30.5,73.3,3,3
3,804,1000,39.0,52.7,1,0
1,329,15,37.0,55.3,1,2
1,648,120,32.5,47.7,1,2
14,2135,811,16.3,51.4,1,2
18,2809,67,21.2,52.5,2,4
13,2006,509,33.1,70.6,2,2
3,1032,846,17.5,72.0,1,0
8,1444,117,37.4,66.3,2,3
16,2564,907,25.6,64.9,2,2
3,723,99,31.6,61.3,1,2
9,1570,534,31.8,66.1,2,2
9,1051,800,25.7,83.0,2,1
5,969,767,31.2,75.0,2,1
4,777,1000,27.8,61.8,1,0
6,1404,638,26.6,70.5,2,1
13,2528,0,41.1,75.9,3,4
20,3000,567,38.0,69.2,3,3
13,2197,535,31.6,62.0,2,2
4,858,881,36.4,72.8,2,0
5,1194,116,25.9,71.6,2,2
2,460,807,32.6,72.1,2,0
16,2489,662,26.0,80.3,3,2
8,1827,705,24.1,82.6,2,1
16,2303,828,34.3,80.0,3,2
14,2051,349,13.0,52.9,1,3
3,989,187,42.0,81.4,3,2
13,2074,779,33.5,59.6,2,2
4,550,589,21.6,61.8,1,1
2,675,81,36.6,74.5,2,2
11,2102,340,18.5,58.0,1,3
3,890,536,34.6,55.2,1,1
15,2368,835,26.9,65.6,2,2
7,1440,756,34.3,52.0,2,1
18,2695,92,52.9,69.9,4,4
17,2652,735,45.9,65.3,3,2
7,1357,131,38.6,62.4,2,3
11,1936,60,21.6,64.2,2,3
13,2395,703,41.1,53.8,3,2
15,2229,775,29.7,51.7,2,2
20,2770,514,36.3,60.1,3,3
19,2902,501,30.6,43.0,2,3
18,2900,784,35.9,70.7,3,2
2,823,1000,16.7,82.1,1,0
15,2497,360,44.4,68.3,3,3
6,1106,111,19.0,75.2,2,2
11,1754,1000,25.0,43.0,1,1
7,1143,264,34.9,62.0,2,2
14,2227,116,38.9,63.2,3,4
15,2158,854,45.7,51.2,3,2
17,2652,480,29.5,70.9,3,3
10,1720,850,46.8,76.7,3,1
16,2460,962,50.9,79.4,4,2
0,200,333,28.7,43.0,0,0
3,814,567,24.9,67.0,1,1
6,1202,950,50.0,53.7,2,1
19,2766,432,24.3,54.8,2,3
10,1660,324,30.7,68.6,2,3
3,545,658,48.1,63.2,2,1
18,2665,379,25.0,54.2,2,3
19,3000,118,21.9,51.5,2,4
12,1804,765,34.7,75.9,3,2
2,366,810,28.0,67.5,1,0
13,1981,125,41.5,58.4,3,3
7,1501,35,21.6,70.8,1,3
6,823,410,29.0,73.1,2,2
0,499,56,43.2,75.6,0,0
19,2641,794,28.2,55.8,2,2
0,373,27,41.2,61.6,0,0
15,2433,996,36.2,78.3,3,1
8,1472,971,23.9,65.4,2,1
3,546,480,45.4,70.7,2,1
3,770,703,37.1,69.5,2,1
18,2679,670,34.8,44.7,2,2
17,2512,115,37.1,68.8,3,4
0,508,340,33.0,61.2,0,0
9,1220,490,30.7,62.9,1,2
6,929,386,42.9,75.1,2,2
10,1621,85,53.0,67.4,3,2
9,1675,781,24.0,68.0,2,1
15,2368,464,34.8,75.3,3,3
7,1271,169,27.2,69.6,2,3
19,2729,377,29.1,73.4,3,3
9,1375,821,20.7,68.2,2,1
19,2562,461,17.5,57.2,2,3
16,2422,422,28.6,55.4,2,3
2,651,906,22.9,58.6,1,0
10,1494,319,24.2,51.5,1,2
11,1794,107,38.0,61.8,2,3
15,2109,432,34.8,65.4,2,3
2,657,508,51.1,73.5,3,1
13,2329,56,42.7,66.5,3,4
0,200,590,26.4,52.3,0,0
17,2673,56,25.0,59.5,2,4
14,2168,475,20.1,73.4,2,3
12,1934,456,52.0,76.3,4,2
18,2670,312,13.0,62.3,2,4
12,2142,551,35.6,58.0,2,2
2,565,40,25.4,62.3,1,2
13,2124,814,32.4,75.5,3,2
6,826,467,31.0,56.9,1,2
8,1585,719,30.1,80.2,2,1
2,769,814,29.3,57.2,1,0
17,2554,523,53.0,67.9,4,3
1,376,812,32.9,67.9,1,0
10,1811,43,45.1,53.9,2,3
6,1120,471,33.1,61.6,2,2
9,1255,52,34.4,74.7,2,3
20,3000,477,53.0,73.9,4,3
4,683,97,29.3,57.9,1,2
7,1292,348,53.0,63.7,3,2
18,2595,843,37.0,65.3,3,2
11,1881,304,21.8,43.0,1,3
5,1011,792,28.2,65.3,1,1
13,2041,27,42.1,63.9,3,4
6,984,853,22.7,71.1,1,0
13,2436,529,32.0,65.8,2,2
4,677,437,34.6,69.4,2,1
9,1322,52,17.0,65.4,1,3
5,923,537,28.6,72.3,2,1
15,2195,436,25.1,56.9,2,4
2,560,348,20.9,52.0,1,1
5,581,75,19.9,71.4,1,2
17,2429,258,34.5,69.8,3,3
5,1108,883,26.1,61.5,1,0
18,2750,822,38.8,73.1,3,2
5,1112,984,45.7,45.2,2,0
4,839,17,38.6,71.1,2,2
20,3000,95,52.9,68.6,4,4
13,1957,375,24.2,58.1,2,3
20,3000,470,33.0,67.0,3,3
4,939,966,27.7,73.3,2,0
14,2106,568,47.5,56.1,3,2
4,930,873,31.8,68.2,2,0
13,2287,68,32.7,83.0,3,4
19,2789,649,31.6,69.2,3,3
0,349,49,44.1,62.3,0,0
20,3000,758,43.3,64.3,3,3
8,1331,104,42.2,83.0,3,3
14,2239,768,34.6,53.7,2,2
11,1855,493,31.3,63.1,2,2
16,2425,553,40.9,65.9,3,3
20,2815,116,20.8,58.5,2,4
4,1050,297,28.3,69.6,2,2
16,2165,842,45.6,43.0,3,2
16,1949,401,47.3,56.4,3,3
15,2579,524,26.1,56.6,2,3
16,2582,873,24.1,62.6,2,2
11,2104,464,38.7,62.1,2,2
19,2614,372,24.9,68.6,3,3
12,1876,62,36.3,50.0,2,3
19,3000,396,36.0,73.9,3,4
1,647,130,30.8,45.5,1,2
18,2636,869,26.5,49.2,2,2
2,672,407,29.1,55.6,1,1
8,1387,912,14.8,57.8,1,1
18,2541,408,21.6,48.2,2,3
8,1449,11,36.0,63.2,2,3
2,686,831,33.4,74.7,2,0
2,791,909,49.2,50.3,2,0
4,628,806,37.5,60.0,2,0
20,2841,95,37.1,47.6,2,4
2,501,530,41.6,48.7,1,1
20,2836,780,40.4,66.2,3,2
15,2265,384,30.9,62.5,2,3
2,730,494,34.3,54.7,1,1
17,2465,460,36.0,66.7,3,3
19,2845,850,44.5,58.3,4,2
9,1428,962,35.3,70.9,2,1
6,950,88,37.9,56.6,2,3
7,1394,882,24.6,65.2,1,1
13,1997,248,43.6,63.1,3,3
1,406,886,31.4,74.6,2,0
14,2360,398,31.1,65.8,2,3
18,2748,856,46.2,62.6,3,2
2,428,746,20.1,63.5,1,0
6,1251,961,44.4,64.8,2,0
4,860,100,22.3,69.8,1,2
11,1869,792,30.2,66.5,2,1
20,3000,253,36.6,62.1,3,4
19,2971,58,32.0,78.7,3,4
18,2542,103,13.0,70.5,2,4
15,2398,325,24.5,68.6,2,3
0,228,950,20.6,47.6,0,0
7,1420,85,36.1,67.5,2,3
8,1558,105,32.1,45.9,1,3
0,231,990,32.2,68.9,0,0
12,1740,365,31.8,51.0,2,2
14,2227,359,26.2,43.6,1,3
3,777,882,30.8,45.1,1,0
19,3000,66,52.8,64.6,4,4
13,1780,299,27.4,43.0,1,3
20,3000,931,38.3,46.9,3,2
3,732,9,36.3,52.1,1,2
18,2760,430,26.0,43.0,2,3
15,2172,98,28.0,43.1,2,4
0,476,403,36.7,50.7,0,0
18,2865,357,48.0,73.7,4,3
5,991,28,47.0,56.5,2,3
6,1338,657,51.5,59.5,2,1
5,1073,312,44.6,83.0,2,2
12,1924,316,28.7,57.8,2,3
11,1882,165,29.5,71.9,2,3
12,1887,1000,13.0,57.4,1,1
19,3000,1000,45.3,58.1,3,2
11,2027,92,42.2,57.5,2,3
3,901,770,26.4,59.2,1,1
4,802,873,25.8,60.2,1,0
18,2927,475,53.0,53.2,3,3
13,2060,759,44.6,60.5,3,1
19,3000,361,42.4,59.1,3,3
9,1547,719,34.2,59.7,2,1
14,2385,860,33.4,52.3,2,2
17,2415,358,24.6,59.1,2,3
2,588,718,19.5,59.9,0,0
15,2605,52,27.0,66.0,2,4
12,2285,414,30.1,65.8,2,2
7,1206,334,44.7,68.8,2,2
4,908,212,27.2,71.1,1,2
19,2715,416,41.8,61.7,3,3
14,2067,83,38.8,57.1,2,4
17,2589,157,33.0,66.4,3,4
12,1609,659,28.4,74.3,2,2
18,2648,267,39.7,65.4,3,4
13,2175,839,53.0,64.2,3,2
14,2298,91,33.1,46.8,2,4
5,1295,869,35.8,52.5,2,1
4,1145,940,43.5,58.1,2,0
4,810,293,40.4,64.9,2,2
16,2320,332,30.7,66.9,2,3
1,623,22,28.6,62.6,1,2
12,2006,127,21.8,69.7,2,3
10,1768,122,52.8,83.0,4,3
6,1237,428,37.1,60.5,2,2
2,741,362,36.6,63.5,1,1
2,625,565,25.9,58.4,1,1
3,934,464,38.6,80.0,2,1
19,2847,585,32.5,52.1,2,3
12,1942,230,34.0,66.0,2,3
16,2424,962,33.5,53.0,2,1
4,870,0,37.6,78.4,2,3
14,2173,248,31.6,49.4,2,3
15,2700,542,47.0,50.3,3,3
18,2742,376,34.4,48.7,2,3
20,2866,875,34.6,64.1,3,2
15,2445,957,43.9,54.4,3,2
6,1366,524,22.9,60.8,1,2
6,1570,404,50.6,56.5,3,2
20,3000,855,39.8,62.2,3,2
15,2468,864,40.0,61.4,3,2
5,982,56,36.8,71.9,2,3
15,2174,122,32.3,64.6,2,4
4,875,105,38.7,80.8,2,2
14,2263,83,33.8,66.5,3,3
9,1427,545,29.1,63.2,2,2
2,424,439,52.2,43.0,2,1
18,2918,514,25.7,67.8,3,3
16,2462,744,42.6,70.1,3,2
16,2456,455,53.0,61.4,4,4
20,2641,64,36.5,72.2,3,4
11,1762,765,44.0,75.1,3,2
2,691,320,29.3,68.6,1,2
10,1626,121,48.4,63.3,3,3
11,1804,975,50.5,52.0,3,1
6,1270,971,37.0,50.1,1,0
9,1557,783,44.2,61.8,2,1
14,2060,382,38.8,54.1,2,3
9,1880,503,39.9,62.1,2,2
11,1763,400,24.8,66.6,2,2
12,1757,682,17.8,62.8,2,2
7,1354,684,31.7,62.5,2,1
4,581,847,40.1,49.6,2,0
4,954,488,37.9,72.3,2,1
0,273,72,28.7,59.4,0,0
16,2170,93,28.5,57.2,2,4
10,1595,546,27.3,57.1,1,2
14,2147,849,31.0,60.4,2,2
19,2903,216,31.7,62.2,3,4
13,2199,417,46.1,63.3,3,3
20,3000,695,39.5,54.7,3,3
14,2363,52,45.4,43.0,3,4
18,2814,104,23.9,66.5,3,4
10,1816,149,13.0,64.4,1,3
15,2351,239,19.4,66.9,2,3
19,2692,594,28.1,64.5,3,3
1,244,453,42.3,43.0,1,1
8,1543,609,19.0,67.7,1,2
4,1023,755,29.6,73.2,2,1
2,796,522,25.1,61.0,1,1
16,2703,412,39.4,58.8,3,3
10,1746,336,24.5,66.6,2,2
7,1243,868,26.6,45.4,0,1
2,538,697,47.9,59.5,2,1
0,351,62,22.6,68.4,0,0
10,1525,718,22.7,65.1,2,1
5,968,65,30.9,71.8,2,3
6,1299,0,25.3,83.0,2,3
17,2571,29,45.1,67.7,3,4
18,2590,400,26.8,81.0,3,3
19,2809,806,29.1,63.0,3,2
1,299,331,42.1,66.1,2,1
0,433,475,30.1,65.3,0,0
12,1899,796,26.7,57.9,2,1
7,1648,96,31.6,69.0,2,3
15,2383,804,35.7,71.6,3,2
17,2718,84,24.9,74.7,3,4
9,1390,492,23.6,48.6,1,1
4,752,518,25.5,48.5,1,1
5,1144,918,35.5,64.0,2,0
7,1039,448,21.9,64.0,1,2
3,742,574,21.5,80.4,1,1
0,457,857,49.8,43.0,0,0
8,1610,587,33.1,79.0,2,2
17,2823,764,25.2,62.4,2,2
11,1788,308,28.1,50.2,1,3
6,904,615,32.1,74.5,2,1
12,1823,460,40.8,73.8,3,2
10,1876,55,37.9,50.8,2,3
20,3000,475,24.9,64.6,3,3
1,725,839,26.7,66.9,1,0
8,1486,899,20.5,61.3,1,1
5,1166,705,31.4,78.5,2,1
3,611,367,53.0,52.5,2,1
10,1680,796,22.8,73.3,2,1
6,1095,112,45.5,65.0,2,2
5,1194,837,49.6,49.7,2,1
2,796,103,27.4,70.6,1,2
15,2215,466,29.1,49.6,2,3
9,1788,918,29.6,57.9,2,1
14,2311,949,40.7,74.6,3,1
2,631,125,28.4,64.8,1,2
4,798,398,34.2,63.6,2,2
3,735,547,18.2,56.2,0,1
17,2725,657,33.7,68.9,3,3
3,415,527,27.8,71.3,1,1
15,2221,620,33.8,83.0,3,2
11,1941,519,35.4,73.3,3,2
9,1699,155,25.8,59.8,1,3
5,1009,324,29.9,71.4,2,2
4,1007,535,25.1,56.9,1,1
19,2474,97,24.1,57.4,2,4
19,3000,53,42.9,61.0,3,4
2,602,131,41.6,74.5,2,2
7,1348,488,53.0,65.9,3,2
3,718,615,16.7,60.5,0,1
17,2499,215,46.7,69.4,4,4
5,1063,458,39.5,71.1,2,2
18,2497,329,37.6,61.6,3,3
7,1255,93,29.1,57.6,1,3
19,3000,864,28.1,44.1,2,2
17,2555,312,29.3,80.7,3,3
16,2465,581,33.7,43.0,2,3
14,2198,75,35.6,77.8,3,4
15,2480,41,51.1,71.0,4,4
6,978,590,32.9,58.5,2,1
2,406,85,39.1,54.8,1,2
5,955,989,46.7,74.9,3,0
20,2851,804,37.0,68.9,3,2
6,1389,43,41.6,57.4,2,3
7,1271,466,43.8,51.1,2,2
6,978,108,41.6,60.4,2,2
9,1485,312,32.8,65.3,2,2
6,939,620,30.6,58.8,1,1
10,1744,486,48.5,51.5,3,2
8,1287,915,42.6,48.6,2,1
13,2387,623,24.8,61.3,2,2
0,400,436,29.3,51.1,0,0
18,2830,65,22.5,68.3,2,4
10,1604,792,47.4,59.4,3,1
0,332,83,31.1,70.6,0,0
9,1755,874,13.0,65.4,1,1
8,1314,974,45.9,48.6,2,1
7,1316,31,29.9,58.2,2,3
2,796,128,36.2,52.0,1,2
19,3000,252,48.9,77.5,4,4
5,1064,633,36.7,66.4,2,1
15,2341,63,41.6,54.5,3,4
20,2833,840,40.0,53.2,3,1
13,2055,487,24.6,64.2,2,2
8,1288,82,29.8,73.2,2,3
13,2091,568,41.1,52.5,2,2
20,2694,334,35.8,69.4,3,3
8,1281,974,33.7,66.3,2,1
16,2461,60,34.5,66.4,3,4
5,1141,462,25.7,51.6,1,2
3,727,584,30.1,58.2,1,1
18,2793,756,32.3,63.3,3,2
8,1293,481,44.0,62.6,2,2
20,3000,28,32.0,55.5,2,4
6,1192,800,27.6,60.8,1,1
10,1795,608,22.1,58.5,1,2
4,762,334,40.1,60.6,2,2
13,1770,149,23.7,60.0,1,3
19,2504,28,14.1,73.0,2,4
16,2230,633,35.0,55.5,2,2
14,2503,57,35.4,62.5,2,4
12,1844,73,32.2,72.6,2,3
20,3000,405,48.5,83.0,4,4
2,528,175,24.1,43.0,0,2
0,457,318,45.1,79.2,0,0
4,979,382,31.2,64.0,2,2
3,788,70,22.0,58.2,1,2
18,2741,92,29.5,64.8,2,4
20,3000,66,34.6,60.7,3,4
10,1496,154,51.4,70.7,3,3
16,2341,124,35.0,66.0,3,3
2,800,45,32.9,73.0,2,2
16,2559,359,53.0,55.8,3,3
11,1819,456,13.0,61.8,1,2
5,1135,776,27.9,47.9,1,1
17,2608,718,15.4,75.1,2,2
14,2083,807,28.3,65.2,2,2
19,2775,913,34.3,50.4,3,2
14,2474,326,26.3,68.2,2,3
4,1098,409,18.6,54.9,1,2
5,1070,187,49.7,55.3,3,2
16,2688,14,23.0,57.6,2,4
11,2024,370,33.7,77.1,3,2
6,1440,98,29.1,70.4,2,3
2,565,763,43.1,64.7,2,0
16,2333,914,48.5,62.3,3,2
5,914,27,25.8,69.8,1,3
0,218,347,29.1,59.9,0,0
12,2035,92,40.6,53.3,2,3
11,1891,481,43.8,45.8,2,2
2,867,643,45.0,61.7,2,1
15,2278,727,39.9,53.9,3,2
18,2646,359,29.8,66.3,3,3
10,1501,346,32.4,53.1,1,2
0,200,984,25.5,83.0,0,0
5,825,45,40.6,70.6,2,3
1,557,118,19.7,58.4,1,2
16,2466,885,35.5,46.2,3,2
7,1202,707,26.5,72.6,1,1
18,2542,475,31.2,66.0,3,3
15,2316,914,33.1,83.0,3,2
0,216,482,33.5,66.6,0,0
10,1746,372,35.2,65.5,2,2
1,476,792,38.9,65.8,2,0
11,1935,920,30.9,60.8,2,1
4,991,321,38.2,68.0,2,2
4,1169,73,37.0,58.5,2,2
2,689,77,32.7,63.9,2,2
4,926,116,14.3,44.7,0,2
1,581,622,27.5,67.0,1,1
7,1192,860,21.6,47.9,1,1
20,2889,912,53.0,76.0,4,2
20,3000,237,29.4,52.7,2,4
13,2166,907,44.7,66.1,3,2
6,1336,71,38.5,51.0,1,3
16,2170,402,23.6,58.4,2,3
11,1619,586,26.1,59.2,2,2
16,2266,545,32.5,66.7,3,2
0,446,100,42.3,43.0,0,0
16,2300,754,47.4,78.8,4,2
10,1487,798,28.0,71.5,2,1
6,1018,825,23.0,68.6,1,1
16,2345,91,37.7,55.4,2,4
1,627,33,26.1,79.4,1,2
18,2821,78,22.3,67.4,2,4
12,2018,361,27.0,68.7,2,3
19,2825,503,23.0,67.4,2,3
17,2454,440,24.7,76.6,2,3
18,2910,801,39.4,67.7,3,2
4,945,387,25.2,74.3,1,2
19,2894,147,53.0,60.8,4,4
13,2008,909,31.1,43.0,2,1
18,2960,835,34.5,61.6,3,2
8,1597,558,36.0,64.9,2,2
4,668,507,30.5,53.8,1,1
0,713,0,35.6,69.1,0,0
5,1041,34,33.2,67.6,2,3
12,1731,974,45.9,62.6,3,1
15,2399,826,51.3,61.6,3,3
13,2237,839,38.0,52.4,2,2
6,1296,466,22.0,57.0,1,1
4,1067,140,32.7,66.9,2,2
18,2743,480,48.3,61.7,3,3
4,714,483,13.1,83.0,1,1
5,1155,427,45.1,54.2,2,2
13,2256,58,31.5,62.3,2,3
2,919,497,51.8,59.3,2,1
7,1401,61,21.9,82.4,2,3
11,2042,778,42.5,70.3,2,2
7,1121,42,43.3,59.9,2,3
12,2029,359,46.4,66.1,3,3
18,2710,70,32.1,65.1,3,4
4,939,67,32.9,62.8,2,2
13,2078,56,14.1,74.3,2,4
18,2958,121,35.4,50.7,3,4
11,1440,126,31.0,68.4,2,3
2,655,778,53.0,50.3,2,0
15,2294,71,28.7,63.0,2,4
6,1158,691,45.2,54.3,2,1
20,3000,458,20.4,52.1,2,3
14,2397,747,21.2,76.3,2,3
8,1515,512,23.1,56.6,1,2
18,2486,510,37.8,83.0,4,3
2,596,97,24.0,71.0,1,2
10,1630,727,28.6,70.6,2,1
6,1203,72,13.0,62.8,1,3
6,927,915,31.5,66.2,2,0
20,2912,857,25.3,60.3,3,2
4,842,132,22.0,74.7,1,2
4,955,434,38.0,59.9,2,1
6,1361,662,28.9,45.2,1,1
12,2091,76,40.0,52.1,2,3
13,1870,504,40.1,71.2,3,2
16,2627,380,32.2,43.0,2,3
18,2650,824,27.7,52.6,2,2
9,1321,949,36.2,69.8,2,1
11,1918,140,33.1,61.2,2,3
17,2649,136,24.9,50.4,2,4
17,2885,749,27.7,78.4,3,2
15,2346,879,21.7,67.4,2,2
12,1966,930,27.5,51.6,1,1
5,904,42,37.2,74.3,2,3
12,1916,796,53.0,57.8,3,1
20,2936,603,21.2,57.7,2,3
8,1339,282,30.5,61.7,2,2
15,2168,662,34.9,53.8,2,2
6,1073,760,53.0,83.0,3,1
14,2475,351,35.6,75.9,3,3
15,2053,946,45.1,60.8,3,1
6,1437,41,13.0,71.0,1,3
16,2500,42,46.9,55.2,3,4
16,2543,87,44.4,60.7,3,4
13,2038,853,34.7,47.5,2,2
6,1413,973,38.2,62.2,2,0
1,411,601,29.4,73.7,1,1
7,1334,471,34.3,68.6,2,2
14,2039,504,35.5,73.9,3,3
18,2805,596,37.4,52.6,3,3
6,1048,947,37.5,55.9,2,0
8,1539,441,18.1,75.1,1,2
11,1792,96,34.1,65.8,2,3
6,1427,897,41.1,52.3,2,1
18,2783,345,41.4,59.5,3,3
15,2253,98,27.7,62.6,3,4
12,2407,380,23.0,68.8,2,3
10,1796,350,13.0,67.9,1,2
9,1759,284,18.2,68.3,2,3
11,1974,78,43.4,83.0,3,3
13,2015,194,45.6,67.7,3,3
3,609,79,38.9,68.5,2,2
18,2539,61,40.8,61.4,3,4
11,1882,938,32.8,70.0,2,1
20,2885,915,18.7,62.8,2,2
6,1291,329,21.3,66.2,2,2
18,2840,586,21.3,54.6,2,3
15,2535,846,31.7,62.8,3,2
16,2616,107,39.8,61.9,3,4
12,1998,482,13.0,61.6,1,2
17,2730,833,34.8,81.5,3,2
11,1884,448,33.9,71.0,3,2
0,462,699,42.5,75.3,0,0
0,359,275,35.3,54.2,0,0
16,2989,754,40.0,60.0,3,2
6,1114,0,31.7,68.7,2,3
10,1363,391,35.5,59.0,2,2
8,1462,52,26.4,76.2,2,3
16,2441,42,27.0,67.5,2,4
13,2092,106,30.7,73.7,3,3
2,790,0,35.6,73.5,2,2
18,2704,112,21.5,79.7,3,4
7,1404,551,33.3,61.0,2,2
1,234,546,34.4,44.7,1,1
13,2037,39,25.3,50.3,1,3
7,1239,0,42.3,51.6,2,3
13,2005,100,31.8,68.3,2,3
12,1923,112,28.3,66.4,2,3
19,3000,570,44.7,80.5,4,3
20,2857,890,22.8,75.0,3,2
16,2532,29,28.3,63.7,2,4
1,437,771,21.8,45.0,0,0
14,2239,133,53.0,62.5,3,3
14,2160,87,32.3,67.4,3,4
0,419,260,39.5,71.8,0,0
15,2331,868,30.4,43.0,2,2
18,2791,456,32.5,73.6,3,3
10,1427,886,33.2,72.9,2,1
6,1143,937,28.9,56.3,1,0
13,2258,54,39.2,69.6,3,4
1,753,554,38.6,68.6,2,1
16,2437,908,47.8,83.0,4,2
19,2531,37,50.7,53.8,3,4
10,1523,103,15.6,52.7,1,3
20,2959,305,27.4,58.5,2,4
3,844,130,34.1,48.7,1,2
7,1438,693,49.1,58.8,3,1
5,896,878,13.0,69.0,1,1
